Date,Timestamp,Open,High,Low,Close,Volume
2015-04-01,00:00:00,3850.0,3996.0,3850.0,3881.2,7870
2015-04-06,00:00:00,3881.0,3958.95,3881.0,3898.8,10446
2015-04-07,00:00:00,3899.95,3899.95,3849.6,3864.35,1175
2015-04-08,00:00:00,3864.3,3925.0,3844.0,3862.3,4608
2015-04-09,00:00:00,3861.05,3925.0,3850.05,3911.15,3303
2015-04-10,00:00:00,3921.55,4117.95,3872.0,4031.9,8966
2015-04-13,00:00:00,4039.0,4050.05,3925.0,3961.9,1575
2015-04-15,00:00:00,3994.95,4000.0,3878.35,3904.95,2276
2015-04-16,00:00:00,3905.05,3938.0,3853.0,3875.0,1071
2015-04-17,00:00:00,3929.0,3929.0,3812.05,3840.9,1098
2015-04-20,00:00:00,3810.05,3845.8,3732.1,3746.1,1258
2015-04-21,00:00:00,3749.95,3843.1,3720.0,3794.85,1076
2015-04-22,00:00:00,3874.0,3874.0,3660.0,3709.15,1522
2015-04-23,00:00:00,3797.95,3800.15,3735.15,3759.7,757
2015-04-24,00:00:00,3754.35,3778.55,3640.0,3660.0,1244
2015-04-27,00:00:00,3715.0,3715.0,3575.0,3597.4,1235
2015-04-28,00:00:00,3674.8,3695.0,3603.0,3671.9,1084
2015-04-29,00:00:00,3698.95,3727.2,3610.0,3702.5,1585
2015-04-30,00:00:00,3679.0,3745.0,3651.55,3727.7,2823
2015-05-04,00:00:00,3675.3,3839.95,3675.3,3766.25,963
2015-05-05,00:00:00,3745.25,3799.9,3710.0,3741.85,929
2015-05-06,00:00:00,3731.1,3778.6,3685.3,3706.1,890
2015-05-07,00:00:00,3682.0,3708.95,3641.7,3668.75,803
2015-05-08,00:00:00,3699.9,3720.95,3672.0,3683.2,574
2015-05-11,00:00:00,3719.95,3719.95,3670.0,3687.25,6571
2015-05-12,00:00:00,3700.05,3719.9,3561.5,3626.25,2881
2015-05-13,00:00:00,3600.05,3650.0,3580.0,3624.35,8818
2015-05-14,00:00:00,3601.1,3629.85,3561.0,3574.1,2001
2015-05-15,00:00:00,3636.0,3639.85,3565.0,3580.35,9649
2015-05-18,00:00:00,3600.05,3639.9,3590.0,3600.05,1446
2015-05-19,00:00:00,3597.1,3625.0,3595.0,3602.9,1782
2015-05-20,00:00:00,3620.0,3629.15,3592.0,3603.55,3917
2015-05-21,00:00:00,3724.1,3730.0,3620.2,3676.3,19579
2015-05-22,00:00:00,3700.0,3905.05,3675.75,3861.4,11757
2015-05-25,00:00:00,3889.0,3889.0,3730.0,3776.7,4052
2015-05-26,00:00:00,3780.0,3824.15,3780.0,3791.6,904
2015-05-27,00:00:00,3825.0,3839.0,3760.95,3818.5,1300
2015-05-28,00:00:00,3819.95,3841.0,3752.0,3814.85,1046
2015-05-29,00:00:00,3799.95,3850.0,3799.95,3823.5,2351
2015-06-01,00:00:00,3876.0,3975.0,3801.05,3959.45,4315
2015-06-02,00:00:00,3920.0,3949.75,3868.0,3899.1,2823
2015-06-03,00:00:00,3856.3,3899.4,3760.0,3878.1,13943
2015-06-04,00:00:00,3848.05,3951.35,3786.05,3809.35,2007
2015-06-05,00:00:00,3799.9,3845.0,3794.65,3813.1,618
2015-06-08,00:00:00,3834.6,3884.4,3783.0,3799.65,783
2015-06-09,00:00:00,3814.25,3815.05,3776.95,3794.1,473
2015-06-10,00:00:00,3814.95,3900.0,3770.0,3800.35,1405
2015-06-11,00:00:00,3802.45,3853.2,3750.0,3771.45,858
2015-06-12,00:00:00,3752.95,3804.95,3752.95,3784.0,1304
2015-06-15,00:00:00,3751.0,3836.7,3751.0,3767.2,552
2015-06-16,00:00:00,3780.45,3819.95,3729.0,3748.75,965
2015-06-17,00:00:00,3750.0,3799.0,3716.1,3765.55,1041
2015-06-18,00:00:00,3748.15,3789.0,3715.0,3733.6,1467
2015-06-19,00:00:00,3745.05,3819.0,3745.05,3800.15,848
2015-06-22,00:00:00,3797.65,3800.0,3715.0,3779.6,979
2015-06-23,00:00:00,3798.85,3946.95,3790.1,3866.4,4670
2015-06-24,00:00:00,3915.0,3946.0,3790.95,3815.75,2584
2015-06-25,00:00:00,3800.0,3890.0,3751.2,3769.1,26986
2015-06-26,00:00:00,3758.0,3795.1,3733.0,3739.05,10909
2015-06-29,00:00:00,3725.0,3750.0,3612.25,3644.25,3592
2015-06-30,00:00:00,3689.85,3714.8,3660.0,3678.85,629
2015-07-01,00:00:00,3735.0,3775.0,3690.0,3702.2,1955
2015-07-02,00:00:00,3719.9,3815.0,3719.9,3793.5,3121
2015-07-03,00:00:00,3828.35,3840.0,3765.0,3801.65,2151
2015-07-06,00:00:00,3789.9,3880.0,3760.0,3760.4,13676
2015-07-07,00:00:00,3756.0,3816.95,3715.0,3739.85,2953
2015-07-08,00:00:00,3717.0,3793.8,3665.0,3694.6,9175
2015-07-09,00:00:00,3739.95,3770.05,3695.0,3731.55,45898
2015-07-10,00:00:00,3749.95,3755.0,3700.0,3731.05,1008
2015-07-13,00:00:00,3731.0,3920.0,3731.0,3767.35,33657
2015-07-14,00:00:00,3779.0,3816.0,3760.0,3775.7,7799
2015-07-15,00:00:00,3798.95,3799.0,3690.0,3702.5,5478
2015-07-16,00:00:00,3729.95,3749.9,3690.0,3698.95,4083
2015-07-17,00:00:00,3700.1,3744.6,3680.0,3687.45,3877
2015-07-20,00:00:00,3745.0,3745.0,3680.0,3688.6,2158
2015-07-21,00:00:00,3699.95,3710.0,3636.3,3646.85,2996
2015-07-22,00:00:00,3660.0,3685.0,3612.0,3627.7,2644
2015-07-23,00:00:00,3644.95,3670.25,3628.0,3636.7,2668
2015-07-24,00:00:00,3625.05,3654.55,3571.0,3579.0,15304
2015-07-27,00:00:00,3599.0,3600.0,3480.0,3493.45,5838
2015-07-28,00:00:00,3527.35,3570.0,3445.5,3457.65,4018
2015-07-29,00:00:00,3549.95,3567.0,3467.1,3522.35,2114
2015-07-30,00:00:00,3545.0,3569.9,3512.95,3522.05,2115
2015-07-31,00:00:00,3519.95,3600.0,3495.0,3569.45,8577
2015-08-03,00:00:00,3565.0,3636.0,3561.1,3572.25,6033
2015-08-04,00:00:00,3615.0,3630.0,3573.0,3587.8,4300
2015-08-05,00:00:00,3602.0,3875.0,3595.0,3765.65,35462
2015-08-06,00:00:00,3810.0,4191.2,3783.6,4037.35,50058
2015-08-07,00:00:00,4070.0,4085.0,3934.0,3954.85,8269
2015-08-10,00:00:00,3906.0,4064.8,3750.0,3773.9,24607
2015-08-11,00:00:00,3775.0,3775.0,3600.0,3656.95,7308
2015-08-12,00:00:00,3673.35,3739.75,3571.0,3607.85,4354
2015-08-13,00:00:00,3650.15,3680.05,3539.0,3551.45,3502
2015-08-14,00:00:00,3545.0,3629.95,3528.0,3544.35,4751
2015-08-17,00:00:00,3544.0,3588.4,3525.05,3559.7,2664
2015-08-18,00:00:00,3520.0,3625.0,3520.0,3572.25,2837
2015-08-19,00:00:00,3589.95,3600.0,3522.0,3536.4,2640
2015-08-20,00:00:00,3550.05,3590.0,3485.0,3493.85,3465
2015-08-21,00:00:00,3475.0,3479.2,3434.5,3446.55,5293
2015-08-24,00:00:00,3438.0,3438.0,3333.0,3380.3,11655
2015-08-25,00:00:00,3380.3,3499.95,3290.0,3451.35,6621
2015-08-26,00:00:00,3410.1,3490.0,3350.0,3353.05,24388
2015-08-27,00:00:00,3468.45,3514.95,3372.8,3500.5,2870
2015-08-28,00:00:00,3549.95,3549.95,3420.0,3439.3,33314
2015-08-31,00:00:00,3451.05,3540.0,3438.5,3525.4,48696
2015-09-01,00:00:00,3525.4,3540.0,3405.0,3509.9,6049
2015-09-02,00:00:00,3510.0,3513.6,3450.0,3471.3,997
2015-09-03,00:00:00,3489.45,3500.0,3450.0,3478.05,2003
2015-09-04,00:00:00,3468.45,3496.5,3298.05,3395.15,4538
2015-09-07,00:00:00,3336.85,3400.0,3301.0,3310.65,1617
2015-09-08,00:00:00,3342.15,3449.4,3310.0,3425.8,1938
2015-09-09,00:00:00,3492.9,3493.0,3351.05,3370.3,3281
2015-09-10,00:00:00,3350.05,3423.0,3325.35,3384.3,1403
2015-09-11,00:00:00,3410.0,3537.0,3387.4,3501.2,5960
2015-09-14,00:00:00,3510.05,3538.0,3485.0,3500.25,1032
2015-09-15,00:00:00,3475.0,3559.0,3470.05,3503.8,2130
2015-09-16,00:00:00,3507.95,3507.95,3430.0,3441.4,1283
2015-09-18,00:00:00,3487.8,3575.0,3475.0,3498.25,795
2015-09-21,00:00:00,3451.05,3500.0,3433.0,3458.5,1640
2015-09-22,00:00:00,3477.4,3500.05,3441.0,3454.2,2715
2015-09-23,00:00:00,3440.05,3475.0,3425.0,3449.3,1504
2015-09-24,00:00:00,3451.05,3489.0,3430.1,3445.0,831
2015-09-28,00:00:00,3450.0,3485.0,3434.95,3469.35,1274
2015-09-29,00:00:00,3460.05,3520.0,3439.0,3492.55,2147
2015-09-30,00:00:00,3497.0,3694.65,3495.0,3584.55,4610
2015-10-01,00:00:00,3649.0,3649.0,3570.1,3596.45,4001
2015-10-05,00:00:00,3623.95,3690.0,3577.75,3644.4,2524
2015-10-06,00:00:00,3625.3,3656.4,3553.2,3579.2,1031
2015-10-07,00:00:00,3580.0,3599.9,3540.1,3560.95,428
2015-10-08,00:00:00,3565.2,3589.95,3535.0,3548.55,825
2015-10-09,00:00:00,3550.45,3600.0,3530.0,3554.75,684
2015-10-12,00:00:00,3555.5,3613.95,3278.7,3501.8,7243
2015-10-13,00:00:00,3510.05,3549.95,3495.8,3540.65,1029
2015-10-14,00:00:00,3550.05,3565.0,3507.0,3525.0,1393
2015-10-15,00:00:00,3549.95,3580.0,3531.0,3565.15,940
2015-10-16,00:00:00,3570.0,3621.0,3565.0,3593.4,811
2015-10-19,00:00:00,3662.65,3662.65,3600.0,3625.3,978
2015-10-20,00:00:00,3648.9,3655.0,3600.0,3641.95,1149
2015-10-21,00:00:00,3600.4,3649.95,3598.65,3634.75,1363
2015-10-23,00:00:00,3605.0,3700.0,3605.0,3631.9,1384
2015-10-26,00:00:00,3650.0,3650.0,3581.0,3596.85,432
2015-10-27,00:00:00,3565.4,3610.0,3560.0,3573.3,765
2015-10-28,00:00:00,3630.0,3648.95,3540.0,3562.05,2754
2015-10-29,00:00:00,3619.4,3619.4,3500.0,3511.25,843
2015-10-30,00:00:00,3565.4,3599.0,3500.0,3571.15,1585
2015-11-02,00:00:00,3530.4,3586.4,3521.0,3539.2,1561
2015-11-03,00:00:00,3688.0,3734.0,3616.3,3701.0,13301
2015-11-04,00:00:00,3759.0,3759.0,3606.2,3620.75,1722
2015-11-05,00:00:00,3639.95,3645.0,3517.35,3557.1,1034
2015-11-06,00:00:00,3560.0,3619.95,3530.5,3549.35,1359
2015-11-09,00:00:00,3520.0,3608.95,3490.0,3595.3,1469
2015-11-10,00:00:00,3600.0,3668.95,3525.3,3556.35,831
2015-11-11,00:00:00,3670.0,3670.0,3566.25,3603.55,268
2015-11-13,00:00:00,3550.05,3639.95,3533.0,3553.5,859
2015-11-16,00:00:00,3549.9,3550.0,3500.0,3523.45,1088
2015-11-17,00:00:00,3530.0,3548.95,3510.0,3518.35,294
2015-11-18,00:00:00,3510.0,3534.9,3490.0,3500.75,474
2015-11-19,00:00:00,3500.0,3535.0,3470.0,3499.9,1135
2015-11-20,00:00:00,3499.0,3549.95,3425.0,3506.6,917
2015-11-23,00:00:00,3500.0,3540.0,3452.05,3483.7,791
2015-11-24,00:00:00,3470.0,3550.0,3450.0,3511.3,2030
2015-11-26,00:00:00,3511.0,3520.0,3475.0,3483.25,878
2015-11-27,00:00:00,3503.65,3519.0,3434.95,3456.05,1736
2015-11-30,00:00:00,3499.0,3514.0,3460.0,3486.85,1060
2015-12-01,00:00:00,3486.1,3534.95,3470.0,3510.55,1218
2015-12-02,00:00:00,3536.95,3536.95,3484.3,3499.05,1414
2015-12-03,00:00:00,3500.05,3515.9,3470.0,3482.9,370
2015-12-04,00:00:00,3500.0,3500.0,3465.0,3476.35,337
2015-12-07,00:00:00,3477.2,3525.0,3475.0,3511.1,593
2015-12-08,00:00:00,3520.0,3524.0,3448.0,3461.8,998
2015-12-09,00:00:00,3475.0,3475.0,3366.0,3395.9,1433
2015-12-10,00:00:00,3397.95,3462.0,3388.15,3458.85,1519
2015-12-11,00:00:00,3427.0,3467.0,3401.1,3436.65,3175
2015-12-14,00:00:00,3430.0,3450.0,3371.15,3396.05,933
2015-12-15,00:00:00,3455.0,3455.0,3390.0,3433.9,765
2015-12-16,00:00:00,3450.0,3465.95,3422.15,3423.65,694
2015-12-17,00:00:00,3415.9,3549.0,3405.55,3497.9,2432
2015-12-18,00:00:00,3497.0,3525.0,3415.05,3499.95,1173
2015-12-21,00:00:00,3520.0,3667.7,3452.0,3648.9,5824
2015-12-22,00:00:00,3660.0,3670.0,3561.05,3599.7,3660
2015-12-23,00:00:00,3590.0,3670.0,3580.0,3596.5,789
2015-12-24,00:00:00,3650.0,3650.0,3545.0,3558.65,762
2015-12-28,00:00:00,3562.0,3620.0,3559.0,3577.1,430
2015-12-29,00:00:00,3577.0,3622.0,3475.0,3521.55,1146
2015-12-30,00:00:00,3530.0,3949.4,3500.2,3790.75,39755
2015-12-31,00:00:00,3815.0,3929.0,3725.0,3890.15,33453
2016-01-01,00:00:00,3890.0,3890.0,3811.05,3823.75,3000
2016-01-04,00:00:00,3849.9,3849.9,3716.1,3736.95,3012
2016-01-05,00:00:00,3745.0,3772.0,3651.15,3693.35,2426
2016-01-06,00:00:00,3778.9,3778.9,3611.0,3645.15,2490
2016-01-07,00:00:00,3587.0,3675.0,3587.0,3605.2,1103
2016-01-08,00:00:00,3606.0,3635.0,3585.0,3609.0,1409
2016-01-11,00:00:00,3650.0,3650.0,3525.0,3545.6,1814
2016-01-12,00:00:00,3559.4,3590.0,3483.0,3496.95,1738
2016-01-13,00:00:00,3530.0,3569.9,3480.0,3490.1,3844
2016-01-14,00:00:00,3470.05,3531.85,3417.0,3510.8,1420
2016-01-15,00:00:00,3555.0,3582.0,3413.0,3426.0,2276
2016-01-18,00:00:00,3401.0,3488.5,3350.0,3385.65,8727
2016-01-19,00:00:00,3400.0,3500.05,3355.05,3440.65,2280
2016-01-20,00:00:00,3410.0,3470.7,3354.0,3426.75,2873
2016-01-21,00:00:00,3450.0,3450.0,3380.05,3394.4,632
2016-01-22,00:00:00,3405.0,3459.0,3380.0,3450.25,3062
2016-01-25,00:00:00,3493.9,3559.4,3421.0,3523.6,1217
2016-01-27,00:00:00,3524.0,3532.0,3455.05,3524.35,590
2016-01-28,00:00:00,3550.0,3550.0,3455.2,3498.9,544
2016-01-29,00:00:00,3500.0,3586.3,3467.0,3554.25,2060
2016-02-01,00:00:00,3500.0,3574.0,3478.0,3511.2,1445
2016-02-02,00:00:00,3526.8,3572.0,3425.0,3496.0,1447
2016-02-03,00:00:00,3500.0,3510.0,3425.0,3446.15,1002
2016-02-04,00:00:00,3700.0,3800.0,3457.0,3521.15,36937
2016-02-05,00:00:00,3540.0,3565.0,3465.1,3490.7,6021
2016-02-08,00:00:00,3595.4,3600.0,3475.0,3488.5,102326
2016-02-09,00:00:00,3490.0,3490.0,3440.0,3449.6,55899
2016-02-10,00:00:00,3440.0,3450.0,3370.0,3375.8,3927
2016-02-11,00:00:00,3375.8,3414.95,3217.0,3244.55,3666
2016-02-12,00:00:00,3260.05,3270.05,3060.1,3172.65,17847
2016-02-15,00:00:00,3249.4,3254.4,2934.5,3201.25,8629
2016-02-16,00:00:00,3200.0,3233.55,3178.45,3219.35,6376
2016-02-17,00:00:00,3220.0,3275.0,3116.0,3259.3,1330
2016-02-18,00:00:00,3294.0,3294.0,3196.0,3206.3,1319
2016-02-19,00:00:00,3229.85,3230.0,3132.0,3157.9,2167
2016-02-22,00:00:00,3140.6,3249.05,3140.6,3194.4,600
2016-02-23,00:00:00,3162.0,3210.05,3160.0,3167.75,1777
2016-02-24,00:00:00,3167.0,3190.0,3103.45,3168.45,988
2016-02-25,00:00:00,3185.9,3186.0,3100.0,3108.25,1554
2016-02-26,00:00:00,3111.6,3179.9,3031.45,3155.65,2327
2016-02-29,00:00:00,3199.0,3219.95,3115.95,3132.7,1249
2016-03-01,00:00:00,3179.2,3270.0,3160.05,3248.7,6016
2016-03-02,00:00:00,3201.05,3324.0,3201.05,3245.85,8618
2016-03-03,00:00:00,3248.0,3250.0,3230.0,3241.7,1239
2016-03-04,00:00:00,3242.0,3250.0,3224.0,3244.5,637
2016-03-08,00:00:00,3250.0,3250.0,3192.0,3198.8,1649
2016-03-09,00:00:00,3198.95,3199.0,3175.0,3187.65,430
2016-03-10,00:00:00,3239.95,3239.95,3175.0,3198.95,11157
2016-03-11,00:00:00,3190.0,3265.0,3176.05,3250.2,6387
2016-03-14,00:00:00,3250.0,3250.1,3217.95,3243.35,1115
2016-03-15,00:00:00,3248.15,3324.4,3244.65,3302.0,2130
2016-03-16,00:00:00,3340.0,3345.0,3261.0,3283.95,471
2016-03-17,00:00:00,3299.95,3300.0,3235.1,3252.8,1009
2016-03-18,00:00:00,3240.1,3292.95,3240.1,3262.45,591
2016-03-21,00:00:00,3297.95,3392.95,3275.0,3298.55,2515
2016-03-22,00:00:00,3350.0,3350.0,3268.0,3320.15,1689
2016-03-23,00:00:00,3345.35,3420.0,3300.0,3350.7,4270
2016-03-28,00:00:00,3360.0,3400.1,3292.05,3303.4,1071
2016-03-29,00:00:00,3307.5,3343.4,3235.75,3252.6,1547
2016-03-30,00:00:00,3324.0,3365.0,3257.85,3354.65,1718
2016-03-31,00:00:00,3354.0,3378.6,3300.05,3332.25,878
2016-04-01,00:00:00,3332.0,3410.0,3332.0,3398.45,1567
2016-04-04,00:00:00,3398.0,3425.0,3350.0,3418.45,1351
2016-04-05,00:00:00,3350.4,3439.0,3350.0,3402.15,1942
2016-04-06,00:00:00,3402.0,3440.0,3400.0,3428.8,1288
2016-04-07,00:00:00,3448.0,3450.0,3402.0,3430.2,480
2016-04-08,00:00:00,3400.0,3440.0,3399.0,3433.9,8037
2016-04-11,00:00:00,3450.0,3475.0,3415.0,3456.9,683
2016-04-12,00:00:00,3422.0,3550.0,3422.0,3517.35,1319
2016-04-13,00:00:00,3520.0,3584.0,3500.0,3555.35,2326
2016-04-18,00:00:00,3555.0,3600.0,3525.0,3553.25,1861
2016-04-20,00:00:00,3554.0,3623.0,3554.0,3611.55,1287
2016-04-21,00:00:00,3620.0,3640.0,3581.0,3601.4,1393
2016-04-22,00:00:00,3625.35,3625.35,3553.25,3597.3,465
2016-04-25,00:00:00,3560.0,3595.0,3525.75,3583.25,1364
2016-04-26,00:00:00,3526.4,3579.4,3526.4,3553.15,757
2016-04-27,00:00:00,3551.1,3595.0,3550.0,3574.85,622
2016-04-28,00:00:00,3574.0,3574.0,3508.0,3525.8,3671
2016-04-29,00:00:00,3540.0,3550.0,3525.0,3540.25,432
2016-05-02,00:00:00,3476.05,3537.95,3476.0,3488.3,559
2016-05-03,00:00:00,3475.0,3524.0,3450.0,3453.2,1468
2016-05-04,00:00:00,3456.45,3486.95,3410.0,3415.25,938
2016-05-05,00:00:00,3418.25,3474.0,3380.05,3397.8,932
2016-05-06,00:00:00,3370.0,3488.4,3370.0,3397.45,50966
2016-05-09,00:00:00,3424.0,3425.0,3380.0,3387.7,828
2016-05-10,00:00:00,3424.95,3425.0,3380.0,3386.55,728
2016-05-11,00:00:00,3360.0,3403.0,3360.0,3381.1,502
2016-05-12,00:00:00,3400.0,3520.0,3380.0,3489.4,2543
2016-05-13,00:00:00,3411.45,3426.4,3367.5,3380.25,2658
2016-05-16,00:00:00,3434.9,3470.0,3372.0,3393.5,1611
2016-05-17,00:00:00,3393.5,3443.95,3337.1,3372.75,1894
2016-05-18,00:00:00,3373.0,3415.0,3373.0,3389.0,527
2016-05-19,00:00:00,3389.0,3447.0,3389.0,3417.25,823
2016-05-20,00:00:00,3419.0,3445.0,3396.05,3401.3,676
2016-05-23,00:00:00,3405.15,3424.95,3344.0,3373.95,977
2016-05-24,00:00:00,3399.0,3439.0,3379.15,3414.45,1146
2016-05-25,00:00:00,3390.0,3479.2,3390.0,3462.9,1704
2016-05-26,00:00:00,3390.0,3411.3,3333.2,3391.65,8887
2016-05-27,00:00:00,3391.0,3434.0,3366.75,3372.55,2145
2016-05-30,00:00:00,3372.1,3419.0,3372.1,3395.85,1127
2016-05-31,00:00:00,3413.95,3445.0,3400.0,3432.2,1089
2016-06-01,00:00:00,3432.0,3432.0,3381.45,3394.95,1294
2016-06-02,00:00:00,3395.0,3734.0,3380.05,3619.5,24642
2016-06-03,00:00:00,3601.0,3778.7,3601.0,3656.45,5870
2016-06-06,00:00:00,3700.0,3700.0,3630.0,3650.3,1651
2016-06-07,00:00:00,3655.0,3690.0,3649.95,3655.3,1307
2016-06-08,00:00:00,3650.0,3668.95,3575.0,3598.85,2763
2016-06-09,00:00:00,3673.0,3673.0,3549.95,3560.85,1705
2016-06-10,00:00:00,3594.55,3595.8,3480.0,3490.95,1747
2016-06-13,00:00:00,3490.0,3500.0,3435.0,3446.6,2157
2016-06-14,00:00:00,3450.0,3500.0,3435.0,3466.7,1284
2016-06-15,00:00:00,3480.0,3501.0,3431.05,3465.3,2412
2016-06-16,00:00:00,3488.95,3488.95,3390.0,3429.25,8949
2016-06-17,00:00:00,3450.0,3485.0,3390.05,3398.8,2086
2016-06-20,00:00:00,3398.0,3400.0,3377.05,3389.0,1464
2016-06-21,00:00:00,3398.9,3635.9,3390.1,3508.05,8534
2016-06-22,00:00:00,3530.0,3628.9,3505.0,3521.55,15740
2016-06-23,00:00:00,3579.95,3675.0,3521.05,3629.9,12881
2016-06-24,00:00:00,3595.0,3618.8,3450.0,3585.2,3236
2016-06-27,00:00:00,3614.0,3733.0,3611.95,3716.8,7189
2016-06-28,00:00:00,3720.0,3749.0,3630.0,3692.85,6263
2016-06-29,00:00:00,3739.0,3739.0,3670.0,3681.5,4365
2016-06-30,00:00:00,3685.0,3720.0,3670.0,3692.75,4408
2016-07-01,00:00:00,3710.0,3940.0,3681.15,3861.95,27443
2016-07-04,00:00:00,3861.0,3933.9,3811.05,3873.45,11386
2016-07-05,00:00:00,3859.0,3886.95,3775.0,3811.95,3292
2016-07-07,00:00:00,3811.0,4049.4,3811.0,3896.9,20681
2016-07-08,00:00:00,3900.0,3949.0,3821.0,3838.55,3777
2016-07-11,00:00:00,3921.95,3970.0,3825.5,3845.6,5506
2016-07-12,00:00:00,3868.0,3868.0,3750.0,3785.85,11257
2016-07-13,00:00:00,3800.05,3837.9,3745.85,3752.35,2860
2016-07-14,00:00:00,3754.8,3820.0,3701.0,3764.7,2615
2016-07-15,00:00:00,3753.0,3792.95,3710.0,3719.75,1490
2016-07-18,00:00:00,3730.95,3849.0,3725.05,3809.05,3312
2016-07-19,00:00:00,3812.95,3813.0,3760.0,3768.3,1525
2016-07-20,00:00:00,3768.05,3787.95,3745.1,3767.15,1060
2016-07-21,00:00:00,3770.0,3799.95,3725.0,3738.8,1379
2016-07-22,00:00:00,3741.35,3775.0,3696.5,3715.45,1035
2016-07-25,00:00:00,3730.1,3772.5,3675.1,3695.1,2828
2016-07-26,00:00:00,3700.0,3760.0,3676.1,3699.8,5356
2016-07-27,00:00:00,3689.9,3770.0,3676.2,3694.4,2928
2016-07-28,00:00:00,3700.0,3730.0,3660.1,3683.15,1359
2016-07-29,00:00:00,3683.05,3705.6,3650.0,3693.1,17805
2016-08-01,00:00:00,3765.0,3779.95,3692.05,3718.45,8323
2016-08-02,00:00:00,3731.95,3732.0,3675.0,3685.1,1469
2016-08-03,00:00:00,3685.0,3710.0,3660.0,3698.2,3695
2016-08-04,00:00:00,3698.0,3899.0,3698.0,3775.35,8065
2016-08-05,00:00:00,3770.0,3832.05,3671.0,3694.45,17166
2016-08-08,00:00:00,3745.0,3859.55,3685.1,3839.1,16176
2016-08-09,00:00:00,3839.1,4009.95,3839.1,3894.9,30653
2016-08-10,00:00:00,3905.0,3922.0,3811.0,3822.2,2940
2016-08-11,00:00:00,3772.0,3844.0,3772.0,3799.05,3120
2016-08-12,00:00:00,3801.15,3839.95,3664.0,3701.6,5561
2016-08-16,00:00:00,3701.0,3754.05,3696.0,3706.7,1768
2016-08-17,00:00:00,3725.0,3728.15,3690.1,3700.3,2430
2016-08-18,00:00:00,3743.5,4141.0,3702.1,3888.0,97433
2016-08-19,00:00:00,3888.0,3989.4,3860.0,3887.0,14928
2016-08-22,00:00:00,3860.0,3875.5,3836.1,3849.75,6284
2016-08-23,00:00:00,3845.0,3865.0,3803.65,3846.7,5962
2016-08-24,00:00:00,3851.05,3950.0,3851.05,3938.5,9106
2016-08-25,00:00:00,3901.0,3980.0,3851.0,3861.45,7928
2016-08-26,00:00:00,3889.95,3900.0,3852.0,3856.15,5306
2016-08-29,00:00:00,3904.0,4137.0,3835.0,4087.5,133703
2016-08-30,00:00:00,4130.0,4220.0,4081.0,4161.85,45127
2016-08-31,00:00:00,4166.15,4189.0,4058.9,4084.15,15453
2016-09-01,00:00:00,4085.0,4139.0,4014.95,4030.65,8469
2016-09-02,00:00:00,4031.5,4179.9,4010.0,4097.85,13174
2016-09-06,00:00:00,4097.85,4304.0,4097.85,4253.4,24515
2016-09-07,00:00:00,4250.0,4475.0,4215.0,4392.4,35690
2016-09-08,00:00:00,4401.0,4434.4,4324.95,4354.05,10159
2016-09-09,00:00:00,4355.7,4420.0,4256.05,4304.05,13314
2016-09-12,00:00:00,4210.0,4285.0,4170.0,4186.6,9824
2016-09-14,00:00:00,4194.3,4340.0,4194.25,4303.1,7898
2016-09-15,00:00:00,4335.0,4465.0,4280.1,4370.6,18251
2016-09-16,00:00:00,4395.05,4440.0,4290.0,4337.15,6790
2016-09-19,00:00:00,4354.95,4385.0,4172.2,4335.55,5431
2016-09-20,00:00:00,4335.5,4344.0,4251.0,4256.3,5258
2016-09-21,00:00:00,4278.95,4371.8,4278.95,4295.75,4047
2016-09-22,00:00:00,4295.0,4400.05,4295.0,4388.5,7729
2016-09-23,00:00:00,4401.0,4450.4,4329.0,4342.0,11920
2016-09-26,00:00:00,4312.0,4395.45,4312.0,4325.7,2442
2016-09-27,00:00:00,4325.05,4360.3,4301.4,4309.3,4500
2016-09-28,00:00:00,4300.0,4349.9,4285.0,4308.95,5264
2016-09-29,00:00:00,4349.0,4371.95,3989.05,4104.5,15834
2016-09-30,00:00:00,4125.0,4187.95,4091.5,4132.1,7545
2016-10-03,00:00:00,4195.1,4250.0,4135.05,4161.05,13183
2016-10-04,00:00:00,4189.0,4499.0,4151.1,4425.45,48482
2016-10-05,00:00:00,4479.9,4575.0,4300.2,4534.7,30384
2016-10-06,00:00:00,4577.95,4702.8,4378.05,4399.15,52499
2016-10-07,00:00:00,4444.0,4455.05,4310.0,4318.7,21756
2016-10-10,00:00:00,4350.0,4460.0,4350.0,4388.25,14903
2016-10-13,00:00:00,4388.2,4400.0,4140.0,4233.2,33306
2016-10-14,00:00:00,4269.0,4275.95,4161.0,4190.3,15150
2016-10-17,00:00:00,4244.85,4259.9,4139.5,4167.95,13716
2016-10-18,00:00:00,4220.0,4230.0,4185.3,4208.5,12558
2016-10-19,00:00:00,4239.0,4248.65,4178.1,4195.7,11703
2016-10-20,00:00:00,4235.95,4320.0,4163.9,4271.55,16080
2016-10-21,00:00:00,4271.0,4377.0,4211.05,4352.1,16395
2016-10-24,00:00:00,4562.0,4600.0,4470.1,4556.9,73483
2016-10-25,00:00:00,4570.0,4666.5,4533.2,4604.05,33057
2016-10-26,00:00:00,4600.0,4650.05,4475.0,4504.6,20941
2016-10-27,00:00:00,4325.0,4340.0,4220.2,4250.2,24297
2016-10-28,00:00:00,4270.8,4303.95,4225.0,4275.8,10083
2016-11-01,00:00:00,4320.0,4350.2,4286.5,4298.85,7516
2016-11-02,00:00:00,4277.0,4290.0,4240.95,4272.05,13999
2016-11-03,00:00:00,4270.25,4325.55,4270.25,4316.45,16080
2016-11-04,00:00:00,4285.05,4310.0,4265.35,4285.7,19402
2016-11-07,00:00:00,4329.0,4329.0,4205.0,4229.4,6236
2016-11-08,00:00:00,4229.0,4229.0,4090.0,4105.6,9623
2016-11-09,00:00:00,3990.0,4089.9,3711.0,4061.05,9629
2016-11-10,00:00:00,4099.0,4199.0,4070.0,4099.0,4096
2016-11-11,00:00:00,4090.0,4090.0,3965.1,3982.35,5065
2016-11-15,00:00:00,3970.0,3970.0,3801.0,3911.7,9663
2016-11-16,00:00:00,3948.95,3949.0,3750.0,3777.85,5849
2016-11-17,00:00:00,3835.0,3835.0,3750.15,3765.85,3939
2016-11-18,00:00:00,3770.0,3844.0,3765.0,3796.4,3377
2016-11-21,00:00:00,3895.0,3895.0,3609.8,3640.25,5993
2016-11-22,00:00:00,3636.1,3749.0,3636.1,3697.85,4108
2016-11-23,00:00:00,3737.0,3839.95,3655.05,3817.85,5306
2016-11-24,00:00:00,3742.35,3950.0,3730.0,3909.45,16009
2016-11-25,00:00:00,3947.15,3947.15,3856.05,3908.85,2068
2016-11-28,00:00:00,3899.95,3950.0,3899.0,3923.65,1609
2016-11-29,00:00:00,3909.95,3910.0,3841.55,3859.9,4048
2016-11-30,00:00:00,3849.95,3947.0,3849.85,3897.1,2796
2016-12-01,00:00:00,3900.0,3900.05,3837.0,3850.75,2091
2016-12-02,00:00:00,3846.15,3880.05,3820.65,3829.85,2104
2016-12-05,00:00:00,3820.0,3880.05,3820.0,3860.6,1427
2016-12-06,00:00:00,3865.0,3925.0,3858.3,3864.75,3202
2016-12-07,00:00:00,3872.0,3950.05,3872.0,3889.35,5409
2016-12-08,00:00:00,3901.0,3963.85,3877.15,3934.3,3986
2016-12-09,00:00:00,3960.0,3980.0,3894.1,3899.25,4784
2016-12-12,00:00:00,3895.0,3940.0,3890.0,3905.65,1019
2016-12-13,00:00:00,3899.85,3914.95,3875.25,3908.2,1403
2016-12-14,00:00:00,3850.05,3967.5,3850.05,3910.15,2871
2016-12-15,00:00:00,3914.85,3975.0,3912.0,3961.35,1560
2016-12-16,00:00:00,3989.0,3989.0,3871.2,3900.9,3470
2016-12-19,00:00:00,3880.0,4037.5,3880.0,4005.7,4367
2016-12-20,00:00:00,4002.95,4025.0,3980.0,3999.0,1788
2016-12-21,00:00:00,4016.95,4016.95,3960.0,3974.0,3091
2016-12-22,00:00:00,3964.05,3970.0,3893.4,3903.9,1280
2016-12-23,00:00:00,3885.05,3935.0,3885.0,3926.1,898
2016-12-26,00:00:00,3921.0,3921.0,3820.7,3863.4,1362
2016-12-27,00:00:00,3885.0,3949.0,3870.0,3932.95,2243
2016-12-28,00:00:00,3930.0,3950.0,3922.5,3930.45,1174
2016-12-29,00:00:00,3908.05,3937.1,3908.05,3928.0,888
2016-12-30,00:00:00,3935.35,4004.95,3932.05,3975.35,2331
2017-01-02,00:00:00,3975.05,4004.15,3905.0,3934.7,3493
2017-01-03,00:00:00,3975.0,4074.0,3915.35,4027.2,7397
2017-01-04,00:00:00,4026.0,4060.0,4006.4,4024.2,4380
2017-01-05,00:00:00,4049.85,4049.9,4005.0,4007.55,3707
2017-01-06,00:00:00,4000.6,4000.6,3983.2,3987.6,3505
2017-01-09,00:00:00,4000.0,4000.0,3957.7,3968.65,1648
2017-01-10,00:00:00,3987.0,4000.0,3960.0,3989.05,2038
2017-01-11,00:00:00,3999.85,3999.9,3966.0,3980.6,2660
2017-01-12,00:00:00,3999.0,3999.0,3955.1,3966.0,1903
2017-01-13,00:00:00,3957.0,3983.15,3957.0,3974.4,816
2017-01-16,00:00:00,3961.1,4018.0,3950.1,3957.4,1824
2017-01-17,00:00:00,3959.95,3987.0,3931.05,3941.05,1386
2017-01-18,00:00:00,3977.0,3990.1,3895.0,3924.45,3842
2017-01-19,00:00:00,3958.75,3958.75,3897.0,3900.75,2172
2017-01-20,00:00:00,3900.75,3919.95,3880.0,3890.4,2186
2017-01-23,00:00:00,3898.0,3939.0,3812.2,3831.0,2510
2017-01-24,00:00:00,3827.0,3889.0,3827.0,3842.45,3456
2017-01-25,00:00:00,3849.0,3905.05,3840.0,3870.6,3283
2017-01-27,00:00:00,3851.8,3899.8,3851.1,3876.05,2180
2017-01-30,00:00:00,3858.05,3900.0,3840.05,3850.4,1539
2017-01-31,00:00:00,3880.0,3880.0,3820.25,3823.55,2463
2017-02-01,00:00:00,3826.9,3889.0,3820.1,3864.9,3112
2017-02-02,00:00:00,3845.6,3917.0,3831.1,3869.2,3365
2017-02-03,00:00:00,3879.95,3887.8,3838.75,3846.85,2558
2017-02-06,00:00:00,3860.0,3974.0,3773.7,3882.55,9383
2017-02-07,00:00:00,3851.1,3872.3,3814.95,3820.95,4448
2017-02-08,00:00:00,3823.05,3890.0,3801.5,3849.75,2932
2017-02-09,00:00:00,3835.25,3876.95,3835.25,3847.85,1541
2017-02-10,00:00:00,3866.0,3866.0,3820.0,3824.6,1985
2017-02-13,00:00:00,3843.6,3849.0,3785.0,3793.7,2398
2017-02-14,00:00:00,3800.05,3839.95,3755.0,3761.4,1783
2017-02-15,00:00:00,3756.0,3799.9,3690.05,3699.2,2677
2017-02-16,00:00:00,3699.8,3749.0,3685.0,3735.6,1305
2017-02-17,00:00:00,3750.0,3763.2,3701.25,3723.15,2125
2017-02-20,00:00:00,3697.0,3765.0,3690.0,3694.65,3271
2017-02-21,00:00:00,3685.0,3727.35,3666.3,3677.25,1974
2017-02-22,00:00:00,3699.0,3723.0,3665.3,3674.95,3635
2017-02-23,00:00:00,3676.0,3687.0,3650.0,3661.3,3310
2017-02-27,00:00:00,3675.0,3692.25,3660.0,3676.65,3879
2017-02-28,00:00:00,3685.95,3686.0,3657.0,3664.05,2911
2017-03-01,00:00:00,3675.05,3759.0,3665.05,3718.2,5168
2017-03-02,00:00:00,3712.05,3734.75,3679.0,3706.95,1876
2017-03-03,00:00:00,3703.0,3706.0,3679.0,3698.95,12533
2017-03-06,00:00:00,3704.55,3764.0,3704.55,3740.4,3108
2017-03-07,00:00:00,3780.0,3780.0,3720.0,3729.25,3769
2017-03-08,00:00:00,3759.4,3759.45,3722.35,3732.7,5280
2017-03-09,00:00:00,3744.95,3821.05,3720.0,3758.4,7284
2017-03-10,00:00:00,3791.25,3825.0,3741.05,3756.85,3434
2017-03-14,00:00:00,3756.85,3819.0,3750.0,3766.65,3824
2017-03-15,00:00:00,3790.0,3900.05,3759.05,3881.95,11719
2017-03-16,00:00:00,3898.25,3905.0,3858.0,3859.8,9365
2017-03-17,00:00:00,3892.05,3900.0,3839.4,3846.35,3230
2017-03-20,00:00:00,3859.6,3863.9,3798.75,3811.45,5352
2017-03-21,00:00:00,3838.7,3920.0,3810.0,3894.7,5249
2017-03-22,00:00:00,3851.05,4028.8,3847.0,3964.5,15031
2017-03-23,00:00:00,4028.0,4110.0,3955.0,4015.0,69598
2017-03-24,00:00:00,4016.05,4109.95,4016.05,4083.8,8851
2017-03-27,00:00:00,4084.0,4199.0,4059.1,4105.9,57468
2017-03-28,00:00:00,4143.55,4199.0,4042.0,4065.0,6446
2017-03-29,00:00:00,4089.95,4165.0,4066.1,4104.0,9590
2017-03-30,00:00:00,4081.3,4150.0,4061.0,4095.55,6258
2017-03-31,00:00:00,4175.0,4262.0,4066.05,4237.95,14452
2017-04-03,00:00:00,4239.05,4325.0,4215.05,4266.85,10862
2017-04-05,00:00:00,4290.0,4350.0,4284.1,4314.4,9275
2017-04-06,00:00:00,4270.3,4345.0,4270.3,4285.75,5509
2017-04-07,00:00:00,4252.5,4316.7,4252.5,4291.25,8736
2017-04-10,00:00:00,4310.0,4380.05,4275.1,4287.45,2984
2017-04-11,00:00:00,4319.95,4320.0,4280.0,4298.95,4331
2017-04-12,00:00:00,4309.95,4385.0,4240.0,4316.25,9512
2017-04-13,00:00:00,4340.0,4409.0,4311.05,4351.1,13522
2017-04-17,00:00:00,4399.4,4709.7,4390.65,4588.25,38655
2017-04-18,00:00:00,4632.95,4690.0,4470.0,4479.45,25279
2017-04-19,00:00:00,4500.0,4525.0,4430.0,4460.45,6667
2017-04-20,00:00:00,4500.0,4644.0,4471.2,4587.7,7226
2017-04-21,00:00:00,4592.6,4615.0,4466.0,4495.7,5686
2017-04-24,00:00:00,4539.0,4747.0,4512.05,4597.95,20554
2017-04-25,00:00:00,4595.95,4700.0,4571.65,4591.05,6977
2017-04-26,00:00:00,4597.55,4665.0,4465.5,4487.8,13528
2017-04-27,00:00:00,4531.95,4737.3,4519.65,4646.1,30270
2017-04-28,00:00:00,4689.7,4699.95,4566.0,4666.05,14028
2017-05-02,00:00:00,4699.05,4699.05,4501.0,4533.4,9573
2017-05-03,00:00:00,4587.85,4590.0,4485.0,4522.15,5019
2017-05-04,00:00:00,4502.15,4611.45,4391.5,4404.15,19021
2017-05-05,00:00:00,4460.0,4460.0,4233.1,4406.25,6667
2017-05-08,00:00:00,4446.25,4446.45,4388.2,4419.95,2747
2017-05-09,00:00:00,4400.05,4451.0,4397.1,4408.65,3977
2017-05-10,00:00:00,4444.25,4569.0,4412.35,4524.4,6072
2017-05-11,00:00:00,4480.0,4630.0,4480.0,4608.15,7296
2017-05-12,00:00:00,4608.1,4636.0,4535.0,4552.4,3909
2017-05-15,00:00:00,4619.95,4670.0,4550.05,4614.05,4275
2017-05-16,00:00:00,4566.05,4650.0,4564.1,4589.8,4467
2017-05-17,00:00:00,4500.0,4675.2,4500.0,4637.25,6320
2017-05-18,00:00:00,4599.95,4624.8,4515.1,4544.45,4500
2017-05-19,00:00:00,4586.9,4648.0,4490.0,4522.7,4190
2017-05-22,00:00:00,4599.0,4599.0,4451.15,4462.6,2424
2017-05-23,00:00:00,4493.1,4535.0,4316.5,4371.45,4562
2017-05-24,00:00:00,4388.05,4444.0,4351.1,4360.35,4432
2017-05-25,00:00:00,4336.55,4416.0,4336.55,4405.8,2897
2017-05-26,00:00:00,4377.4,4588.95,4377.4,4499.05,5362
2017-05-29,00:00:00,4476.85,4525.15,4465.0,4497.1,2381
2017-05-30,00:00:00,4483.9,4698.0,4455.0,4629.65,18428
2017-05-31,00:00:00,4655.05,4658.0,4610.0,4624.7,4394
2017-06-01,00:00:00,4650.0,4818.15,4640.0,4755.7,15356
2017-06-02,00:00:00,4760.0,4989.0,4756.05,4952.05,22647
2017-06-05,00:00:00,4988.0,5136.0,4958.05,5076.9,18306
2017-06-06,00:00:00,5070.0,5179.0,5031.0,5059.35,12467
2017-06-07,00:00:00,5015.0,5120.0,5015.0,5047.95,3363
2017-06-08,00:00:00,5077.95,5312.0,5035.0,5192.55,20188
2017-06-09,00:00:00,5199.95,5318.3,5144.95,5283.7,9615
2017-06-12,00:00:00,5290.0,5359.0,5151.0,5179.9,7556
2017-06-13,00:00:00,5276.0,5294.95,5190.0,5216.0,5205
2017-06-14,00:00:00,5216.0,5377.7,5210.0,5304.9,13478
2017-06-15,00:00:00,5339.0,5349.95,5190.1,5216.2,4866
2017-06-16,00:00:00,5221.3,5258.0,5190.1,5214.9,3767
2017-06-19,00:00:00,5214.0,5257.7,5125.0,5154.4,6728
2017-06-20,00:00:00,5150.0,5187.3,5061.0,5074.85,3865
2017-06-21,00:00:00,5011.0,5117.85,5011.0,5067.4,4718
2017-06-22,00:00:00,5129.7,5163.0,5030.0,5048.9,3643
2017-06-23,00:00:00,5135.0,5135.0,4925.0,4940.85,4138
2017-06-27,00:00:00,5040.0,5040.0,4835.65,4875.15,4356
2017-06-28,00:00:00,4810.0,5045.8,4810.0,4884.5,2454
2017-06-29,00:00:00,4883.6,4975.0,4868.05,4905.65,2122
2017-06-30,00:00:00,4940.0,5139.8,4864.0,5055.55,5268
2017-07-03,00:00:00,5099.55,5494.0,5060.05,5421.65,30277
2017-07-04,00:00:00,5470.0,5568.9,5405.05,5427.35,10224
2017-07-05,00:00:00,5469.95,5536.0,5360.1,5378.65,9717
2017-07-06,00:00:00,5365.0,5495.95,5297.3,5331.25,5053
2017-07-07,00:00:00,5320.0,5369.0,5301.0,5320.35,4194
2017-07-10,00:00:00,5400.0,5450.0,5365.0,5396.15,804
2017-07-11,00:00:00,5448.95,5448.95,5346.2,5374.1,2616
2017-07-12,00:00:00,5400.0,5410.0,5340.0,5361.1,1501
2017-07-13,00:00:00,5378.05,5378.05,5290.9,5313.6,3932
2017-07-14,00:00:00,5376.95,5376.95,5216.15,5281.85,3383
2017-07-17,00:00:00,5280.05,5393.95,5250.0,5354.6,3479
2017-07-18,00:00:00,5349.95,5349.95,5282.0,5289.9,4166
2017-07-19,00:00:00,5311.85,5469.95,5255.0,5380.5,7176
2017-07-20,00:00:00,5335.0,5401.0,5335.0,5347.05,2407
2017-07-21,00:00:00,5391.4,5391.4,5289.95,5297.75,1964
2017-07-24,00:00:00,5251.0,5348.95,5251.0,5291.35,1272
2017-07-25,00:00:00,5254.6,5325.0,5221.4,5245.75,2755
2017-07-26,00:00:00,5283.45,5300.0,5241.0,5275.6,29664
2017-07-27,00:00:00,5252.05,5599.0,5250.0,5524.05,15334
2017-07-28,00:00:00,5433.0,5893.75,5433.0,5754.3,48805
2017-07-31,00:00:00,5753.0,5990.0,5753.0,5913.5,20190
2017-08-01,00:00:00,5950.0,5989.0,5853.8,5900.7,6010
2017-08-02,00:00:00,5888.0,5910.0,5850.0,5874.25,3773
2017-08-03,00:00:00,5870.05,5910.0,5670.0,5793.85,6360
2017-08-04,00:00:00,5873.35,5873.4,5691.0,5834.1,3201
2017-08-07,00:00:00,5838.0,6045.0,5838.0,5891.85,29019
2017-08-08,00:00:00,5939.95,5939.95,5850.0,5895.2,8556
2017-08-09,00:00:00,5899.95,5975.0,5827.0,5884.45,3695
2017-08-10,00:00:00,5850.15,5897.2,5760.0,5809.7,8311
2017-08-11,00:00:00,5799.0,5889.0,5725.0,5807.05,4963
2017-08-14,00:00:00,5850.0,6275.0,5775.0,6176.25,21393
2017-08-16,00:00:00,6176.25,6430.0,6161.0,6184.95,12272
2017-08-17,00:00:00,6280.0,6280.0,6100.1,6127.55,7641
2017-08-18,00:00:00,6163.05,6250.0,6082.0,6129.5,6211
2017-08-21,00:00:00,6130.0,6221.4,6030.15,6058.25,4618
2017-08-22,00:00:00,6090.05,6118.05,5940.95,5950.45,12031
2017-08-23,00:00:00,6020.0,6150.0,5960.0,6096.55,4345
2017-08-24,00:00:00,6085.0,6157.85,6000.0,6006.6,5514
2017-08-28,00:00:00,6011.0,6270.0,6011.0,6130.3,4360
2017-08-29,00:00:00,6129.0,6168.0,6019.95,6038.5,3974
2017-08-30,00:00:00,6097.0,6144.0,6021.0,6064.75,1496
2017-08-31,00:00:00,6125.35,6139.85,6060.05,6101.25,2153
2017-09-01,00:00:00,6117.95,6248.7,6085.75,6140.85,4775
2017-09-04,00:00:00,6091.0,6190.0,6056.0,6074.6,5791
2017-09-05,00:00:00,6114.95,6215.0,6050.05,6061.5,6985
2017-09-06,00:00:00,6098.0,6098.0,6001.0,6034.85,2175
2017-09-07,00:00:00,6031.15,6119.85,6011.0,6023.85,5117
2017-09-08,00:00:00,6050.0,6059.95,6000.0,6014.4,2148
2017-09-11,00:00:00,6000.1,6100.0,6000.1,6059.8,10794
2017-09-12,00:00:00,6074.45,6100.0,6025.0,6064.65,26228
2017-09-13,00:00:00,6080.0,6100.0,5980.0,6040.2,9771
2017-09-14,00:00:00,6025.3,6080.0,6007.05,6018.55,3061
2017-09-15,00:00:00,6016.0,6075.0,5959.05,6011.95,5918
2017-09-18,00:00:00,6020.0,6074.15,5982.8,5994.9,3438
2017-09-19,00:00:00,6000.05,6189.0,6000.0,6029.7,12215
2017-09-20,00:00:00,6000.5,6139.5,6000.5,6015.5,8225
2017-09-21,00:00:00,6002.25,6065.0,5946.0,5988.95,5406
2017-09-22,00:00:00,5998.05,5998.05,5801.0,5812.6,15805
2017-09-25,00:00:00,5880.0,5880.0,5603.0,5641.1,4257
2017-09-26,00:00:00,5630.0,5849.0,5615.05,5825.55,8345
2017-09-27,00:00:00,5880.0,5880.0,5610.1,5658.15,6032
2017-09-28,00:00:00,5700.05,5739.75,5650.0,5701.65,1785
2017-09-29,00:00:00,5749.45,5789.0,5660.55,5700.3,17065
2017-10-03,00:00:00,5809.0,5809.0,5601.0,5626.0,4365
2017-10-04,00:00:00,5668.95,5724.85,5635.0,5643.7,2022
2017-10-05,00:00:00,5689.95,5739.0,5640.05,5679.85,1754
2017-10-06,00:00:00,5719.95,5850.0,5702.2,5821.05,5142
2017-10-09,00:00:00,5849.95,5850.0,5725.0,5792.25,2851
2017-10-10,00:00:00,5800.05,5839.0,5750.0,5801.0,1389
2017-10-11,00:00:00,5848.0,5927.0,5750.0,5801.8,5101
2017-10-12,00:00:00,5854.95,5858.0,5761.25,5836.95,2064
2017-10-13,00:00:00,5874.95,5874.95,5777.0,5799.25,4228
2017-10-16,00:00:00,5756.05,5925.95,5755.25,5860.45,4514
2017-10-17,00:00:00,5860.0,6080.05,5816.15,6053.4,5976
2017-10-18,00:00:00,6066.0,6098.45,5970.0,5986.0,2283
2017-10-23,00:00:00,6050.0,6069.5,5953.0,6043.15,3538
2017-10-24,00:00:00,6035.95,6050.0,5951.0,5965.45,2350
2017-10-25,00:00:00,5985.0,6025.05,5850.0,5864.45,2470
2017-10-26,00:00:00,5815.65,5978.0,5815.5,5861.6,2144
2017-10-27,00:00:00,5898.95,5944.55,5816.25,5858.5,2201
2017-10-30,00:00:00,5949.45,5999.95,5851.0,5939.05,2901
2017-10-31,00:00:00,5975.0,5995.0,5846.0,5855.3,6967
2017-11-01,00:00:00,5863.0,5995.0,5854.1,5941.35,3657
2017-11-02,00:00:00,5940.95,6024.95,5871.5,5904.3,2074
2017-11-03,00:00:00,5910.7,5939.95,5845.0,5862.85,2962
2017-11-06,00:00:00,5851.05,6015.0,5815.1,5993.75,6945
2017-11-07,00:00:00,5999.95,6100.05,5841.0,6057.4,16039
2017-11-08,00:00:00,6049.05,6074.0,5811.4,5867.25,6794
2017-11-09,00:00:00,5899.9,5899.9,5800.0,5819.8,2438
2017-11-10,00:00:00,5800.05,5844.0,5781.0,5788.3,1734
2017-11-13,00:00:00,5765.0,5819.95,5714.95,5804.6,3742
2017-11-14,00:00:00,5788.2,5835.0,5726.5,5775.6,3284
2017-11-15,00:00:00,5745.0,5799.95,5725.0,5745.85,3391
2017-11-16,00:00:00,5759.85,5798.95,5686.0,5704.25,1708
2017-11-17,00:00:00,5769.95,5819.95,5700.0,5713.8,2300
2017-11-20,00:00:00,5779.0,5779.9,5702.0,5715.95,1434
2017-11-21,00:00:00,5712.8,5872.1,5701.05,5820.25,2177
2017-11-22,00:00:00,5766.0,5837.25,5766.0,5807.25,1261
2017-11-23,00:00:00,5828.7,5834.0,5795.0,5803.9,5487
2017-11-24,00:00:00,5803.95,5820.0,5754.95,5805.65,2201
2017-11-27,00:00:00,5845.0,5845.0,5790.0,5805.2,3845
2017-11-28,00:00:00,5775.0,5840.0,5775.0,5802.35,1580
2017-11-29,00:00:00,5780.2,5916.0,5780.2,5808.4,1799
2017-11-30,00:00:00,5815.0,5830.0,5750.0,5796.35,2236
2017-12-01,00:00:00,5800.0,5820.8,5656.6,5683.4,3696
2017-12-04,00:00:00,5700.0,5735.0,5636.0,5673.45,1441
2017-12-05,00:00:00,5660.1,5739.8,5660.05,5683.2,2734
2017-12-06,00:00:00,5704.95,5717.75,5680.0,5699.75,1656
2017-12-07,00:00:00,5700.05,5735.0,5682.5,5711.85,3235
2017-12-08,00:00:00,5719.0,5758.8,5700.0,5746.3,985
2017-12-11,00:00:00,5672.1,5789.0,5672.1,5703.35,2006
2017-12-12,00:00:00,5661.95,5949.0,5661.95,5861.95,2881
2017-12-13,00:00:00,5859.0,5910.05,5800.0,5802.2,3341
2017-12-14,00:00:00,5831.0,5848.45,5760.0,5801.15,3188
2017-12-15,00:00:00,5868.05,5908.95,5808.6,5834.35,1551
2017-12-18,00:00:00,5850.0,5850.0,5765.4,5794.4,2862
2017-12-19,00:00:00,5762.2,5929.95,5762.2,5812.15,2868
2017-12-20,00:00:00,5805.55,5839.95,5780.0,5801.3,2951
2017-12-21,00:00:00,5848.0,5890.0,5770.0,5808.0,2888
2017-12-22,00:00:00,5840.0,5854.0,5800.0,5804.35,2775
2017-12-26,00:00:00,5822.35,5984.0,5817.1,5936.4,9991
2017-12-27,00:00:00,5995.0,5995.0,5880.0,5897.75,2537
2017-12-28,00:00:00,5919.95,5965.0,5840.0,5849.0,2384
2017-12-29,00:00:00,5897.05,5919.95,5814.65,5840.5,1106
2018-01-01,00:00:00,5898.85,5944.95,5815.0,5856.45,1742
2018-01-02,00:00:00,5900.0,5900.0,5800.0,5804.6,1820
2018-01-03,00:00:00,5815.05,5839.95,5800.0,5803.55,1158
2018-01-04,00:00:00,5820.05,5975.0,5801.25,5951.95,14312
2018-01-05,00:00:00,5963.0,6599.0,5912.0,6508.25,59217
2018-01-08,00:00:00,6549.0,6619.0,6425.0,6492.0,12656
2018-01-09,00:00:00,6450.0,6505.0,6400.0,6470.9,6979
2018-01-10,00:00:00,6401.0,6499.0,6350.0,6380.75,2588
2018-01-11,00:00:00,6390.0,6444.0,6375.05,6385.45,1727
2018-01-12,00:00:00,6387.05,6478.0,6352.0,6428.35,3151
2018-01-15,00:00:00,6420.0,6450.0,6296.0,6396.0,6995
2018-01-16,00:00:00,6396.35,6415.55,6270.0,6288.35,5043
2018-01-17,00:00:00,6288.0,6288.0,6180.0,6233.9,3320
2018-01-18,00:00:00,6248.05,6318.95,6030.0,6081.35,4407
2018-01-19,00:00:00,6080.0,6160.0,6050.0,6116.9,2141
2018-01-22,00:00:00,6120.0,6249.9,6045.1,6226.15,5641
2018-01-23,00:00:00,6226.15,6273.9,6181.95,6210.45,3298
2018-01-24,00:00:00,6200.0,6250.0,6170.1,6205.15,4403
2018-01-25,00:00:00,6215.0,6230.0,6161.0,6205.05,2252
2018-01-29,00:00:00,6239.0,6249.8,6200.0,6203.5,4722
2018-01-30,00:00:00,6175.0,6305.45,6096.6,6104.85,4638
2018-01-31,00:00:00,6100.0,6196.95,6000.1,6023.05,2502
2018-02-01,00:00:00,6041.55,6132.9,5921.0,6096.85,18714
2018-02-02,00:00:00,5953.05,6100.0,5750.0,5799.65,8205
2018-02-05,00:00:00,5625.0,5783.95,5616.0,5714.3,24252
2018-02-06,00:00:00,5405.0,5740.0,5405.0,5717.05,4534
2018-02-07,00:00:00,5755.0,5821.0,5651.05,5680.75,13114
2018-02-08,00:00:00,5735.0,5793.95,5672.15,5724.35,1788
2018-02-09,00:00:00,5688.0,5800.0,5600.05,5738.3,2041
2018-02-12,00:00:00,5774.55,5910.7,5750.0,5862.65,1903
2018-02-14,00:00:00,5910.0,5945.45,5880.0,5902.5,2137
2018-02-15,00:00:00,5883.75,5940.05,5861.0,5884.2,1431
2018-02-16,00:00:00,5930.0,5943.0,5851.0,5865.85,2170
2018-02-19,00:00:00,5875.0,6090.0,5800.1,6047.5,14979
2018-02-20,00:00:00,6089.75,6181.9,6001.0,6074.4,12139
2018-02-21,00:00:00,6100.0,6130.05,5953.0,6022.35,8559
2018-02-22,00:00:00,6049.95,6060.85,6000.1,6027.05,1530
2018-02-23,00:00:00,6030.95,6250.0,6006.35,6180.8,12170
2018-02-26,00:00:00,6300.0,6495.0,6200.0,6392.9,16341
2018-02-27,00:00:00,6418.95,6549.0,6390.0,6427.75,5237
2018-02-28,00:00:00,6352.0,6825.0,6315.0,6778.6,21607
2018-03-01,00:00:00,6726.0,6841.6,6650.0,6665.8,8933
2018-03-05,00:00:00,6665.8,6686.0,6512.1,6585.15,5821
2018-03-06,00:00:00,6621.95,6639.85,6450.0,6470.2,8159
2018-03-07,00:00:00,6450.1,6470.95,6270.0,6294.25,6895
2018-03-08,00:00:00,6311.0,6535.0,6200.0,6477.65,8539
2018-03-09,00:00:00,6509.0,6580.0,6389.0,6428.85,4160
2018-03-12,00:00:00,6492.05,6544.9,6382.05,6424.85,2864
2018-03-13,00:00:00,6400.0,6564.0,6321.2,6453.25,4652
2018-03-14,00:00:00,6409.8,6520.0,6401.0,6415.3,1987
2018-03-15,00:00:00,6422.1,6950.6,6420.0,6836.15,22714
2018-03-16,00:00:00,6850.0,6964.8,6705.0,6897.55,10720
2018-03-19,00:00:00,6897.55,6899.0,6600.0,6633.1,5661
2018-03-20,00:00:00,6639.3,6800.0,6521.6,6595.3,7472
2018-03-21,00:00:00,6601.0,6778.0,6601.0,6613.45,6217
2018-03-22,00:00:00,6640.05,6660.0,6510.0,6574.8,5674
2018-03-23,00:00:00,6501.5,6705.0,6390.0,6609.5,13223
2018-03-26,00:00:00,6550.15,6740.0,6510.0,6699.7,7518
2018-03-27,00:00:00,6750.0,6875.0,6626.65,6763.8,11502
2018-03-28,00:00:00,6731.1,6950.6,6610.1,6906.35,11456
2018-04-02,00:00:00,6960.0,7239.0,6900.0,7201.25,17000
2018-04-03,00:00:00,7200.0,7448.0,7120.2,7386.3,10934
2018-04-04,00:00:00,7350.0,7640.0,7341.0,7378.05,17821
2018-04-05,00:00:00,7415.0,7539.0,7375.0,7450.0,5572
2018-04-06,00:00:00,7454.9,7830.0,7450.0,7616.9,15847
2018-04-09,00:00:00,7616.9,7700.0,7525.0,7582.9,8532
2018-04-10,00:00:00,7609.0,7630.0,7499.0,7560.65,7100
2018-04-11,00:00:00,7600.0,7757.0,7515.1,7622.2,6757
2018-04-12,00:00:00,7621.95,7657.95,7525.0,7564.6,5357
2018-04-13,00:00:00,7611.0,7724.0,7530.1,7579.05,8598
2018-04-16,00:00:00,7590.0,7623.7,7520.0,7546.15,3033
2018-04-17,00:00:00,7598.45,7598.45,7460.0,7501.55,3154
2018-04-18,00:00:00,7550.0,7550.0,7411.1,7449.45,3299
2018-04-19,00:00:00,7438.55,7590.9,7365.5,7431.85,5252
2018-04-20,00:00:00,7420.0,7490.0,7375.0,7408.35,3769
2018-04-23,00:00:00,7350.25,7551.0,7329.0,7518.7,4627
2018-04-24,00:00:00,7510.85,8080.0,7510.85,7982.6,24613
2018-04-25,00:00:00,7925.0,8275.0,7925.0,7967.65,22872
2018-04-26,00:00:00,7950.55,8150.0,7880.0,7931.65,6226
2018-04-27,00:00:00,7911.0,8091.65,7820.25,7978.05,7239
2018-04-30,00:00:00,8047.95,8500.9,7980.05,8421.9,26567
2018-05-02,00:00:00,8506.0,8888.0,8499.95,8648.4,20134
2018-05-03,00:00:00,8659.95,8675.0,8505.1,8577.85,10376
2018-05-04,00:00:00,8600.0,8647.45,8525.0,8591.05,5878
2018-05-07,00:00:00,8645.0,9065.0,8554.0,8995.95,29324
2018-05-08,00:00:00,9130.0,9265.0,9072.15,9165.4,23120
2018-05-09,00:00:00,9175.0,9383.55,9106.0,9249.9,13514
2018-05-10,00:00:00,9300.0,9349.95,8948.0,8988.25,9262
2018-05-11,00:00:00,9078.15,9100.0,8951.0,8995.75,9463
2018-05-14,00:00:00,9000.0,9000.0,8750.0,8806.75,5784
2018-05-15,00:00:00,8820.45,8949.0,8577.0,8717.45,7995
2018-05-16,00:00:00,8614.7,9088.0,8603.3,8971.8,10255
2018-05-17,00:00:00,9049.0,9049.0,8850.0,8902.1,3208
2018-05-18,00:00:00,8902.1,8908.05,8700.0,8718.95,3399
2018-05-21,00:00:00,8660.0,8749.95,8410.0,8424.8,6205
2018-05-22,00:00:00,8410.0,8500.0,8300.05,8440.45,7518
2018-05-23,00:00:00,8440.0,8500.0,8225.0,8291.0,7977
2018-05-24,00:00:00,8360.0,8398.0,8075.0,8133.35,7770
2018-05-25,00:00:00,8133.35,8260.0,8084.05,8244.5,9720
2018-05-28,00:00:00,8240.0,8760.0,7955.1,8645.05,20288
2018-05-29,00:00:00,8602.05,8610.05,8415.25,8486.75,5030
2018-05-30,00:00:00,8530.0,8530.0,8335.0,8400.0,3981
2018-05-31,00:00:00,8351.25,8450.0,8130.3,8190.75,6502
2018-06-01,00:00:00,8200.0,8285.0,8030.1,8120.3,6625
2018-06-04,00:00:00,8200.0,8250.0,7830.0,7912.75,6751
2018-06-05,00:00:00,7842.1,7951.0,7615.0,7722.6,9289
2018-06-06,00:00:00,7769.0,7899.95,7651.0,7859.3,6542
2018-06-07,00:00:00,7812.0,8188.0,7812.0,8045.95,8813
2018-06-08,00:00:00,8108.0,8249.0,7961.1,8197.5,5454
2018-06-11,00:00:00,8200.0,8426.55,8112.0,8218.65,12777
2018-06-12,00:00:00,8225.05,8380.0,8122.0,8333.25,6924
2018-06-13,00:00:00,8371.6,8420.0,8200.0,8258.4,3631
2018-06-14,00:00:00,8220.0,8360.0,8210.0,8228.5,3693
2018-06-15,00:00:00,8200.0,8270.0,7965.5,8073.5,5541
2018-06-18,00:00:00,8018.65,8156.0,7982.3,8019.6,1978
2018-06-19,00:00:00,7980.45,8040.0,7850.0,7881.6,3161
2018-06-20,00:00:00,7971.65,7971.65,7806.0,7841.3,4011
2018-06-21,00:00:00,7841.3,7892.9,7800.0,7851.9,1668
2018-06-22,00:00:00,7850.0,7949.95,7825.0,7900.45,3353
2018-06-25,00:00:00,7974.0,7987.0,7851.05,7874.3,1678
2018-06-26,00:00:00,7801.0,7892.0,7717.0,7844.2,3645
2018-06-27,00:00:00,7878.0,7987.0,7665.0,7728.85,3535
2018-06-28,00:00:00,7702.05,7740.0,7550.05,7588.05,4081
2018-06-29,00:00:00,7620.0,7824.0,7610.0,7800.0,3996
2018-07-02,00:00:00,7819.95,7819.95,7675.05,7705.5,2087
2018-07-03,00:00:00,7776.75,7776.75,7632.0,7657.65,3264
2018-07-04,00:00:00,7698.95,7872.85,7660.0,7809.7,2677
2018-07-05,00:00:00,7800.05,8114.8,7800.0,7885.3,6908
2018-07-06,00:00:00,7950.0,7973.3,7800.25,7823.25,2961
2018-07-09,00:00:00,7823.25,8025.0,7823.25,7979.4,2872
2018-07-10,00:00:00,7925.05,8290.0,7925.05,8237.7,9639
2018-07-11,00:00:00,8283.95,8449.0,8170.0,8260.65,8874
2018-07-12,00:00:00,8251.05,8400.0,8175.65,8195.65,4003
2018-07-13,00:00:00,8221.0,8260.0,8075.0,8168.8,2191
2018-07-16,00:00:00,8168.8,8199.0,7950.0,7992.2,1942
2018-07-17,00:00:00,7988.1,8048.0,7856.1,8015.2,4211
2018-07-18,00:00:00,8100.0,8120.9,7782.0,7819.95,3866
2018-07-19,00:00:00,7820.05,7860.0,7680.15,7755.25,2697
2018-07-20,00:00:00,7711.05,7828.6,7700.15,7757.5,1979
2018-07-23,00:00:00,7849.85,7878.8,7511.0,7800.85,17164
2018-07-24,00:00:00,7752.4,7830.0,7725.0,7787.35,3782
2018-07-25,00:00:00,7790.0,7819.8,7701.0,7742.75,1694
2018-07-26,00:00:00,7707.0,7800.0,7655.15,7696.75,3033
2018-07-27,00:00:00,7720.05,7784.0,7651.6,7665.1,1634
2018-07-30,00:00:00,7700.05,7714.0,7601.0,7692.8,1465
2018-07-31,00:00:00,7660.05,7771.9,7575.05,7639.15,3803
2018-08-01,00:00:00,7600.0,7735.15,7532.0,7576.2,5335
2018-08-02,00:00:00,7568.35,7580.85,7316.1,7496.7,22473
2018-08-03,00:00:00,7510.0,7594.0,7500.0,7571.1,4222
2018-08-06,00:00:00,7575.0,7631.05,7500.0,7549.95,3651
2018-08-07,00:00:00,7549.95,7576.4,7411.0,7436.9,3883
2018-08-08,00:00:00,7438.45,7507.0,7280.0,7314.15,6647
2018-08-09,00:00:00,7325.05,7420.0,7231.0,7308.3,5612
2018-08-10,00:00:00,7378.0,7378.0,7140.0,7156.8,6445
2018-08-13,00:00:00,7156.8,7268.9,7116.7,7186.8,3206
2018-08-14,00:00:00,7238.0,7238.0,7060.0,7145.0,4412
2018-08-16,00:00:00,7145.0,7173.0,7010.15,7036.55,4807
2018-08-17,00:00:00,7095.15,7138.85,7053.0,7088.25,4189
2018-08-20,00:00:00,7135.0,7370.0,7075.2,7323.65,8079
2018-08-21,00:00:00,7321.7,7370.0,7230.0,7272.15,4046
2018-08-23,00:00:00,7320.0,7380.0,6950.0,7175.75,11218
2018-08-24,00:00:00,7250.0,7250.0,7101.1,7176.5,2549
2018-08-27,00:00:00,7265.0,7265.0,7142.9,7170.3,2556
2018-08-28,00:00:00,7223.95,7320.05,7160.25,7239.3,4851
2018-08-29,00:00:00,7280.0,7308.0,7161.0,7217.35,12875
2018-08-30,00:00:00,7249.0,7249.0,7161.0,7191.7,2339
2018-08-31,00:00:00,7225.0,7225.0,7163.0,7194.55,5612
2018-09-03,00:00:00,7240.0,7240.0,7161.0,7184.75,5432
2018-09-04,00:00:00,7250.0,7250.0,7000.0,7033.35,7420
2018-09-05,00:00:00,7035.55,7100.0,6950.0,7076.5,6180
2018-09-06,00:00:00,7078.0,7125.0,6990.0,7046.8,21247
2018-09-07,00:00:00,7097.6,7120.0,7010.75,7075.7,4444
2018-09-10,00:00:00,7000.05,7250.0,7000.05,7094.5,9948
2018-09-11,00:00:00,7189.9,7189.9,6990.0,7032.5,4557
2018-09-12,00:00:00,7000.0,7031.95,6957.45,7003.6,3543
2018-09-14,00:00:00,7002.0,7063.7,7002.0,7042.6,2479
2018-09-17,00:00:00,7046.4,7099.95,7027.0,7052.3,4948
2018-09-18,00:00:00,7040.0,7100.0,7000.0,7009.35,2012
2018-09-19,00:00:00,7010.0,7050.0,6955.0,6999.75,3672
2018-09-21,00:00:00,7048.0,7048.0,6712.0,6779.3,6919
2018-09-24,00:00:00,6780.0,6803.65,6500.0,6526.25,8814
2018-09-25,00:00:00,6526.25,6689.95,6425.0,6530.35,6160
2018-09-26,00:00:00,6590.0,6733.2,6490.0,6688.85,5019
2018-09-27,00:00:00,6700.0,6700.0,6412.0,6441.15,10707
2018-09-28,00:00:00,6451.0,6541.15,6110.0,6211.85,9155
2018-10-01,00:00:00,6249.85,6370.0,5972.0,6208.05,12205
2018-10-03,00:00:00,6210.0,6365.0,6160.05,6252.6,4030
2018-10-04,00:00:00,6150.0,6230.0,6001.1,6154.4,7188
2018-10-05,00:00:00,6100.0,6249.8,5972.95,6001.5,4902
2018-10-08,00:00:00,6088.0,6088.0,5805.0,5848.8,10415
2018-10-09,00:00:00,5900.2,5910.0,5750.0,5786.6,6634
2018-10-10,00:00:00,5810.0,5949.95,5733.15,5880.85,10084
2018-10-11,00:00:00,5734.0,5856.2,5672.05,5688.2,12632
2018-10-12,00:00:00,5728.9,5850.05,5720.0,5763.0,7309
2018-10-15,00:00:00,5790.3,5820.0,5723.2,5738.35,4067
2018-10-16,00:00:00,5799.0,5940.0,5760.0,5814.85,7166
2018-10-17,00:00:00,6155.0,6280.05,5901.0,5925.45,46230
2018-10-19,00:00:00,5992.0,6140.0,5875.0,6065.85,24657
2018-10-22,00:00:00,6186.0,6250.0,6109.95,6138.15,9484
2018-10-23,00:00:00,5799.0,5858.0,5700.0,5777.7,14800
2018-10-24,00:00:00,5874.0,5874.0,5740.0,5758.2,4542
2018-10-25,00:00:00,5720.0,5750.0,5625.0,5667.85,6699
2018-10-26,00:00:00,5740.0,5740.0,5590.0,5608.0,4852
2018-10-29,00:00:00,5674.95,5675.0,5567.0,5615.5,3466
2018-10-30,00:00:00,5625.0,5888.0,5620.0,5636.3,5906
2018-10-31,00:00:00,5681.4,5800.0,5600.5,5761.05,3222
2018-11-01,00:00:00,5828.95,5840.0,5710.05,5816.55,2742
2018-11-02,00:00:00,5816.55,5975.55,5762.1,5946.9,5893
2018-11-05,00:00:00,6000.0,6000.0,5850.0,5873.4,1788
2018-11-06,00:00:00,5875.05,5895.95,5800.0,5811.85,4514
2018-11-09,00:00:00,5955.0,5955.0,5850.0,5884.7,3068
2018-11-12,00:00:00,5870.0,5971.75,5807.05,5826.6,3934
2018-11-13,00:00:00,5770.1,6220.0,5770.1,6154.3,62697
2018-11-14,00:00:00,6199.0,6199.0,5980.0,5995.9,5435
2018-11-15,00:00:00,5950.0,6080.0,5945.65,5958.9,2287
2018-11-16,00:00:00,5958.9,6014.0,5950.0,5987.35,1151
2018-11-19,00:00:00,5975.0,5998.8,5901.0,5929.25,1908
2018-11-20,00:00:00,5892.0,5980.0,5870.0,5904.8,1863
2018-11-21,00:00:00,5972.3,5972.3,5880.0,5926.4,31202
2018-11-22,00:00:00,5903.55,5989.0,5903.55,5930.35,842
2018-11-26,00:00:00,5988.0,5988.0,5841.15,5854.3,1841
2018-11-27,00:00:00,5854.2,5869.95,5807.0,5835.15,1696
2018-11-28,00:00:00,5810.0,5862.0,5790.0,5802.1,2355
2018-11-29,00:00:00,5765.0,5874.9,5765.0,5822.85,1364
2018-11-30,00:00:00,5800.05,5910.15,5800.05,5834.05,1381
2018-12-03,00:00:00,5895.0,5895.0,5771.35,5817.2,2035
2018-12-04,00:00:00,5789.45,5833.0,5760.0,5783.15,2398
2018-12-05,00:00:00,5775.0,5801.0,5737.0,5768.7,2099
2018-12-06,00:00:00,5722.2,5768.0,5702.0,5753.6,2106
2018-12-07,00:00:00,5750.05,5751.1,5670.0,5699.85,3254
2018-12-10,00:00:00,5651.05,5660.4,5590.0,5604.6,3308
2018-12-11,00:00:00,5625.0,5667.0,5575.0,5618.7,2922
2018-12-12,00:00:00,5650.0,5830.4,5601.15,5776.15,3408
2018-12-13,00:00:00,5776.2,5833.6,5712.5,5802.15,3926
2018-12-14,00:00:00,5811.0,5818.95,5740.35,5804.7,1369
2018-12-17,00:00:00,5781.95,5810.0,5770.0,5778.15,5123
2018-12-18,00:00:00,5752.5,5752.5,5720.0,5738.5,1895
2018-12-19,00:00:00,5723.5,5830.0,5723.5,5770.6,2756
2018-12-20,00:00:00,5772.1,5824.95,5750.0,5774.25,3670
2018-12-21,00:00:00,5755.0,5800.0,5751.0,5772.45,1417
2018-12-24,00:00:00,5772.45,5800.0,5712.0,5775.3,1436
2018-12-26,00:00:00,5780.0,5780.0,5702.0,5715.15,1215
2018-12-27,00:00:00,5746.55,5780.0,5700.0,5715.9,690
2018-12-28,00:00:00,5731.55,5767.75,5666.0,5742.85,2079
2018-12-31,00:00:00,5712.0,5774.8,5700.0,5738.8,1052
2019-01-01,00:00:00,5740.6,5804.4,5710.0,5761.15,2173
2019-01-02,00:00:00,5820.0,5820.0,5710.05,5714.9,760
2019-01-03,00:00:00,5720.45,5744.95,5680.0,5691.6,1579
2019-01-04,00:00:00,5738.0,5738.0,5654.7,5708.4,2543
2019-01-07,00:00:00,5740.0,5740.0,5658.1,5710.7,1057
2019-01-08,00:00:00,5723.05,5740.0,5681.0,5712.9,780
2019-01-09,00:00:00,5705.0,5750.0,5705.0,5719.05,674
2019-01-10,00:00:00,5719.05,5750.0,5712.0,5742.65,566
2019-01-11,00:00:00,5717.1,5750.0,5684.9,5718.65,744
2019-01-14,00:00:00,5700.0,5724.0,5652.05,5700.1,2841
2019-01-15,00:00:00,5710.7,5747.0,5690.0,5699.25,1484
2019-01-16,00:00:00,5701.75,5732.2,5656.0,5674.6,2379
2019-01-17,00:00:00,5689.05,5702.0,5669.95,5679.8,1092
2019-01-18,00:00:00,5676.35,5750.0,5463.0,5500.2,3831
2019-01-21,00:00:00,5500.0,5501.0,5352.0,5390.9,4644
2019-01-22,00:00:00,5392.1,5499.9,5391.05,5453.15,1413
2019-01-23,00:00:00,5402.7,5644.95,5402.7,5518.35,1721
2019-01-24,00:00:00,5517.05,5555.75,5440.0,5461.35,1112
2019-01-25,00:00:00,5520.0,5544.4,5375.0,5403.1,1488
2019-01-28,00:00:00,5372.9,5450.05,5280.0,5308.45,2388
2019-01-29,00:00:00,5349.0,5349.0,5275.1,5300.7,1810
2019-01-30,00:00:00,5277.5,5335.0,5250.0,5300.35,2094
2019-01-31,00:00:00,5298.3,5400.0,5251.15,5375.95,2019
2019-02-01,00:00:00,5401.0,5474.0,5345.05,5401.75,1105
2019-02-04,00:00:00,5469.95,5469.95,5301.0,5320.8,1555
2019-02-05,00:00:00,5434.0,5533.9,5310.0,5323.5,1940
2019-02-06,00:00:00,5360.5,5751.0,5299.3,5625.0,5734
2019-02-07,00:00:00,5698.0,5775.0,5600.0,5713.15,2655
2019-02-08,00:00:00,5717.4,5724.95,5660.0,5675.85,4607
2019-02-11,00:00:00,5612.0,5740.0,5607.85,5633.0,5531
2019-02-12,00:00:00,5610.95,5640.15,5520.3,5546.9,1356
2019-02-13,00:00:00,5590.0,5624.55,5510.55,5538.8,760
2019-02-14,00:00:00,5560.3,5575.0,5488.0,5548.5,725
2019-02-15,00:00:00,5558.75,5558.75,5444.1,5459.3,1739
2019-02-18,00:00:00,5435.0,5536.65,5351.0,5391.35,1586
2019-02-19,00:00:00,5353.85,5472.2,5353.85,5411.45,2419
2019-02-20,00:00:00,5420.0,5460.05,5355.05,5412.7,864
2019-02-21,00:00:00,5438.05,5493.9,5391.0,5461.25,1369
2019-02-22,00:00:00,5460.0,5550.0,5457.75,5495.9,1152
2019-02-25,00:00:00,5476.75,5563.4,5415.0,5521.9,1114
2019-02-26,00:00:00,5522.7,5759.7,5397.55,5669.55,3909
2019-02-27,00:00:00,5698.1,5800.0,5670.0,5708.6,1671
2019-02-28,00:00:00,5723.95,5775.0,5670.1,5736.15,874
2019-03-01,00:00:00,5774.95,5889.0,5752.45,5851.55,3208
2019-03-05,00:00:00,5752.85,6113.35,5752.85,6065.05,8837
2019-03-06,00:00:00,6016.0,6121.05,6016.0,6078.25,4510
2019-03-07,00:00:00,6111.0,6390.0,6065.4,6277.55,29230
2019-03-08,00:00:00,6298.0,6450.0,6235.0,6266.7,5273
2019-03-11,00:00:00,6300.0,6378.9,6219.05,6266.55,3140
2019-03-12,00:00:00,6336.9,6390.0,6200.0,6228.3,5506
2019-03-13,00:00:00,6228.0,6313.45,6115.25,6218.6,5440
2019-03-14,00:00:00,6239.0,6311.9,6150.0,6167.95,1218
2019-03-15,00:00:00,6127.0,6311.85,6127.0,6172.25,2857
2019-03-18,00:00:00,6165.2,6280.0,6100.0,6137.75,2318
2019-03-19,00:00:00,6151.0,6249.95,6140.0,6188.25,4549
2019-03-20,00:00:00,6200.0,6349.0,6169.95,6302.9,6886
2019-03-22,00:00:00,6291.35,6330.0,6210.0,6225.9,5997
2019-03-25,00:00:00,6161.3,6198.85,6090.05,6104.15,1973
2019-03-26,00:00:00,6112.5,6197.8,6050.0,6063.55,2421
2019-03-27,00:00:00,6086.4,6154.5,5961.1,5999.35,3688
2019-03-28,00:00:00,5961.0,6120.0,5961.0,6023.2,2842
2019-03-29,00:00:00,6082.8,6175.0,5945.15,6079.05,3520
2019-04-01,00:00:00,6150.0,6299.0,6116.0,6192.6,5385
2019-04-02,00:00:00,6280.0,6280.0,6126.15,6194.7,2115
2019-04-03,00:00:00,6224.1,6242.2,6162.0,6198.55,2178
2019-04-04,00:00:00,6279.85,6279.85,6075.1,6098.9,10459
2019-04-05,00:00:00,6120.0,6129.5,6077.6,6099.45,1383
2019-04-08,00:00:00,6051.1,6300.0,6024.05,6044.3,3815
2019-04-09,00:00:00,6056.8,6094.0,6020.0,6085.1,1624
2019-04-10,00:00:00,6100.0,6100.0,6060.15,6086.6,1422
2019-04-11,00:00:00,6091.3,6150.0,6001.0,6100.95,1761
2019-04-12,00:00:00,6061.75,6100.0,6060.0,6081.15,752
2019-04-15,00:00:00,6100.0,6100.0,6050.0,6063.9,1199
2019-04-16,00:00:00,6084.95,6100.0,6012.5,6030.65,1514
2019-04-18,00:00:00,6021.0,6050.0,5981.25,5991.05,1443
2019-04-22,00:00:00,5960.0,5980.0,5912.0,5945.9,1191
2019-04-23,00:00:00,5948.6,5968.65,5890.7,5903.75,6551
2019-04-24,00:00:00,5904.9,6000.0,5880.1,5922.65,1312
2019-04-25,00:00:00,5961.75,5998.7,5875.0,5901.55,925
2019-04-26,00:00:00,5929.2,5929.2,5849.0,5864.8,855
2019-04-30,00:00:00,5950.0,5950.0,5620.0,5773.05,5818
2019-05-02,00:00:00,5747.5,5793.95,5695.0,5709.15,2497
2019-05-03,00:00:00,5725.0,5779.5,5677.0,5695.45,1021
2019-05-06,00:00:00,5760.0,5760.05,5621.1,5694.55,7147
2019-05-07,00:00:00,5690.5,5712.65,5565.0,5589.3,2370
2019-05-08,00:00:00,5591.4,5620.0,5500.0,5510.15,2277
2019-05-09,00:00:00,5520.0,5575.35,5482.7,5492.1,1461
2019-05-10,00:00:00,5501.4,5670.0,5451.0,5505.15,2150
2019-05-13,00:00:00,5514.85,5639.75,5387.0,5434.5,3899
2019-05-14,00:00:00,5450.0,5450.0,5350.0,5374.65,4970
2019-05-15,00:00:00,5425.8,5444.0,5355.0,5411.1,3127
2019-05-16,00:00:00,5410.0,5475.0,5333.7,5446.4,1438
2019-05-17,00:00:00,5506.0,5619.0,5251.5,5419.6,4896
2019-05-20,00:00:00,5500.0,5718.0,5500.0,5708.1,3952
2019-05-21,00:00:00,5600.0,5600.0,5415.0,5441.8,4610
2019-05-22,00:00:00,5450.0,5506.25,5392.0,5403.1,3025
2019-05-23,00:00:00,5422.0,5498.45,5325.0,5346.25,2574
2019-05-24,00:00:00,5399.0,5629.0,5380.0,5579.8,3734
2019-05-27,00:00:00,5580.0,5720.0,5532.0,5654.5,2526
2019-05-28,00:00:00,5669.95,5825.0,5600.0,5773.45,5561
2019-05-29,00:00:00,5803.0,5805.0,5610.25,5635.55,2962
2019-05-30,00:00:00,5689.0,5689.0,5607.15,5618.8,1365
2019-05-31,00:00:00,5688.0,5688.0,5585.15,5598.2,2582
2019-06-03,00:00:00,5598.2,5639.9,5462.6,5501.55,3729
2019-06-04,00:00:00,5583.35,5583.35,5455.0,5473.15,2322
2019-06-06,00:00:00,5450.0,5517.05,5400.0,5425.1,1727
2019-06-07,00:00:00,5441.65,5480.0,5350.0,5384.85,1227
2019-06-10,00:00:00,5384.85,5460.0,5352.05,5386.35,1373
2019-06-11,00:00:00,5379.15,5398.9,5336.95,5363.25,4697
2019-06-12,00:00:00,5372.85,5372.85,5275.0,5287.5,5086
2019-06-13,00:00:00,5302.95,5324.0,5250.1,5271.1,2604
2019-06-14,00:00:00,5241.1,5315.45,5200.5,5204.15,5162
2019-06-17,00:00:00,5278.0,5278.0,5160.9,5180.35,2643
2019-06-18,00:00:00,5188.35,5275.25,5160.0,5252.15,3507
2019-06-19,00:00:00,5209.65,5340.0,5125.95,5154.85,4533
2019-06-20,00:00:00,5199.9,5232.1,5130.25,5173.8,1362
2019-06-21,00:00:00,5268.95,5268.95,5120.0,5128.35,2464
2019-06-24,00:00:00,5248.0,5248.0,5106.0,5124.2,1082
2019-06-25,00:00:00,5101.05,5159.9,5100.0,5126.7,2442
2019-06-26,00:00:00,5143.8,5270.0,5143.1,5222.75,2383
2019-06-27,00:00:00,5272.4,5288.0,5189.8,5211.0,1640
2019-06-28,00:00:00,5221.5,5265.0,5155.65,5177.5,1283
2019-07-01,00:00:00,5160.1,5250.7,5115.1,5140.3,1366
2019-07-02,00:00:00,5219.95,5219.95,5118.0,5162.2,1016
2019-07-03,00:00:00,5150.05,5189.0,5120.0,5154.45,946
2019-07-04,00:00:00,5155.0,5225.0,5130.0,5204.6,1272
2019-07-05,00:00:00,5209.95,5220.0,5112.0,5118.6,1008
2019-07-08,00:00:00,5106.25,5146.1,4900.0,4924.55,5661
2019-07-09,00:00:00,4984.95,4985.0,4840.05,4847.6,2934
2019-07-10,00:00:00,4851.05,4884.85,4745.0,4755.3,3720
2019-07-11,00:00:00,4780.0,4839.9,4720.0,4793.65,3213
2019-07-12,00:00:00,4808.8,4808.8,4652.05,4666.15,3528
2019-07-15,00:00:00,4676.0,4690.0,4365.0,4405.5,30440
2019-07-16,00:00:00,4476.4,4625.0,4415.15,4612.55,16254
2019-07-17,00:00:00,4612.55,4625.0,4500.0,4575.7,3837
2019-07-18,00:00:00,4576.0,4718.0,4559.55,4664.95,2434
2019-07-19,00:00:00,4659.25,4692.4,4527.15,4562.5,1951
2019-07-22,00:00:00,4563.0,4644.0,4361.2,4518.9,28090
2019-07-23,00:00:00,4499.8,4569.0,4375.0,4520.85,7226
2019-07-24,00:00:00,4520.85,4520.85,4430.0,4483.3,2926
2019-07-25,00:00:00,4435.05,4489.85,4420.0,4434.5,1101
2019-07-26,00:00:00,4429.0,4440.0,4400.0,4400.45,3423
2019-07-29,00:00:00,4432.0,4432.0,4350.0,4352.65,4570
2019-07-30,00:00:00,4365.0,4365.7,4100.0,4104.3,13945
2019-07-31,00:00:00,4081.0,4129.2,4001.0,4044.5,3895
2019-08-01,00:00:00,4059.0,4076.0,3980.0,3995.5,13223
2019-08-02,00:00:00,4002.1,4099.0,3909.05,3991.65,4288
2019-08-05,00:00:00,3999.85,3999.85,3886.1,3903.3,2791
2019-08-06,00:00:00,3850.0,3971.05,3832.35,3939.6,2504
2019-08-07,00:00:00,3929.9,3950.0,3865.0,3876.65,2192
2019-08-08,00:00:00,3877.0,3925.9,3801.0,3823.15,2787
2019-08-09,00:00:00,3802.0,3993.95,3802.0,3880.85,4231
2019-08-13,00:00:00,3984.0,3984.0,3800.0,3830.85,13705
2019-08-14,00:00:00,3835.0,3864.1,3788.0,3794.25,1564
2019-08-16,00:00:00,3884.75,3884.75,3780.05,3790.5,1559
2019-08-19,00:00:00,3800.0,3834.45,3775.0,3814.8,2167
2019-08-20,00:00:00,3810.0,3894.0,3780.25,3794.15,3003
2019-08-21,00:00:00,3775.55,3811.9,3700.0,3709.3,2932
2019-08-22,00:00:00,3709.3,3709.3,3600.0,3601.3,18394
2019-08-23,00:00:00,3550.0,3699.0,3550.0,3652.0,2249
2019-08-26,00:00:00,3788.35,3788.35,3606.05,3758.65,1744
2019-08-27,00:00:00,3843.0,3843.0,3734.15,3765.1,4195
2019-08-28,00:00:00,3779.6,3831.75,3766.0,3774.45,1940
2019-08-29,00:00:00,3763.3,3763.3,3685.6,3703.45,843
2019-08-30,00:00:00,3774.0,3774.0,3665.0,3704.45,1331
2019-09-03,00:00:00,3672.55,3699.95,3600.0,3608.65,1722
2019-09-04,00:00:00,3600.0,3645.5,3530.1,3563.45,1684
2019-09-05,00:00:00,3551.55,3598.0,3531.7,3575.05,939
2019-09-06,00:00:00,3575.45,3698.0,3575.2,3653.8,2754
2019-09-09,00:00:00,3679.1,3684.95,3607.75,3650.15,2503
2019-09-11,00:00:00,3640.0,3799.0,3640.0,3783.35,3838
2019-09-12,00:00:00,3800.4,3940.0,3800.05,3905.1,3358
2019-09-13,00:00:00,3923.95,3981.0,3838.0,3873.7,3103
2019-09-16,00:00:00,3815.0,3900.0,3815.0,3867.65,3059
2019-09-17,00:00:00,3870.05,3901.55,3711.1,3734.7,1898
2019-09-18,00:00:00,3790.0,3790.0,3650.0,3701.1,2028
2019-09-19,00:00:00,3769.95,3769.95,3611.0,3626.95,2199
2019-09-20,00:00:00,3602.05,3849.85,3600.0,3758.25,5780
2019-09-23,00:00:00,3810.0,3940.0,3775.1,3892.8,16383
2019-09-24,00:00:00,3899.95,3935.0,3826.0,3837.4,2742
2019-09-25,00:00:00,3894.0,3894.0,3761.2,3776.8,3023
2019-09-26,00:00:00,3839.3,3844.6,3681.0,3734.55,2572
2019-09-27,00:00:00,3715.9,3787.95,3652.0,3695.45,1665
2019-09-30,00:00:00,3749.0,3749.0,3638.0,3662.5,1444
2019-10-01,00:00:00,3625.6,3667.85,3550.0,3591.5,2128
2019-10-03,00:00:00,3510.1,3585.0,3390.6,3463.8,4633
2019-10-04,00:00:00,3545.25,3545.25,3400.0,3417.65,1805
2019-10-07,00:00:00,3496.0,3496.0,3285.0,3300.6,4562
2019-10-09,00:00:00,3300.0,3342.25,3270.0,3310.05,2978
2019-10-10,00:00:00,3360.0,3360.0,3305.5,3315.85,1941
2019-10-11,00:00:00,3350.0,3357.45,3294.35,3309.4,1770
2019-10-14,00:00:00,3296.15,3374.0,3285.0,3291.25,1167
2019-10-15,00:00:00,3259.0,3430.05,3254.4,3360.15,5779
2019-10-16,00:00:00,3340.05,3399.95,3323.0,3331.55,1902
2019-10-17,00:00:00,3331.0,3670.0,3318.95,3625.95,14930
2019-10-18,00:00:00,3639.95,3734.35,3601.05,3624.8,4882
2019-10-22,00:00:00,3689.0,3818.7,3626.05,3786.75,7098
2019-10-23,00:00:00,3786.75,3900.0,3703.75,3778.7,5650
2019-10-24,00:00:00,3879.9,3879.9,3610.0,3623.15,2619
2019-10-25,00:00:00,3699.1,3700.0,3590.1,3628.45,1150
2019-10-27,00:00:00,3744.0,3744.0,3666.5,3695.4,2093
2019-10-29,00:00:00,3720.0,3924.95,3720.0,3844.5,5300
2019-10-30,00:00:00,3848.0,3980.0,3848.0,3909.1,6227
2019-10-31,00:00:00,3720.0,3800.0,3485.0,3572.75,38489
2019-11-01,00:00:00,3531.05,3670.0,3531.05,3613.75,10003
2019-11-04,00:00:00,3619.75,3662.95,3575.0,3582.45,3905
2019-11-05,00:00:00,3550.0,3590.2,3501.0,3505.55,3457
2019-11-06,00:00:00,3495.0,3543.15,3451.1,3459.7,7157
2019-11-07,00:00:00,3468.3,3484.4,3375.0,3420.0,4296
2019-11-08,00:00:00,3420.85,3490.0,3400.0,3436.6,7187
2019-11-11,00:00:00,3515.0,3515.0,3385.1,3391.15,3793
2019-11-13,00:00:00,3391.15,3392.05,3309.0,3315.25,10724
2019-11-14,00:00:00,3322.95,3322.95,3205.0,3221.35,9051
2019-11-15,00:00:00,3227.85,3429.3,3191.0,3386.3,16595
2019-11-18,00:00:00,3386.3,3444.95,3315.05,3389.5,6489
2019-11-19,00:00:00,3389.5,3427.85,3152.25,3324.0,11958
2019-11-20,00:00:00,3349.95,3479.95,3310.0,3379.2,7321
2019-11-21,00:00:00,3355.05,3368.05,3312.05,3320.65,4706
2019-11-22,00:00:00,3302.0,3383.0,3244.0,3283.55,5030
2019-11-25,00:00:00,3284.55,3329.75,3276.2,3304.3,1954
2019-11-26,00:00:00,3317.05,3499.0,3245.0,3404.15,11529
2019-11-27,00:00:00,3404.1,3478.0,3400.0,3432.05,8907
2019-11-28,00:00:00,3442.05,3455.05,3400.0,3431.25,1790
2019-11-29,00:00:00,3428.95,3620.0,3421.35,3502.55,8987
2019-12-02,00:00:00,3548.0,3555.1,3403.0,3430.0,2981
2019-12-03,00:00:00,3435.3,3457.9,3325.15,3388.65,2796
2019-12-04,00:00:00,3391.0,3400.0,3301.0,3311.8,3859
2019-12-05,00:00:00,3321.7,3365.0,3275.0,3299.4,4115
2019-12-06,00:00:00,3293.0,3313.5,3260.0,3267.3,2357
2019-12-09,00:00:00,3264.0,3321.45,3260.45,3290.95,11179
2019-12-10,00:00:00,3298.8,3322.5,3210.1,3227.2,2399
2019-12-11,00:00:00,3290.0,3290.0,3200.0,3212.55,3032
2019-12-12,00:00:00,3222.75,3292.0,3200.0,3203.05,8626
2019-12-13,00:00:00,3224.0,3299.0,3200.1,3240.85,4630
2019-12-16,00:00:00,3284.0,3284.0,3226.35,3247.15,1220
2019-12-17,00:00:00,3275.0,3275.0,3210.15,3229.55,4994
2019-12-18,00:00:00,3238.8,3268.0,3232.3,3250.1,2795
2019-12-19,00:00:00,3287.9,3362.95,3241.0,3288.45,5486
2019-12-20,00:00:00,3288.3,3302.15,3235.0,3254.2,2117
2019-12-23,00:00:00,3261.0,3318.7,3231.25,3250.35,1985
2019-12-24,00:00:00,3251.25,3304.9,3246.3,3255.5,1613
2019-12-26,00:00:00,3241.55,3335.25,3241.5,3268.35,3192
2019-12-27,00:00:00,3340.0,3474.9,3285.05,3363.7,14663
2019-12-30,00:00:00,3388.2,3420.15,3228.15,3309.15,5529
2019-12-31,00:00:00,3335.65,3382.05,3281.0,3290.15,3645
2020-01-01,00:00:00,3323.9,3323.9,3250.0,3294.9,8390
2020-01-02,00:00:00,3294.9,3345.0,3294.9,3320.85,4978
2020-01-03,00:00:00,3331.15,3425.0,3300.0,3340.6,11895
2020-01-06,00:00:00,3340.6,3399.0,3303.35,3325.3,6390
2020-01-07,00:00:00,3333.0,3370.0,3310.0,3322.95,9857
2020-01-08,00:00:00,3301.3,3332.0,3301.3,3311.95,2590
2020-01-09,00:00:00,3340.35,3441.0,3333.05,3401.25,7846
2020-01-10,00:00:00,3424.75,3517.65,3410.0,3438.65,7570
2020-01-13,00:00:00,3401.6,3560.0,3401.6,3541.65,12515
2020-01-14,00:00:00,3537.0,3787.65,3516.05,3736.15,32302
2020-01-15,00:00:00,3775.0,3799.8,3700.45,3732.15,10585
2020-01-16,00:00:00,3775.0,3788.8,3676.0,3710.2,7070
2020-01-17,00:00:00,3743.6,3825.0,3650.0,3768.4,11984
2020-01-20,00:00:00,3796.6,3800.05,3695.0,3700.25,4342
2020-01-21,00:00:00,3664.0,3728.9,3652.0,3665.3,2493
2020-01-22,00:00:00,3719.0,3719.0,3631.35,3638.3,2838
2020-01-23,00:00:00,3670.55,3699.9,3625.15,3633.6,3124
2020-01-24,00:00:00,3677.0,3677.0,3616.15,3637.8,2545
2020-01-27,00:00:00,3620.2,3669.0,3585.1,3617.8,4634
2020-01-28,00:00:00,3405.0,3489.0,3350.0,3358.95,25652
2020-01-29,00:00:00,3370.0,3428.55,3333.1,3344.65,6313
2020-01-30,00:00:00,3350.0,3350.0,3282.5,3294.8,4622
2020-01-31,00:00:00,3349.0,3349.0,3236.0,3257.75,3705
2020-02-01,00:00:00,3270.05,3289.0,3149.0,3168.6,4730
2020-02-03,00:00:00,3149.0,3198.7,3125.1,3152.9,3494
2020-02-04,00:00:00,3180.0,3225.0,3151.0,3200.0,3421
2020-02-05,00:00:00,3239.95,3289.0,3185.1,3194.65,3909
2020-02-06,00:00:00,3175.0,3248.0,3175.0,3191.95,3005
2020-02-07,00:00:00,3216.95,3288.0,3203.5,3255.8,17553
2020-02-10,00:00:00,3255.8,3279.55,3249.5,3250.45,7854
2020-02-11,00:00:00,3260.0,3324.95,3250.0,3258.45,6006
2020-02-12,00:00:00,3284.95,3321.0,3250.0,3270.05,3243
2020-02-13,00:00:00,3270.2,3270.2,3240.0,3250.1,18581
2020-02-14,00:00:00,3267.6,3289.0,3249.0,3252.05,13422
2020-02-17,00:00:00,3231.0,3275.35,3231.0,3250.3,13249
2020-02-18,00:00:00,3264.95,3299.05,3201.25,3263.3,15714
2020-02-19,00:00:00,3262.5,3309.95,3260.05,3282.05,3072
2020-02-20,00:00:00,3298.0,3298.0,3250.0,3250.5,5485
2020-02-24,00:00:00,3250.0,3257.95,3200.0,3204.9,2720
2020-02-25,00:00:00,3190.2,3210.0,3190.2,3200.5,8079
2020-02-26,00:00:00,3194.95,3419.0,3194.95,3265.1,24039
2020-02-27,00:00:00,3263.05,3414.9,3221.0,3384.2,59199
2020-02-28,00:00:00,3330.0,3599.0,3204.0,3233.25,64162
2020-03-02,00:00:00,3280.0,3299.0,3200.0,3200.2,58103
2020-03-03,00:00:00,3200.2,3278.05,3190.2,3233.05,75507
2020-03-04,00:00:00,3273.9,3369.0,3255.0,3301.35,22185
2020-03-05,00:00:00,3299.75,3318.0,3251.1,3275.05,3030
2020-03-06,00:00:00,3221.15,3237.5,3179.5,3191.8,6372
2020-03-09,00:00:00,3185.0,3185.0,2930.1,2987.8,8720
2020-03-11,00:00:00,2900.0,3010.0,2844.0,2867.6,6341
2020-03-12,00:00:00,2781.65,2781.65,2525.25,2583.8,9002
2020-03-13,00:00:00,2325.0,2650.0,2120.0,2479.5,14311
2020-03-16,00:00:00,2490.0,2512.0,2350.0,2386.25,9888
2020-03-17,00:00:00,2320.0,2640.0,2320.0,2600.8,12009
2020-03-18,00:00:00,2699.75,2748.9,2475.0,2555.4,9753
2020-03-19,00:00:00,2456.0,2650.0,2383.0,2600.65,20005
2020-03-20,00:00:00,2699.95,2700.0,2474.15,2560.1,6076
2020-03-23,00:00:00,2504.75,2508.9,2062.0,2145.0,7593
2020-03-24,00:00:00,2202.0,2245.0,2010.2,2129.2,5335
2020-03-25,00:00:00,2035.0,2340.0,2000.0,2249.3,6662
2020-03-26,00:00:00,2198.15,2540.65,2192.5,2485.0,8882
2020-03-27,00:00:00,2555.0,2600.0,2305.0,2394.15,5317
2020-03-30,00:00:00,2394.15,2460.0,2350.0,2374.5,4517
2020-03-31,00:00:00,2311.1,2399.95,2260.0,2301.05,4257
2020-04-01,00:00:00,2311.1,2400.05,2290.55,2364.15,2585
2020-04-03,00:00:00,2392.7,2398.1,2271.05,2358.75,1111
2020-04-07,00:00:00,2398.1,2499.9,2355.45,2385.6,20742
2020-04-08,00:00:00,2402.05,2649.0,2390.15,2594.35,9994
2020-04-09,00:00:00,2551.0,2727.0,2551.0,2678.2,8965
2020-04-13,00:00:00,2678.0,2699.55,2440.75,2491.35,6994
2020-04-15,00:00:00,2506.0,2560.0,2430.0,2448.7,5910
2020-04-16,00:00:00,2423.95,2536.0,2423.95,2510.7,3234
2020-04-17,00:00:00,2550.0,2574.95,2525.1,2562.35,3189
2020-04-20,00:00:00,2588.0,2599.9,2550.0,2562.55,2158
2020-04-21,00:00:00,2421.0,2575.0,2421.0,2539.4,3238
2020-04-22,00:00:00,2501.15,2501.15,2415.0,2475.95,2675
2020-04-23,00:00:00,2488.1,2500.0,2396.0,2421.7,5325
2020-04-24,00:00:00,2399.15,2421.0,2357.3,2367.0,3406
2020-04-27,00:00:00,2341.0,2419.9,2325.8,2382.25,3425
2020-04-28,00:00:00,2399.75,2422.0,2382.0,2399.65,2245
2020-04-29,00:00:00,2450.0,2450.0,2344.0,2400.65,3910
2020-04-30,00:00:00,2437.9,2500.0,2380.7,2443.45,8287
2020-05-04,00:00:00,2425.0,2461.95,2420.0,2426.8,5731
2020-05-05,00:00:00,2430.15,2470.0,2365.0,2385.65,3424
2020-05-06,00:00:00,2399.95,2429.9,2399.95,2423.55,3407
2020-05-07,00:00:00,2400.0,2430.0,2400.0,2422.9,5859
2020-05-08,00:00:00,2429.9,2488.1,2429.9,2476.6,4569
2020-05-11,00:00:00,2497.0,2524.9,2452.0,2502.7,3362
2020-05-12,00:00:00,2489.7,2518.85,2450.55,2505.1,2136
2020-05-13,00:00:00,2580.0,2590.0,2521.5,2583.6,7239
2020-05-14,00:00:00,2539.2,2579.9,2538.05,2555.05,2326
2020-05-15,00:00:00,2535.2,2650.0,2500.0,2632.3,3638
2020-05-18,00:00:00,2658.7,2699.0,2550.35,2566.55,4313
2020-05-19,00:00:00,2621.95,2621.95,2470.0,2516.65,2535
2020-05-20,00:00:00,2515.9,2546.45,2464.95,2520.0,1635
2020-05-21,00:00:00,2515.95,2589.9,2480.0,2489.0,1843
2020-05-22,00:00:00,2438.55,2525.15,2400.0,2454.05,8096
2020-05-26,00:00:00,2499.0,2500.05,2426.15,2472.8,15193
2020-05-27,00:00:00,2493.95,2531.05,2450.0,2462.4,5306
2020-05-28,00:00:00,2499.0,2545.0,2464.55,2528.7,3041
2020-05-29,00:00:00,2530.05,2644.9,2517.05,2568.6,6322
2020-06-01,00:00:00,2580.05,2700.0,2580.05,2664.95,8125
2020-06-02,00:00:00,2694.95,2750.0,2665.0,2722.25,8443
2020-06-03,00:00:00,2765.0,2796.75,2680.0,2701.75,6462
2020-06-04,00:00:00,2675.0,2716.0,2626.0,2687.1,4298
2020-06-05,00:00:00,2689.15,2759.0,2689.0,2730.45,7096
2020-06-08,00:00:00,2750.0,2830.0,2666.35,2702.55,7538
2020-06-09,00:00:00,2760.0,2760.0,2705.0,2726.2,7412
2020-06-10,00:00:00,2760.0,2760.0,2700.05,2711.4,1607
2020-06-11,00:00:00,2700.0,2735.9,2656.35,2671.45,2613
2020-06-12,00:00:00,2577.0,2700.0,2541.2,2660.7,2909
2020-06-15,00:00:00,2634.0,2698.95,2571.0,2589.65,1828
2020-06-16,00:00:00,2614.35,2629.05,2551.0,2612.25,5454
2020-06-17,00:00:00,2611.05,2630.25,2555.0,2565.35,3452
2020-06-18,00:00:00,2563.05,2610.0,2563.05,2573.6,1670
2020-06-19,00:00:00,2575.0,2695.0,2551.0,2651.45,8305
2020-06-22,00:00:00,2680.0,3180.0,2661.3,2976.1,103154
2020-06-23,00:00:00,3020.0,3075.05,2932.45,3007.25,33558
2020-06-24,00:00:00,2981.0,3075.0,2880.05,2915.3,8280
2020-06-25,00:00:00,2910.0,2938.9,2849.65,2866.25,6614
2020-06-26,00:00:00,2900.15,2950.0,2845.0,2873.65,2821
2020-06-29,00:00:00,2949.0,3020.0,2890.1,2936.1,18202
2020-06-30,00:00:00,2965.2,2994.0,2801.0,2851.85,6427
2020-07-01,00:00:00,2884.1,2904.9,2814.95,2834.55,3935
2020-07-02,00:00:00,2829.9,2876.0,2820.25,2829.5,5292
2020-07-03,00:00:00,2805.95,2860.95,2805.95,2845.6,2215
2020-07-06,00:00:00,2893.8,2893.8,2842.0,2856.2,2566
2020-07-07,00:00:00,2878.0,2891.05,2832.45,2840.9,2052
2020-07-08,00:00:00,2842.0,2895.0,2803.0,2816.35,7525
2020-07-09,00:00:00,2816.5,2869.0,2815.0,2820.8,3169
2020-07-10,00:00:00,2802.65,2834.45,2770.0,2777.35,2215
2020-07-13,00:00:00,2785.0,3020.0,2779.95,2843.2,6253
2020-07-14,00:00:00,2826.05,2839.95,2775.0,2795.2,3964
2020-07-15,00:00:00,2839.0,2848.1,2755.0,2762.25,7523
2020-07-16,00:00:00,2776.95,2828.0,2740.1,2802.5,6277
2020-07-17,00:00:00,2846.5,2846.5,2771.0,2793.05,3218
2020-07-20,00:00:00,2784.0,2819.0,2779.95,2791.4,3788
2020-07-21,00:00:00,2805.05,2998.2,2805.05,2939.9,21121
2020-07-22,00:00:00,2921.0,3000.0,2843.6,2883.8,8847
2020-07-23,00:00:00,2867.0,2900.0,2815.05,2858.95,5645
2020-07-24,00:00:00,2842.2,2975.0,2800.0,2855.7,24341
2020-07-27,00:00:00,2825.1,2974.95,2785.05,2906.45,79403
2020-07-28,00:00:00,2906.45,3064.0,2890.0,2923.2,20936
2020-07-29,00:00:00,2957.95,2989.0,2929.95,2934.55,2983
2020-07-30,00:00:00,2934.0,2970.0,2875.0,2889.55,5538
2020-07-31,00:00:00,2887.75,3024.8,2887.75,2992.65,6906
2020-08-03,00:00:00,2999.95,3090.0,2932.35,3039.4,12315
2020-08-04,00:00:00,3049.8,3100.0,3000.0,3087.45,5395
2020-08-05,00:00:00,3100.0,3148.0,3089.0,3109.4,4829
2020-08-06,00:00:00,3109.4,3329.0,3109.4,3273.1,19925
2020-08-07,00:00:00,3273.1,3449.65,3250.05,3324.95,11212
2020-08-10,00:00:00,3324.95,3399.95,3260.1,3293.75,5948
2020-08-11,00:00:00,3318.0,3349.0,3245.0,3253.45,3479
2020-08-12,00:00:00,3252.95,3266.0,3161.95,3200.45,5303
2020-08-13,00:00:00,3208.9,3260.35,3115.15,3129.4,6232
2020-08-14,00:00:00,3133.05,3163.95,3043.95,3049.85,5718
2020-08-17,00:00:00,3030.0,3094.95,3000.0,3038.7,6605
2020-08-18,00:00:00,3038.7,3193.0,3019.95,3150.35,16118
2020-08-19,00:00:00,3188.0,3248.0,3154.95,3214.9,12507
2020-08-20,00:00:00,3214.0,3374.5,3148.0,3292.95,12086
2020-08-21,00:00:00,3301.0,3449.95,3301.0,3424.55,12630
2020-08-24,00:00:00,3450.0,3512.95,3315.0,3354.5,9632
2020-08-25,00:00:00,3368.8,3398.35,3287.0,3303.55,6075
2020-08-26,00:00:00,3330.0,3344.8,3276.1,3334.0,3706
2020-08-27,00:00:00,3371.15,3397.9,3336.1,3341.5,3349
2020-08-28,00:00:00,3355.05,3366.1,3255.05,3304.85,4013
2020-08-31,00:00:00,3370.0,3370.0,3200.0,3247.8,7013
2020-09-01,00:00:00,3290.05,3428.95,3250.0,3406.6,8588
2020-09-02,00:00:00,3428.9,3428.9,3301.0,3342.65,2915
2020-09-03,00:00:00,3342.65,3440.0,3302.25,3425.75,5226
2020-09-04,00:00:00,3372.6,3777.0,3325.0,3677.55,31038
2020-09-07,00:00:00,3850.0,3945.2,3720.0,3791.2,78753
2020-09-08,00:00:00,3800.0,3925.0,3650.0,3682.5,15395
2020-09-09,00:00:00,3665.0,3799.9,3567.75,3725.6,12388
2020-09-10,00:00:00,3789.95,3845.05,3710.1,3803.85,12896
2020-09-11,00:00:00,3799.0,3879.0,3680.05,3731.7,10589
2020-09-14,00:00:00,3740.0,3799.65,3690.0,3724.55,7029
2020-09-15,00:00:00,3742.9,3799.95,3628.55,3645.1,7896
2020-09-16,00:00:00,3698.0,3784.9,3665.35,3703.3,9291
2020-09-17,00:00:00,3677.1,3742.15,3670.0,3715.9,3126
2020-09-18,00:00:00,3715.15,3740.0,3650.0,3687.3,4359
2020-09-21,00:00:00,3702.0,3702.0,3511.0,3539.05,24635
2020-09-22,00:00:00,3511.05,3588.5,3396.05,3418.65,10697
2020-09-23,00:00:00,3501.0,3538.85,3442.0,3519.9,12119
2020-09-24,00:00:00,3500.0,3587.95,3500.0,3500.15,11250
2020-09-25,00:00:00,3550.0,3556.95,3478.35,3510.05,4864
2020-09-28,00:00:00,3527.4,3549.0,3501.05,3527.45,3631
2020-09-29,00:00:00,3540.0,3542.0,3500.0,3507.3,2255
2020-09-30,00:00:00,3524.6,3588.95,3501.0,3512.7,2863
2020-10-01,00:00:00,3505.25,3570.0,3505.0,3527.05,2898
2020-10-05,00:00:00,3544.55,3578.0,3511.45,3570.95,3603
2020-10-06,00:00:00,3585.0,3919.0,3561.65,3861.95,56460
2020-10-07,00:00:00,3862.0,3919.0,3800.0,3801.95,11497
2020-10-08,00:00:00,3825.0,3859.0,3720.25,3754.15,9578
2020-10-09,00:00:00,3754.2,3825.0,3750.05,3800.45,11175
2020-10-12,00:00:00,3848.0,3969.5,3800.0,3862.55,21871
2020-10-13,00:00:00,3890.0,3932.3,3837.05,3907.35,10964
2020-10-14,00:00:00,3925.0,3945.0,3875.0,3915.1,11404
2020-10-15,00:00:00,3939.0,4085.0,3825.0,3854.65,35496
2020-10-16,00:00:00,3873.75,3959.8,3855.05,3943.65,11421
2020-10-19,00:00:00,4025.0,4075.0,3980.0,4002.6,11782
2020-10-20,00:00:00,4002.6,4005.65,3911.25,3930.4,4186
2020-10-21,00:00:00,3996.65,3996.65,3865.0,3908.15,3471
2020-10-22,00:00:00,3919.5,4040.0,3881.0,4007.1,9868
2020-10-23,00:00:00,4007.1,4088.85,4000.0,4003.0,9330
2020-10-26,00:00:00,4063.05,4063.05,3981.0,4032.35,10062
2020-10-27,00:00:00,4050.0,4075.0,3962.0,4001.55,26864
2020-10-28,00:00:00,4009.65,4034.6,4000.0,4002.3,4083
2020-10-29,00:00:00,4000.0,4154.0,4000.0,4031.75,22759
2020-10-30,00:00:00,4051.75,4084.95,3999.0,4004.65,9036
2020-11-02,00:00:00,3961.2,4077.05,3961.2,4054.65,8375
2020-11-03,00:00:00,4059.0,4100.0,4050.0,4050.25,5474
2020-11-04,00:00:00,4070.35,4095.0,4050.0,4067.6,3393
2020-11-05,00:00:00,4080.0,4110.5,4050.0,4063.1,3793
2020-11-06,00:00:00,4095.0,4159.9,4050.0,4055.65,5741
2020-11-09,00:00:00,4097.0,4138.0,4000.0,4031.75,6635
2020-11-10,00:00:00,4028.8,4028.8,4000.0,4004.15,6340
2020-11-11,00:00:00,4023.95,4067.2,4008.65,4040.95,4283
2020-11-12,00:00:00,4040.95,4265.0,4025.35,4231.7,28627
2020-11-13,00:00:00,4244.9,4299.65,4241.0,4274.85,9495
2020-11-14,00:00:00,4285.0,4321.0,4280.0,4295.5,2614
2020-11-17,00:00:00,4300.0,4325.0,4150.0,4177.3,6250
2020-11-18,00:00:00,4197.0,4247.0,4120.5,4192.2,4516
2020-11-19,00:00:00,4192.2,4390.0,4169.15,4326.7,24244
2020-11-20,00:00:00,4374.9,4454.25,4318.85,4340.9,10888
2020-11-23,00:00:00,4360.0,4415.0,4315.5,4362.3,5726
2020-11-24,00:00:00,4435.0,4450.0,4366.9,4435.4,6795
2020-11-25,00:00:00,4440.0,4440.0,4215.25,4271.3,6859
2020-11-26,00:00:00,4275.0,4397.9,4253.35,4290.7,1890
2020-11-27,00:00:00,4311.95,4383.9,4210.1,4286.95,16431
2020-12-01,00:00:00,4287.0,4327.7,4100.0,4195.95,13027
2020-12-02,00:00:00,4244.95,4340.0,4231.7,4319.85,18638
2020-12-03,00:00:00,4321.0,4490.0,4321.0,4468.9,19769
2020-12-04,00:00:00,4450.0,4723.0,4410.0,4675.9,27462
2020-12-07,00:00:00,4637.0,4787.95,4590.05,4621.1,8298
2020-12-08,00:00:00,4635.0,4702.0,4501.0,4615.45,6478
2020-12-09,00:00:00,4675.0,4675.0,4530.0,4545.65,4659
2020-12-10,00:00:00,4599.9,4599.9,4450.0,4457.75,6176
2020-12-11,00:00:00,4493.45,4525.0,4310.0,4347.9,6495
2020-12-14,00:00:00,4350.0,4649.9,4350.0,4594.55,19233
2020-12-15,00:00:00,4616.9,4745.0,4507.0,4712.75,9678
2020-12-16,00:00:00,4700.0,4840.0,4650.0,4765.8,10201
2020-12-17,00:00:00,4825.0,4920.0,4800.0,4829.4,14107
2020-12-18,00:00:00,4852.95,4889.85,4739.95,4817.75,6784
2020-12-21,00:00:00,4723.0,4970.0,4493.05,4543.2,14400
2020-12-22,00:00:00,4550.0,4700.0,4331.3,4660.9,12245
2020-12-23,00:00:00,4665.0,4850.0,4624.5,4782.6,5177
2020-12-24,00:00:00,4785.0,4865.25,4647.0,4684.4,5090
2020-12-28,00:00:00,4744.0,4784.95,4601.0,4641.15,5911
2020-12-29,00:00:00,4769.95,4779.0,4555.0,4577.7,5854
2020-12-30,00:00:00,4623.5,4647.95,4550.0,4582.95,4145
2020-12-31,00:00:00,4597.35,4724.0,4587.25,4603.05,4706
2021-01-01,00:00:00,4626.1,4720.0,4590.05,4694.45,3821
2021-01-04,00:00:00,4686.0,4765.2,4680.0,4690.95,17584
2021-01-05,00:00:00,4621.1,4800.0,4621.1,4788.65,8492
2021-01-06,00:00:00,4812.6,4895.0,4654.5,4754.6,7721
2021-01-07,00:00:00,4800.5,4944.95,4760.0,4923.35,36811
2021-01-08,00:00:00,4960.2,4960.2,4802.45,4839.4,13468
2021-01-11,00:00:00,4830.0,5049.0,4737.85,5011.2,40841
2021-01-12,00:00:00,5025.0,5161.5,4920.0,5007.3,26336
2021-01-13,00:00:00,5010.0,5147.0,5010.0,5097.1,20906
2021-01-14,00:00:00,5122.6,5349.0,5097.1,5266.75,25917
2021-01-15,00:00:00,5232.0,5340.0,5150.0,5196.8,11900
2021-01-18,00:00:00,5196.0,5196.0,5000.0,5018.75,15324
2021-01-19,00:00:00,5043.85,5165.0,5043.0,5075.25,6214
2021-01-20,00:00:00,5094.05,5190.05,5070.0,5090.9,17621
2021-01-21,00:00:00,5090.9,5189.95,5039.95,5052.35,6199
2021-01-22,00:00:00,5012.0,5125.0,5012.0,5038.55,6307
2021-01-25,00:00:00,5072.0,5136.9,4961.0,4985.05,10819
2021-01-27,00:00:00,5022.9,5119.45,4910.3,5081.65,22452
2021-01-28,00:00:00,5135.0,5234.0,5048.0,5079.25,20249
2021-01-29,00:00:00,5145.0,5327.0,5105.0,5291.8,18494
2021-02-01,00:00:00,5315.0,5499.0,5265.05,5385.3,25339
2021-02-02,00:00:00,5401.0,5700.0,5401.0,5669.55,21425
2021-02-03,00:00:00,5779.9,5975.0,5710.0,5915.85,20492
2021-02-04,00:00:00,5915.85,6048.0,5809.35,5978.6,13396
2021-02-05,00:00:00,6038.0,6049.95,5825.05,5957.2,8268
2021-02-08,00:00:00,6040.0,6259.95,5991.8,6233.25,16385
2021-02-09,00:00:00,6337.0,6434.0,6210.0,6246.8,10908
2021-02-10,00:00:00,6250.0,6347.0,6110.0,6199.1,7493
2021-02-11,00:00:00,6230.1,6349.8,6164.15,6254.15,6159
2021-02-12,00:00:00,6320.0,6340.0,6150.65,6184.15,4967
2021-02-15,00:00:00,6215.1,6310.0,6180.0,6194.4,4568
2021-02-16,00:00:00,6225.4,6294.0,6120.0,6153.05,2944
2021-02-17,00:00:00,6159.0,6235.0,6060.25,6088.05,4739
2021-02-18,00:00:00,6122.05,6190.35,6050.0,6097.3,3134
2021-02-19,00:00:00,6124.5,6124.5,5900.0,5944.55,4534
2021-02-22,00:00:00,6097.0,6368.3,6036.2,6256.15,29457
2021-02-23,00:00:00,6376.9,6600.6,6232.25,6537.75,27961
2021-02-24,00:00:00,6624.0,7000.0,6610.0,6751.9,21679
2021-02-25,00:00:00,6837.7,6872.65,6523.0,6564.75,17851
2021-02-26,00:00:00,6425.05,6629.0,6302.0,6449.3,15084
2021-03-01,00:00:00,6579.95,6695.9,6297.75,6397.2,13916
2021-03-02,00:00:00,6386.0,6578.5,6386.0,6465.75,12572
2021-03-03,00:00:00,6494.9,6555.3,6405.9,6493.7,10327
2021-03-04,00:00:00,6440.0,6510.1,6440.0,6489.0,10073
2021-03-05,00:00:00,6540.0,6540.0,6300.0,6316.5,11305
2021-03-08,00:00:00,6335.1,6480.2,6170.4,6397.95,14259
2021-03-09,00:00:00,6398.0,6500.0,6384.05,6497.05,13664
2021-03-10,00:00:00,6451.0,6789.95,6451.0,6741.7,15459
2021-03-12,00:00:00,6779.95,7550.0,6764.85,7329.15,46633
2021-03-15,00:00:00,7549.45,7748.9,7175.0,7579.6,46138
2021-03-16,00:00:00,7650.0,7860.0,7600.0,7757.6,32178
2021-03-17,00:00:00,7818.0,7818.0,7155.3,7224.3,18395
2021-03-18,00:00:00,7350.0,7372.0,7001.0,7056.55,11719
2021-03-19,00:00:00,7000.0,7189.0,6785.0,6965.0,132203
2021-03-22,00:00:00,6890.0,7068.85,6873.65,6956.65,5596
2021-03-23,00:00:00,7018.0,7018.0,6866.05,6918.65,3884
2021-03-24,00:00:00,6816.0,6940.0,6800.0,6881.4,4374
2021-03-25,00:00:00,6811.0,6874.35,6710.0,6763.05,5183
2021-03-26,00:00:00,6790.0,6879.8,6641.0,6687.15,3460
2021-03-30,00:00:00,6690.0,7000.0,6690.0,6910.0,20935
2021-03-31,00:00:00,6843.0,6999.85,6741.1,6791.3,4233
2021-04-01,00:00:00,6815.0,6899.8,6748.85,6876.1,3518
2021-04-05,00:00:00,6970.0,6970.0,6660.0,6671.95,3682
2021-04-06,00:00:00,6665.0,6788.65,6609.25,6672.65,13689
2021-04-07,00:00:00,6770.0,6772.0,6611.0,6661.95,2402
2021-04-08,00:00:00,6626.0,6823.7,6626.0,6674.3,2585
2021-04-09,00:00:00,6740.0,6740.0,6609.25,6672.0,2966
2021-04-12,00:00:00,6698.0,6698.0,6406.3,6449.1,7377
2021-04-13,00:00:00,6474.0,6550.0,6350.55,6441.6,3161
2021-04-15,00:00:00,6560.0,6560.0,6326.15,6366.8,2516
2021-04-16,00:00:00,6366.8,6488.2,6300.0,6331.7,3144
2021-04-19,00:00:00,6305.0,6305.0,6061.05,6096.4,5280
2021-04-20,00:00:00,6197.0,6197.0,5922.05,6005.45,7444
2021-04-22,00:00:00,5953.0,6005.85,5901.0,5910.65,5306
2021-04-23,00:00:00,5900.0,6131.65,5888.65,6038.7,4279
2021-04-26,00:00:00,6129.0,6225.0,6051.75,6093.55,3315
2021-04-27,00:00:00,6140.0,6165.45,6033.0,6106.95,3543
2021-04-28,00:00:00,6200.0,6200.0,6102.0,6121.05,2067
2021-04-29,00:00:00,6126.0,6180.0,6050.0,6121.6,2398
2021-04-30,00:00:00,6120.0,6320.95,6102.05,6251.95,20509
2021-05-03,00:00:00,6324.0,6324.0,6190.0,6259.3,2226
2021-05-04,00:00:00,6319.0,6401.0,6290.85,6371.05,6198
2021-05-05,00:00:00,6450.0,6450.0,6210.5,6241.85,2899
2021-05-06,00:00:00,6324.95,6325.0,6151.15,6164.35,1841
2021-05-07,00:00:00,6171.0,6270.0,6151.05,6172.5,1728
2021-05-10,00:00:00,6245.0,6245.0,6005.3,6042.6,9422
2021-05-11,00:00:00,6094.0,6094.0,6015.0,6077.7,3801
2021-05-12,00:00:00,6079.0,6215.7,6050.0,6082.65,2469
2021-05-14,00:00:00,6143.0,6143.0,6050.0,6055.05,3922
2021-05-17,00:00:00,5910.0,6688.0,5910.0,6647.2,22309
2021-05-18,00:00:00,6738.0,6844.0,6625.0,6679.15,7608
2021-05-19,00:00:00,6690.0,6739.95,6550.1,6582.35,2539
2021-05-20,00:00:00,6620.0,6978.0,6550.0,6870.4,16202
2021-05-21,00:00:00,6901.0,6988.0,6800.0,6827.45,5090
2021-05-24,00:00:00,6899.0,7100.0,6750.05,6797.65,14536
2021-05-25,00:00:00,6700.0,6792.05,6615.0,6626.85,9610
2021-05-26,00:00:00,6699.9,6709.7,6539.95,6556.45,4799
2021-05-27,00:00:00,6649.95,6650.0,6465.0,6504.95,8602
2021-05-28,00:00:00,6610.0,6674.0,6451.1,6497.3,4587
2021-05-31,00:00:00,6580.0,7753.35,6450.0,6676.35,17281
2021-06-01,00:00:00,6728.0,6729.8,6532.45,6578.65,3936
2021-06-02,00:00:00,6645.85,6670.0,6500.0,6612.7,2795
2021-06-03,00:00:00,6669.0,6669.0,6550.0,6575.2,2346
2021-06-04,00:00:00,6650.0,6898.0,6594.7,6809.0,9573
2021-06-07,00:00:00,6889.0,6949.0,6800.0,6807.6,5078
2021-06-08,00:00:00,6876.95,6883.0,6613.0,6690.05,4790
2021-06-09,00:00:00,6700.0,6790.25,6610.0,6641.85,5224
2021-06-10,00:00:00,6724.9,6725.0,6610.0,6627.1,2538
2021-06-11,00:00:00,6669.95,6759.0,6580.0,6614.55,8357
2021-06-14,00:00:00,6669.95,6688.95,6510.0,6539.9,4121
2021-06-15,00:00:00,6645.0,6649.95,6499.9,6526.85,3169
2021-06-16,00:00:00,6599.95,6600.0,6382.1,6421.75,4284
2021-06-17,00:00:00,6400.0,6498.65,6399.95,6449.2,3648
2021-06-18,00:00:00,6500.0,6510.8,6121.0,6397.7,9970
2021-06-21,00:00:00,6151.0,6299.0,6151.0,6242.95,11782
2021-06-22,00:00:00,6270.05,6389.0,6205.0,6228.55,5534
2021-06-23,00:00:00,6349.0,6349.0,6130.0,6152.7,5523
2021-06-24,00:00:00,6245.9,6245.9,6057.4,6077.1,10436
2021-06-25,00:00:00,6180.0,6194.0,6050.0,6126.4,21035
2021-06-28,00:00:00,6200.0,6650.0,6169.95,6528.65,32585
2021-06-29,00:00:00,6623.4,6725.0,6455.2,6529.5,22171
2021-06-30,00:00:00,6530.0,6590.0,6499.95,6514.2,4754
2021-07-01,00:00:00,6541.1,6680.0,6501.2,6622.85,7763
2021-07-02,00:00:00,6687.4,6908.0,6635.0,6779.15,23166
2021-07-05,00:00:00,6870.0,7384.4,6711.7,7288.9,42005
2021-07-06,00:00:00,7388.0,7427.95,6951.2,7012.5,26459
2021-07-07,00:00:00,7070.0,7091.15,6932.55,7037.8,25120
2021-07-08,00:00:00,7092.0,7338.0,7010.45,7246.3,39390
2021-07-09,00:00:00,7335.0,7549.0,7253.85,7498.9,36465
2021-07-12,00:00:00,7560.0,7709.8,7505.0,7601.15,20910
2021-07-13,00:00:00,7700.0,7740.1,7408.0,7469.0,13436
2021-07-14,00:00:00,7570.0,7757.0,7500.0,7594.3,23337
2021-07-15,00:00:00,7650.0,7700.0,7501.0,7528.1,8361
2021-07-16,00:00:00,7589.95,7884.0,7433.05,7716.05,22148
2021-07-19,00:00:00,7716.05,8050.05,7639.65,7830.7,37435
2021-07-20,00:00:00,7895.35,7934.0,7720.0,7779.45,16832
2021-07-22,00:00:00,7679.45,7850.0,7482.05,7768.95,16653
2021-07-23,00:00:00,7822.0,7970.0,7750.0,7760.9,11917
2021-07-26,00:00:00,7732.0,7800.0,7600.0,7636.6,10798
2021-07-27,00:00:00,7729.0,7824.95,7584.35,7760.35,9549
2021-07-28,00:00:00,7800.0,8125.0,7705.95,8014.1,21652
2021-07-29,00:00:00,8045.0,8324.0,8045.0,8240.3,36733
2021-07-30,00:00:00,8285.0,8750.0,8275.0,8633.8,43931
2021-08-02,00:00:00,8719.0,8880.45,8600.0,8657.3,24562
2021-08-03,00:00:00,8657.3,8685.35,8460.0,8504.5,9088
2021-08-04,00:00:00,8590.0,8724.0,8326.0,8384.9,12133
2021-08-05,00:00:00,8386.0,8532.95,8152.1,8477.0,11371
2021-08-06,00:00:00,8400.1,8655.0,8310.6,8376.6,6398
2021-08-09,00:00:00,8399.0,8450.0,8210.0,8234.3,5455
2021-08-10,00:00:00,8201.0,8383.45,7705.0,7941.75,16119
2021-08-11,00:00:00,8044.95,8240.0,7738.05,8193.55,18848
2021-08-12,00:00:00,8051.0,8410.0,8045.55,8263.35,7059
2021-08-13,00:00:00,8343.95,8343.95,8141.0,8201.6,4045
2021-08-16,00:00:00,8150.0,8187.65,7930.15,7970.1,10308
2021-08-17,00:00:00,8090.0,8170.05,7917.85,8088.35,8081
2021-08-18,00:00:00,8150.0,8175.0,7950.2,8024.4,4964
2021-08-20,00:00:00,7923.0,7981.2,7720.0,7756.5,8403
2021-08-23,00:00:00,7795.3,8158.0,7612.85,7674.75,13618
2021-08-24,00:00:00,7840.0,7850.0,7675.0,7834.4,4294
2021-08-25,00:00:00,7950.0,7950.0,7364.3,7700.85,8749
2021-08-26,00:00:00,7675.0,8164.05,7675.0,7867.4,20879
2021-08-27,00:00:00,7900.0,7999.0,7804.9,7853.75,4763
2021-08-30,00:00:00,7890.0,8000.0,7825.55,7909.8,4177
2021-08-31,00:00:00,7934.25,8119.95,7792.05,7983.35,6561
2021-09-01,00:00:00,7912.0,8031.55,7912.0,7942.75,2528
2021-09-02,00:00:00,7942.75,7986.65,7780.0,7819.6,6066
2021-09-03,00:00:00,7803.05,7990.0,7803.0,7876.3,2888
2021-09-06,00:00:00,7970.0,7981.05,7820.0,7872.9,2658
2021-09-07,00:00:00,7860.0,7880.0,7777.9,7801.5,2604
2021-09-08,00:00:00,7950.0,8050.05,7784.9,7804.85,12158
2021-09-09,00:00:00,7870.0,7897.25,7788.75,7809.15,4102
2021-09-13,00:00:00,7791.0,7970.0,7712.7,7879.0,4623
2021-09-14,00:00:00,7961.0,7961.0,7835.0,7862.0,4702
2021-09-15,00:00:00,7884.9,8125.0,7784.4,8021.55,7533
2021-09-16,00:00:00,8099.0,8340.0,8099.0,8161.25,14514
2021-09-17,00:00:00,8200.0,8390.0,7967.45,8278.1,15376
2021-09-20,00:00:00,8300.0,8350.0,7910.0,7949.25,6886
2021-09-21,00:00:00,8001.0,8073.6,7815.1,7867.7,6205
2021-09-22,00:00:00,7900.0,8037.65,7833.7,7940.7,3719
2021-09-23,00:00:00,7940.7,8050.0,7922.0,7974.3,4294
2021-09-24,00:00:00,8138.0,8138.9,7900.0,7922.5,5102
2021-09-27,00:00:00,7950.15,8167.0,7950.15,8083.4,5804
2021-09-28,00:00:00,8149.0,8324.65,8056.8,8212.15,11914
2021-09-29,00:00:00,8217.0,8249.0,7919.9,8183.6,4469
2021-09-30,00:00:00,8166.0,8270.0,8125.2,8171.8,7892
2021-10-01,00:00:00,8160.0,8238.3,8065.0,8111.85,2573
2021-10-04,00:00:00,8220.0,8260.9,8134.5,8210.4,6806
2021-10-05,00:00:00,8151.0,8550.0,8151.0,8378.35,12991
2021-10-06,00:00:00,8500.0,8540.0,8250.0,8296.35,9837
2021-10-07,00:00:00,8350.0,8453.05,8271.0,8294.15,2669
2021-10-08,00:00:00,8294.15,8318.5,8250.0,8259.2,3287
2021-10-11,00:00:00,8250.0,8490.0,8248.0,8324.85,5304
2021-10-12,00:00:00,8350.0,8387.0,8251.55,8302.3,3591
2021-10-13,00:00:00,8350.05,8440.05,8274.0,8303.25,9852
2021-10-14,00:00:00,8325.05,9171.95,8325.05,9032.8,89664
2021-10-18,00:00:00,9350.0,9470.0,9060.0,9113.55,35643
2021-10-19,00:00:00,9219.0,9260.0,8720.0,8813.4,10584
2021-10-20,00:00:00,8751.0,8895.7,8550.25,8782.95,11875
2021-10-21,00:00:00,8850.0,8936.05,8640.0,8704.6,8328
2021-10-22,00:00:00,8719.0,8861.85,8505.2,8546.7,5603
2021-10-25,00:00:00,8556.0,8653.15,8415.25,8446.55,6176
2021-10-26,00:00:00,8400.0,8750.0,8400.0,8631.2,5569
2021-10-27,00:00:00,8800.0,9350.0,8525.5,9151.2,70093
2021-10-28,00:00:00,9180.0,9266.1,8800.0,8881.45,14362
2021-10-29,00:00:00,8999.0,9048.95,8665.1,8741.5,9624
2021-11-01,00:00:00,8820.0,8899.7,8566.85,8713.75,7401
2021-11-02,00:00:00,8715.0,9050.0,8715.0,8975.6,6836
2021-11-03,00:00:00,8999.0,9190.0,8905.65,9135.5,9787
2021-11-04,00:00:00,9200.0,9250.0,8951.1,9105.75,2990
2021-11-08,00:00:00,9100.0,9610.5,9029.9,9483.7,21679
2021-11-09,00:00:00,9547.0,9825.0,9450.0,9676.25,21615
2021-11-10,00:00:00,9676.0,9750.0,9500.0,9543.4,6126
2021-11-11,00:00:00,9617.0,9665.7,9266.05,9331.25,10708
2021-11-12,00:00:00,9310.0,9830.0,9176.0,9780.75,26516
2021-11-15,00:00:00,9780.0,9954.5,9580.0,9655.3,10399
2021-11-16,00:00:00,9719.0,9770.0,9531.0,9566.25,4435
2021-11-17,00:00:00,9535.0,9644.4,9345.0,9379.75,5581
2021-11-18,00:00:00,9350.0,9496.1,9109.8,9169.8,8128
2021-11-22,00:00:00,9111.0,9212.0,8601.0,8815.4,8579
2021-11-23,00:00:00,8870.0,9000.0,8720.65,8945.9,4203
2021-11-24,00:00:00,8873.0,9150.95,8873.0,8928.85,5157
2021-11-25,00:00:00,9049.0,9049.0,8900.0,8962.7,2888
2021-11-26,00:00:00,8955.0,8986.0,8650.0,8662.85,6361
2021-11-29,00:00:00,8420.05,8665.0,8151.0,8308.8,13867
2021-11-30,00:00:00,8308.8,8655.0,8308.8,8520.2,9096
2021-12-01,00:00:00,8621.0,8879.95,8508.0,8831.6,9113
2021-12-02,00:00:00,8850.0,8961.55,8800.0,8853.15,5387
2021-12-03,00:00:00,8923.0,8961.5,8810.0,8826.1,3468
2021-12-06,00:00:00,8836.0,9065.85,8800.0,8842.6,7590
2021-12-07,00:00:00,8888.0,9380.0,8853.05,9156.6,29227
2021-12-08,00:00:00,9350.0,9446.0,9205.15,9268.25,12476
2021-12-09,00:00:00,9286.0,9436.1,9215.0,9293.7,7420
2021-12-10,00:00:00,9355.0,9540.0,9342.15,9406.8,10374
2021-12-13,00:00:00,9519.0,9585.95,9425.0,9437.8,4660
2021-12-14,00:00:00,9380.0,9451.9,9224.6,9277.15,4686
2021-12-15,00:00:00,9210.1,9450.0,9080.0,9104.1,6096
2021-12-16,00:00:00,9180.0,9236.65,9055.0,9108.25,3839
2021-12-17,00:00:00,9040.0,9198.0,8935.0,8983.45,8862
2021-12-20,00:00:00,8830.0,8899.85,8529.1,8605.25,10167
2021-12-21,00:00:00,8510.0,8906.35,8510.0,8574.75,8089
2021-12-22,00:00:00,8660.0,8900.0,8650.0,8676.8,14228
2021-12-23,00:00:00,8859.95,8859.95,8527.5,8565.95,7270
2021-12-24,00:00:00,8605.0,8749.0,8540.0,8558.2,5274
2021-12-27,00:00:00,8550.0,8730.1,8480.1,8551.6,6965
2021-12-28,00:00:00,8612.0,8780.0,8571.0,8587.85,18802
2021-12-29,00:00:00,8620.0,8749.95,8530.0,8654.25,10159
2021-12-30,00:00:00,8655.0,8705.2,8571.0,8594.45,5147
2021-12-31,00:00:00,8630.0,8681.2,8550.0,8575.85,6880
2022-01-03,00:00:00,8685.0,8977.55,8597.75,8875.5,21681
2022-01-04,00:00:00,8878.0,9480.0,8878.0,9440.3,42444
2022-01-05,00:00:00,9420.0,9599.0,9280.0,9338.8,17739
2022-01-06,00:00:00,9250.0,9550.0,9240.0,9493.8,25643
2022-01-07,00:00:00,9520.0,9638.8,9325.85,9510.05,25236
2022-01-10,00:00:00,9510.05,9698.7,9510.05,9596.35,9531
2022-01-11,00:00:00,9610.0,9765.0,9561.0,9618.55,13731
2022-01-12,00:00:00,9651.0,9733.25,9461.05,9561.15,7599
2022-01-13,00:00:00,9688.0,9751.8,9536.25,9690.65,10173
2022-01-14,00:00:00,9719.0,10439.95,9600.0,10105.0,64038
2022-01-17,00:00:00,10148.0,10425.0,10031.65,10238.25,19148
2022-01-18,00:00:00,10240.0,10698.5,10240.0,10384.85,33465
2022-01-19,00:00:00,10400.0,11027.0,10280.95,10950.9,43686
2022-01-20,00:00:00,10912.0,11180.0,10621.25,10720.05,18833
2022-01-21,00:00:00,10670.0,11136.75,10520.0,10938.65,19313
2022-01-24,00:00:00,10950.0,11142.95,10301.0,10430.4,19443
2022-01-25,00:00:00,10439.5,11023.0,10117.5,10904.3,20994
2022-01-27,00:00:00,10651.0,11250.0,10569.3,11222.65,16088
2022-01-28,00:00:00,11414.2,11570.0,10893.85,11049.75,18892
2022-01-31,00:00:00,11149.0,11289.7,10819.35,10912.35,8854
2022-02-01,00:00:00,10913.0,11099.0,10776.55,11014.45,9979
2022-02-02,00:00:00,11065.0,11366.45,11020.0,11133.3,10904
2022-02-03,00:00:00,11000.0,11224.0,10795.0,10845.6,4248
2022-02-04,00:00:00,10705.0,11047.9,10705.0,10835.0,8309
2022-02-07,00:00:00,10900.0,11400.0,10820.75,11171.2,25780
2022-02-08,00:00:00,11220.0,11290.0,10856.15,11076.6,14918
2022-02-09,00:00:00,11100.0,11770.0,11049.8,11691.95,33681
2022-02-10,00:00:00,11770.0,11790.0,11105.1,11177.85,16768
2022-02-11,00:00:00,11000.0,11099.95,10891.5,10944.65,7183
2022-02-14,00:00:00,10510.1,10960.0,10500.0,10710.85,17026
2022-02-15,00:00:00,10680.0,10990.05,10408.55,10802.9,18879
2022-02-16,00:00:00,10895.0,11034.9,10705.6,10792.35,7451
2022-02-17,00:00:00,10701.0,10892.45,10470.0,10561.25,6023
2022-02-18,00:00:00,10500.0,10681.95,10190.25,10252.55,5426
2022-02-21,00:00:00,10118.8,10396.6,10010.0,10102.0,8211
2022-02-22,00:00:00,9999.0,10121.4,9834.0,9949.0,10082
2022-02-23,00:00:00,10021.0,10133.95,9850.05,9888.55,5826
2022-02-24,00:00:00,9501.1,9680.0,9410.0,9615.25,22322
2022-02-25,00:00:00,9924.95,10253.15,9838.2,10203.05,10127
2022-02-28,00:00:00,10052.0,10485.85,10001.05,10321.15,12169
2022-03-02,00:00:00,10280.0,10445.0,10050.0,10357.7,9648
2022-03-03,00:00:00,10449.0,10589.85,10155.0,10220.05,5824
2022-03-04,00:00:00,10250.0,10499.95,9955.5,10146.7,10012
2022-03-07,00:00:00,10100.0,10100.0,9651.0,9892.2,12145
2022-03-08,00:00:00,9812.0,10127.9,9812.0,10044.95,5628
2022-03-09,00:00:00,10060.0,10362.0,10060.0,10172.1,5335
2022-03-10,00:00:00,10298.0,10430.45,10006.0,10032.55,3419
2022-03-11,00:00:00,10032.55,10235.0,10005.8,10182.45,2921
2022-03-14,00:00:00,10054.0,10246.45,9975.0,10043.65,5559
2022-03-15,00:00:00,10045.0,10175.95,9894.45,9962.6,4110
2022-03-16,00:00:00,10099.0,10134.0,9817.0,9882.1,7779
2022-03-17,00:00:00,10000.0,10199.0,9887.9,10003.6,14641
2022-03-21,00:00:00,10089.0,10102.9,9945.05,10006.0,3337
2022-03-22,00:00:00,10020.0,10790.0,10020.0,10593.75,17044
2022-03-23,00:00:00,10780.0,10780.0,9901.0,9957.45,33765
2022-03-24,00:00:00,9956.0,10000.0,9751.0,9806.85,13615
2022-03-25,00:00:00,9905.0,9961.25,9710.0,9745.4,4838
2022-03-28,00:00:00,9849.0,9900.0,9601.2,9770.1,8070
2022-03-29,00:00:00,9839.0,10000.0,9805.95,9932.7,6790
2022-03-30,00:00:00,9940.0,10000.0,9835.65,9885.35,4061
2022-03-31,00:00:00,9900.0,9950.0,9514.5,9618.15,10127
2022-04-01,00:00:00,9674.95,10134.0,9674.95,10010.65,14427
2022-04-04,00:00:00,9930.0,10139.95,9911.9,10044.9,4777
2022-04-05,00:00:00,10120.0,10299.95,9986.0,10090.05,5721
2022-04-06,00:00:00,10009.0,10370.0,10009.0,10123.5,9536
2022-04-07,00:00:00,10089.0,10234.0,9831.0,9861.7,9377
2022-04-08,00:00:00,9944.0,9997.0,9749.9,9794.55,9088
2022-04-11,00:00:00,9849.85,10244.0,9650.0,10203.15,14926
2022-04-12,00:00:00,10102.0,10288.0,9940.1,10039.55,5189
2022-04-13,00:00:00,10040.0,10167.8,9924.95,9968.5,3626
2022-04-18,00:00:00,9950.0,10080.0,9890.45,10030.4,3437
2022-04-19,00:00:00,9965.0,10090.0,9610.2,9751.0,6911
2022-04-20,00:00:00,9756.0,9919.3,9619.0,9663.7,5523
2022-04-21,00:00:00,9721.0,9865.0,9674.2,9802.4,2302
2022-04-22,00:00:00,9786.0,9860.2,9680.0,9696.7,2090
2022-04-25,00:00:00,9676.0,9760.0,9500.0,9544.35,3329
2022-04-26,00:00:00,9555.0,9726.95,9555.0,9650.6,1734
2022-04-27,00:00:00,9572.0,9663.75,9504.95,9621.05,2714
2022-04-28,00:00:00,9610.0,9674.15,9499.95,9520.0,3229
2022-04-29,00:00:00,9520.0,9638.95,9350.2,9384.1,2850
2022-05-02,00:00:00,9340.0,9372.1,9163.0,9245.9,4186
2022-05-04,00:00:00,9165.0,9289.9,8888.0,9012.65,10559
2022-05-05,00:00:00,9016.0,9185.0,8840.0,8976.8,10406
2022-05-06,00:00:00,8918.0,8918.0,8651.55,8803.1,5873
2022-05-09,00:00:00,8730.0,8988.35,8601.0,8884.75,7792
2022-05-10,00:00:00,8973.45,9455.55,8781.05,9170.2,24285
2022-05-11,00:00:00,9050.0,9070.0,8599.0,8664.2,10296
2022-05-12,00:00:00,8800.0,8950.0,8325.5,8406.8,19682
2022-05-13,00:00:00,8566.55,8685.0,8224.1,8327.45,11207
2022-05-16,00:00:00,8333.65,8500.0,8220.55,8335.55,3724
2022-05-17,00:00:00,8449.95,8650.0,8225.15,8586.5,4580
2022-05-18,00:00:00,8600.0,8765.05,8515.2,8561.8,3573
2022-05-19,00:00:00,8200.0,8429.2,8200.0,8314.0,4532
2022-05-20,00:00:00,8499.95,8850.0,8402.0,8792.4,9719
2022-05-23,00:00:00,8880.0,8945.95,8761.0,8771.0,3388
2022-05-24,00:00:00,8858.6,8858.6,8511.0,8534.8,3167
2022-05-25,00:00:00,8539.95,9010.7,8380.0,8930.15,15502
2022-05-26,00:00:00,8925.0,9175.0,8819.95,9125.55,5924
2022-05-27,00:00:00,9131.0,9383.0,9001.15,9227.55,6410
2022-05-30,00:00:00,9300.0,9418.8,9060.05,9106.0,3767
2022-05-31,00:00:00,9200.0,9468.75,9046.3,9349.55,5523
2022-06-01,00:00:00,9330.0,9448.05,9140.1,9202.1,3346
2022-06-02,00:00:00,9205.0,9375.0,9196.5,9239.25,2610
2022-06-03,00:00:00,9334.0,9340.0,9100.45,9153.7,1866
2022-06-06,00:00:00,9348.0,9348.0,9161.65,9217.6,1470
2022-06-07,00:00:00,9250.0,9277.15,9093.65,9215.4,1501
2022-06-08,00:00:00,9200.0,9330.35,9010.0,9039.95,3470
2022-06-09,00:00:00,8962.25,9124.0,8962.25,9089.85,2149
2022-06-10,00:00:00,9050.0,9248.0,9000.1,9185.55,1668
2022-06-13,00:00:00,9037.0,9037.45,8725.1,8764.3,3473
2022-06-14,00:00:00,8860.75,8903.3,8650.0,8697.35,3329
2022-06-15,00:00:00,8704.95,8995.0,8704.95,8917.65,3139
2022-06-16,00:00:00,8920.0,9015.5,8640.0,8696.85,4210
2022-06-17,00:00:00,8600.0,8768.0,8523.85,8688.7,3626
2022-06-20,00:00:00,8709.6,8718.05,8227.0,8274.45,8216
2022-06-21,00:00:00,8262.0,8599.0,8250.0,8524.25,4111
2022-06-22,00:00:00,8415.2,8495.4,8399.95,8458.9,1314
2022-06-23,00:00:00,8533.95,8628.95,8452.0,8587.95,817
2022-06-24,00:00:00,8547.85,9200.0,8497.1,9012.5,7500
2022-06-27,00:00:00,9049.0,9177.0,8944.35,8993.05,1941
2022-06-28,00:00:00,9010.0,9020.0,8886.45,8934.65,1662
2022-06-29,00:00:00,8930.0,8978.0,8851.0,8899.45,952
2022-06-30,00:00:00,8821.0,9044.3,8821.0,8981.85,4955
2022-07-01,00:00:00,9050.0,9068.0,8876.0,9040.05,1507
2022-07-04,00:00:00,9189.95,9239.7,9040.8,9157.9,2091
2022-07-05,00:00:00,9157.9,9251.0,9119.0,9187.5,1529
2022-07-06,00:00:00,9150.0,9258.0,9131.25,9216.2,998
2022-07-07,00:00:00,9215.0,9348.0,9160.0,9244.25,2137
2022-07-08,00:00:00,9220.2,9339.8,9210.0,9283.65,1851
2022-07-11,00:00:00,9334.8,9588.0,9258.6,9537.05,3034
2022-07-12,00:00:00,9569.0,9699.0,9461.45,9592.95,4637
2022-07-13,00:00:00,9594.0,9800.0,9556.0,9666.45,4152
2022-07-14,00:00:00,9666.45,9740.0,9517.45,9702.4,3849
2022-07-15,00:00:00,9606.0,9890.0,9606.0,9853.1,2951
2022-07-18,00:00:00,9977.7,10090.0,9870.2,10054.1,9658
2022-07-19,00:00:00,10069.0,10150.0,9900.0,9979.65,5228
2022-07-20,00:00:00,9999.95,10076.65,9862.25,9879.9,2691
2022-07-21,00:00:00,9931.9,10050.0,9880.0,9940.7,2171
2022-07-22,00:00:00,9980.0,10055.0,9970.0,10023.75,3142
2022-07-25,00:00:00,10050.0,10484.95,10050.0,10233.55,28177
2022-07-26,00:00:00,10324.0,10433.55,10161.75,10316.65,7251
2022-07-27,00:00:00,10300.0,10363.3,10205.05,10272.5,2463
2022-07-28,00:00:00,10326.0,10449.0,10253.05,10365.7,3368
2022-07-29,00:00:00,10450.0,10503.0,10354.0,10458.2,5060
2022-08-01,00:00:00,10500.1,10785.0,10410.0,10744.65,8359
2022-08-02,00:00:00,10719.0,10727.35,10529.95,10593.55,3705
2022-08-03,00:00:00,10675.0,10675.0,10501.05,10617.0,3448
2022-08-04,00:00:00,10617.0,10690.0,9999.95,10207.1,8786
2022-08-05,00:00:00,10198.0,10639.0,10178.05,10596.25,7079
2022-08-08,00:00:00,10525.0,10671.85,10326.25,10550.35,4642
2022-08-10,00:00:00,10480.0,10670.0,10480.0,10562.45,5693
2022-08-11,00:00:00,10670.0,11000.0,10500.0,10984.4,12612
2022-08-12,00:00:00,10985.0,11370.0,10710.0,11279.25,15173
2022-08-16,00:00:00,11300.0,11650.0,11300.0,11553.05,12286
2022-08-17,00:00:00,11635.0,11907.0,11575.0,11703.3,14598
2022-08-18,00:00:00,11640.05,11848.0,11500.05,11588.15,6895
2022-08-19,00:00:00,11588.15,11690.0,11188.65,11272.7,6071
2022-08-22,00:00:00,11250.0,11750.0,11204.05,11448.65,14901
2022-08-23,00:00:00,11300.0,11699.0,11220.0,11662.85,11601
2022-08-24,00:00:00,11662.0,11990.3,11500.0,11875.45,13495
2022-08-25,00:00:00,11989.95,12061.5,11611.1,11739.45,12300
2022-08-26,00:00:00,11730.0,12000.0,11650.0,11928.65,11525
2022-08-29,00:00:00,11505.0,11930.05,11505.0,11882.7,7096
2022-08-30,00:00:00,11987.4,12082.0,11761.05,12055.1,12995
2022-09-01,00:00:00,12000.0,12400.0,11765.0,12369.2,15086
2022-09-02,00:00:00,12400.0,12522.8,12339.75,12415.95,7760
2022-09-05,00:00:00,12449.7,12580.05,12250.0,12503.1,9483
2022-09-06,00:00:00,12598.4,12699.0,12465.85,12624.6,5879
2022-09-07,00:00:00,12560.0,12636.2,12475.25,12501.35,4418
2022-09-08,00:00:00,12674.95,12700.0,12480.7,12676.15,4961
2022-09-09,00:00:00,12690.0,13090.0,12497.1,12831.5,12532
2022-09-12,00:00:00,12842.0,13020.0,12711.5,12902.15,4760
2022-09-13,00:00:00,12992.15,12992.15,12650.0,12670.75,3457
2022-09-14,00:00:00,12510.0,13000.0,12510.0,12699.75,9961
2022-09-15,00:00:00,12798.0,12950.0,12415.35,12550.45,8153
2022-09-16,00:00:00,12550.0,12949.0,12269.5,12713.95,10185
2022-09-19,00:00:00,12713.95,12982.0,12551.0,12654.3,5883
2022-09-20,00:00:00,12800.0,12814.95,12651.1,12717.0,4085
2022-09-21,00:00:00,12602.0,12900.0,12602.0,12835.15,3741
2022-09-22,00:00:00,12718.5,13299.0,12718.5,13209.25,11590
2022-09-23,00:00:00,13180.0,13354.0,12672.6,12771.85,6764
2022-09-26,00:00:00,12645.0,12650.0,11802.0,11916.7,9918
2022-09-27,00:00:00,11900.0,12400.0,11799.05,11829.3,5565
2022-09-28,00:00:00,11888.45,12065.0,11697.1,11960.6,2969
2022-09-29,00:00:00,12300.0,12356.95,12105.05,12249.15,7974
2022-09-30,00:00:00,12111.0,12435.5,12111.0,12379.8,2790
2022-10-03,00:00:00,12380.5,12688.0,12293.05,12583.75,3726
2022-10-04,00:00:00,12650.0,12789.95,12554.95,12688.05,3264
2022-10-06,00:00:00,12688.05,12850.0,12500.2,12565.05,2651
2022-10-07,00:00:00,12627.9,12736.3,12500.0,12685.45,2814
2022-10-10,00:00:00,12570.1,12684.45,12355.0,12377.4,3954
2022-10-11,00:00:00,12439.3,12439.3,12250.0,12317.15,1590
2022-10-12,00:00:00,12378.0,12378.0,12015.1,12112.55,3414
2022-10-13,00:00:00,12173.15,12173.15,11934.5,12034.25,1783
2022-10-14,00:00:00,12097.6,12332.9,12097.6,12114.5,2364
2022-10-17,00:00:00,12175.1,12175.1,11830.0,11882.1,2672
2022-10-18,00:00:00,11941.55,12049.7,11905.05,11938.65,2796
2022-10-19,00:00:00,11998.35,12359.95,11938.65,12313.15,16395
2022-10-20,00:00:00,12205.0,12550.0,12201.5,12256.9,5923
2022-10-21,00:00:00,12640.0,12798.95,12355.1,12485.2,17226
2022-10-24,00:00:00,12700.0,12800.0,12585.0,12768.25,4432
2022-10-25,00:00:00,12711.15,12844.0,12461.15,12505.4,2491
2022-10-27,00:00:00,12571.2,12699.9,12441.15,12551.15,3633
2022-10-28,00:00:00,12563.8,12699.0,12540.05,12582.0,2168
2022-10-31,00:00:00,12600.0,12975.0,12600.0,12879.5,8232
2022-11-01,00:00:00,12943.9,13245.0,12775.9,12971.45,9891
2022-11-02,00:00:00,12950.0,13100.0,12821.95,12947.4,7458
2022-11-03,00:00:00,12855.0,13030.0,12850.0,12977.5,4489
2022-11-04,00:00:00,12981.0,13080.0,12922.6,13046.7,2113
2022-11-07,00:00:00,13111.95,13170.0,12879.05,13050.8,2542
2022-11-09,00:00:00,13150.0,13510.0,12975.65,13484.05,14510
2022-11-10,00:00:00,13500.0,13587.0,12810.0,13060.35,12736
2022-11-11,00:00:00,13251.0,13549.0,13120.0,13259.55,10075
2022-11-14,00:00:00,13200.0,13625.0,13200.0,13391.25,7628
2022-11-15,00:00:00,13630.0,13630.0,13001.55,13154.2,4866
2022-11-16,00:00:00,13154.2,13300.05,13050.05,13161.7,3178
2022-11-17,00:00:00,13105.0,13245.0,12852.0,13144.05,3882
2022-11-18,00:00:00,13209.6,13209.75,12995.05,13132.5,4075
2022-11-21,00:00:00,13198.2,13214.95,13025.0,13079.05,2564
2022-11-22,00:00:00,12975.0,13148.0,12962.0,13109.9,4803
2022-11-23,00:00:00,13148.95,13215.8,13062.6,13160.55,3346
2022-11-24,00:00:00,13200.0,13219.9,13111.75,13132.9,3054
2022-11-25,00:00:00,13199.9,13219.95,13015.0,13107.45,1616
2022-11-28,00:00:00,13111.0,13219.0,13028.6,13106.85,2694
2022-11-29,00:00:00,13021.0,13201.05,13021.0,13167.6,2608
2022-11-30,00:00:00,13167.6,13349.0,13070.05,13253.7,5092
2022-12-01,00:00:00,13323.5,13438.8,13231.75,13254.2,3550
2022-12-02,00:00:00,13155.0,13342.4,13150.05,13256.4,1946
2022-12-05,00:00:00,13425.0,13559.0,13230.8,13376.05,3704
2022-12-06,00:00:00,13440.0,13547.95,13275.05,13314.3,3507
2022-12-07,00:00:00,13300.0,13475.0,13214.2,13369.0,1330
2022-12-08,00:00:00,13332.0,13475.55,13300.0,13416.95,1983
2022-12-09,00:00:00,13352.35,13773.65,13338.05,13672.65,5824
2022-12-12,00:00:00,13800.0,13840.0,13570.0,13680.2,5729
2022-12-13,00:00:00,13752.2,14200.0,13608.55,13957.6,10394
2022-12-14,00:00:00,14050.0,14120.0,13514.05,13659.6,6997
2022-12-15,00:00:00,13740.0,13801.0,13211.0,13257.8,5751
2022-12-16,00:00:00,13403.65,13403.65,12712.05,12900.55,10531
2022-12-19,00:00:00,12802.65,12955.2,12600.0,12708.0,5854
2022-12-20,00:00:00,12815.0,12837.95,12375.05,12703.0,6807
2022-12-21,00:00:00,12750.0,12974.0,12534.7,12733.7,7511
2022-12-22,00:00:00,12805.0,12895.25,12224.35,12290.95,5439
2022-12-23,00:00:00,12200.0,12273.15,11250.15,11443.7,10071
2022-12-26,00:00:00,11360.0,12180.0,11360.0,11709.5,8472
2022-12-27,00:00:00,11775.0,12100.1,11755.5,11812.05,5159
2022-12-28,00:00:00,11874.2,11944.0,11740.0,11820.7,6137
2022-12-29,00:00:00,11821.0,11945.95,11710.0,11848.7,1797
2022-12-30,00:00:00,11911.1,12186.65,11875.0,12132.55,3276
2023-01-02,00:00:00,12140.0,12319.95,12079.0,12133.05,2037
2023-01-03,00:00:00,12208.25,12310.15,12141.5,12168.8,2307
2023-01-04,00:00:00,12269.0,12350.0,12000.0,12131.15,7633
2023-01-05,00:00:00,12150.0,12231.8,11810.0,11877.55,5538
2023-01-06,00:00:00,11900.0,12030.0,11875.0,11987.4,3440
2023-01-09,00:00:00,12070.0,12082.4,11906.45,11997.45,1866
2023-01-10,00:00:00,11985.0,12149.0,11881.75,11963.4,4847
2023-01-11,00:00:00,12011.2,12050.0,11715.05,11751.6,2465
2023-01-12,00:00:00,11771.45,11871.15,11501.0,11572.4,4567
2023-01-13,00:00:00,11580.0,11720.65,11360.25,11423.95,3056
2023-01-16,00:00:00,11484.1,11623.9,11451.05,11504.9,3991
2023-01-17,00:00:00,11504.9,11578.45,11350.4,11503.45,2635
2023-01-18,00:00:00,11510.0,11580.6,11380.0,11416.1,4527
2023-01-19,00:00:00,11426.05,11615.95,11133.5,11237.85,6799
2023-01-20,00:00:00,11297.0,11368.95,11012.0,11153.1,5068
2023-01-23,00:00:00,11231.55,11231.55,10901.0,10951.9,6277
2023-01-24,00:00:00,10977.75,11176.0,10914.2,11045.9,7266
2023-01-25,00:00:00,11068.2,11349.0,10900.0,11113.55,4492
2023-01-27,00:00:00,11108.35,11143.95,10850.0,11103.95,4507
2023-01-30,00:00:00,11003.0,11252.0,10822.25,10873.9,3122
2023-01-31,00:00:00,10890.0,11349.0,10890.0,11282.4,5936
2023-02-01,00:00:00,11300.0,11826.25,11299.95,11441.1,6162
2023-02-02,00:00:00,11727.1,11777.5,11068.05,11422.4,13611
2023-02-03,00:00:00,11447.0,11567.0,11270.25,11466.8,3497
2023-02-06,00:00:00,11466.8,11558.7,11333.85,11445.55,2116
2023-02-07,00:00:00,11402.0,11730.0,11379.55,11678.3,3399
2023-02-08,00:00:00,11670.0,11899.95,11624.65,11831.8,3965
2023-02-09,00:00:00,11830.95,11886.8,11370.95,11430.4,4282
2023-02-10,00:00:00,11285.05,11600.0,11285.05,11405.7,1959
2023-02-13,00:00:00,11465.7,11467.3,11202.6,11295.7,2941
2023-02-14,00:00:00,11313.8,11406.9,11232.15,11345.25,2339
2023-02-15,00:00:00,11405.0,11425.0,11266.6,11390.7,1782
2023-02-16,00:00:00,11404.95,11547.85,11370.8,11434.5,2046
2023-02-17,00:00:00,11430.0,11494.6,11187.1,11287.85,2462
2023-02-20,00:00:00,11287.85,11378.8,11250.0,11272.95,1201
2023-02-21,00:00:00,11272.95,11350.0,11225.0,11298.2,1537
2023-02-22,00:00:00,11242.0,11278.0,11099.95,11118.0,1513
2023-02-23,00:00:00,11176.5,11214.5,10813.35,10834.15,5298
2023-02-24,00:00:00,10834.15,10969.85,10442.3,10640.15,3477
2023-02-27,00:00:00,10599.0,10849.0,10299.95,10736.3,7288
2023-02-28,00:00:00,10792.8,10849.5,10611.05,10783.3,2853
2023-03-01,00:00:00,10838.95,10978.0,10800.0,10828.3,1596
2023-03-02,00:00:00,10870.0,10881.6,10629.45,10673.05,2310
2023-03-03,00:00:00,10848.95,10988.75,10750.0,10795.75,3184
2023-03-06,00:00:00,10815.0,11095.0,10559.65,10591.3,6760
2023-03-08,00:00:00,10592.0,10999.0,10592.0,10908.4,3569
2023-03-09,00:00:00,10933.2,10993.4,10811.0,10868.95,1835
2023-03-10,00:00:00,10800.0,10867.3,10676.0,10733.35,1592
2023-03-13,00:00:00,10770.0,10791.7,10251.0,10357.55,4736
2023-03-14,00:00:00,10357.55,10470.0,10051.0,10118.05,2784
2023-03-15,00:00:00,10118.05,10262.0,9911.0,10134.9,8548
2023-03-16,00:00:00,10100.0,10264.05,10050.0,10158.25,3173
2023-03-17,00:00:00,10234.95,10235.0,10090.05,10113.75,2513
2023-03-20,00:00:00,10215.0,10290.0,9985.0,10158.05,2341
2023-03-21,00:00:00,10130.0,10350.0,10010.0,10325.7,4930
2023-03-22,00:00:00,10405.0,10649.0,10372.0,10570.0,3617
2023-03-23,00:00:00,10500.0,10650.25,10454.0,10581.55,1145
2023-03-24,00:00:00,10637.15,10637.15,10111.1,10279.7,3032
2023-03-27,00:00:00,10186.2,10299.95,9999.0,10018.0,3943
2023-03-28,00:00:00,10018.0,10104.15,9900.15,9962.6,2710
2023-03-29,00:00:00,9990.0,10180.0,9920.0,10052.65,5702
2023-03-31,00:00:00,10200.0,10269.9,9806.5,9982.3,5589
2023-04-03,00:00:00,10100.0,10275.0,9975.0,9996.85,9153
2023-04-05,00:00:00,10087.35,10126.85,9982.4,9998.7,4799
2023-04-06,00:00:00,9999.0,10450.0,9975.05,10405.95,19270
2023-04-10,00:00:00,10600.0,10723.95,10425.9,10641.5,5361
2023-04-11,00:00:00,10679.95,11074.5,10650.0,10980.95,7918
2023-04-12,00:00:00,10989.95,11225.0,10793.2,10989.45,7101
2023-04-13,00:00:00,10989.45,11138.0,10850.1,10871.85,1892
2023-04-17,00:00:00,10899.95,10899.95,10561.1,10733.4,3196
2023-04-18,00:00:00,10779.45,10828.95,10655.0,10682.05,1698
2023-04-19,00:00:00,10660.0,10735.45,10552.1,10588.75,2213
2023-04-20,00:00:00,10580.0,10820.35,10536.6,10595.7,3383
2023-04-21,00:00:00,10615.0,10649.95,10440.0,10527.2,11443
2023-04-24,00:00:00,10582.6,10730.0,10472.05,10527.75,6560
2023-04-25,00:00:00,10520.8,10690.0,10514.75,10592.65,2793
2023-04-26,00:00:00,10599.0,10763.7,10507.2,10530.4,9033
2023-04-27,00:00:00,10585.8,10720.1,10520.5,10530.0,10302
2023-04-28,00:00:00,10625.3,10805.0,10430.1,10673.8,26281
2023-05-02,00:00:00,11000.0,11499.0,10825.15,11320.8,28807
2023-05-03,00:00:00,11250.0,11367.95,11020.0,11052.3,9896
2023-05-04,00:00:00,11088.3,11310.0,11000.0,11180.2,8063
2023-05-05,00:00:00,11150.1,11239.0,10900.0,10918.15,9713
2023-05-08,00:00:00,10986.1,11194.0,10820.0,10879.05,15829
2023-05-09,00:00:00,10875.0,11030.3,10850.1,10883.45,3588
2023-05-10,00:00:00,10940.7,11192.4,10852.0,11136.7,7036
2023-05-11,00:00:00,11136.7,11365.0,11126.3,11319.15,12322
2023-05-12,00:00:00,11400.0,11533.3,11300.0,11392.8,9090
2023-05-15,00:00:00,11350.0,11490.0,11320.1,11457.75,6353
2023-05-16,00:00:00,11457.75,11689.5,11301.0,11334.45,8720
2023-05-17,00:00:00,11388.8,11480.0,11231.4,11257.7,5957
2023-05-18,00:00:00,11312.0,11431.0,11180.0,11193.25,4388
2023-05-19,00:00:00,11250.1,11373.5,11130.15,11234.7,6882
2023-05-22,00:00:00,11350.0,11399.1,11200.0,11252.3,6414
2023-05-23,00:00:00,11300.0,11499.0,11298.1,11398.9,6682
2023-05-24,00:00:00,11454.7,11458.95,11149.95,11195.9,4039
2023-05-25,00:00:00,11089.95,11700.0,11051.3,11508.55,20710
2023-05-26,00:00:00,11600.0,11700.2,11392.25,11604.35,6523
2023-05-29,00:00:00,11604.35,11776.0,11579.7,11683.65,8175
2023-05-30,00:00:00,11683.65,11765.0,11501.0,11544.4,8503
2023-05-31,00:00:00,11551.0,11648.0,11251.0,11452.6,16804
2023-06-01,00:00:00,11520.0,11639.9,11450.0,11501.7,4391
2023-06-02,00:00:00,11546.6,11605.8,11450.0,11486.25,3393
2023-06-05,00:00:00,11590.0,11590.0,11455.0,11483.55,2618
2023-06-06,00:00:00,11485.0,11599.0,11450.05,11564.4,3101
2023-06-07,00:00:00,11599.95,11760.0,11548.5,11707.45,6722
2023-06-08,00:00:00,11825.0,12284.95,11770.15,12163.7,18690
2023-06-09,00:00:00,12220.2,12249.45,11920.5,12162.95,8479
2023-06-12,00:00:00,12170.0,12377.0,12170.0,12313.1,5567
2023-06-13,00:00:00,12323.0,12483.8,12208.15,12267.65,7455
2023-06-14,00:00:00,12360.0,12433.0,12208.0,12386.8,5438
2023-06-15,00:00:00,12396.0,12530.0,12275.0,12462.35,8863
2023-06-16,00:00:00,12465.0,12824.5,12434.55,12770.5,7788
2023-06-19,00:00:00,12770.5,12844.95,12675.0,12804.7,4727
2023-06-20,00:00:00,12801.0,12967.5,12742.5,12803.05,5184
2023-06-21,00:00:00,12823.0,13068.95,12750.0,12931.55,6729
2023-06-22,00:00:00,12949.0,13020.0,12850.0,12910.05,4982
2023-06-23,00:00:00,12947.95,13255.35,12800.0,13154.0,9478
2023-06-26,00:00:00,13150.0,13150.0,12605.25,12765.85,12282
2023-06-27,00:00:00,12800.0,12932.0,12750.05,12768.25,2919
2023-06-28,00:00:00,12768.25,12921.95,12545.0,12582.4,6294
2023-06-30,00:00:00,12648.6,12845.0,12604.0,12669.1,5139
2023-07-03,00:00:00,12783.7,13511.0,12783.7,13460.75,26351
2023-07-04,00:00:00,13460.75,13770.0,13350.0,13560.75,14988
2023-07-05,00:00:00,13500.05,13822.85,13452.0,13615.35,7669
2023-07-06,00:00:00,13615.35,13921.7,13437.15,13794.5,10766
2023-07-07,00:00:00,13666.0,13740.0,13510.0,13565.55,4100
2023-07-10,00:00:00,13565.55,13792.85,13500.35,13667.75,6608
2023-07-11,00:00:00,13739.7,13923.0,13449.95,13580.6,5586
2023-07-12,00:00:00,13690.0,13721.85,13408.0,13503.15,3995
2023-07-13,00:00:00,13574.15,13680.0,13471.35,13505.15,3569
2023-07-14,00:00:00,13576.2,13770.0,13521.05,13729.15,6540
2023-07-17,00:00:00,13800.0,14428.95,13757.35,14333.95,13020
2023-07-18,00:00:00,14360.0,14441.5,13851.05,13961.9,11615
2023-07-19,00:00:00,13961.9,14165.95,13961.9,14010.1,3529
2023-07-20,00:00:00,14030.0,14250.0,13540.0,13611.65,12985
2023-07-21,00:00:00,13615.0,13990.5,13580.0,13907.1,7317
2023-07-24,00:00:00,13890.0,13980.0,13599.95,13620.85,5481
2023-07-25,00:00:00,13620.85,13924.9,13620.3,13890.2,4736
2023-07-26,00:00:00,13924.9,13942.5,13620.0,13669.2,2727
2023-07-27,00:00:00,13670.0,13823.15,13611.35,13791.35,4279
2023-07-28,00:00:00,13791.3,13925.05,13666.0,13916.3,4504
2023-07-31,00:00:00,13920.0,14349.0,13700.0,14110.4,13152
2023-08-01,00:00:00,14110.0,14184.7,13854.4,14007.55,5416
2023-08-02,00:00:00,14050.0,14118.45,13502.0,13744.45,4922
2023-08-03,00:00:00,13555.0,13698.75,13360.0,13444.5,7845
2023-08-04,00:00:00,13566.1,13664.95,13402.0,13454.65,2862
2023-08-07,00:00:00,13405.0,13698.0,13350.0,13479.2,4287
2023-08-08,00:00:00,13544.95,13544.95,13321.7,13373.5,3976
2023-08-09,00:00:00,13412.0,13467.95,13046.3,13241.25,5070
2023-08-10,00:00:00,13220.0,13430.4,13100.0,13175.15,4742
2023-08-11,00:00:00,13294.75,13322.45,13125.0,13154.8,3398
2023-08-14,00:00:00,13273.7,13360.6,13135.0,13288.65,3065
2023-08-16,00:00:00,13358.0,13394.0,13205.0,13313.25,1514
2023-08-17,00:00:00,13383.3,13413.25,12831.8,12897.75,8028
2023-08-18,00:00:00,12950.0,13246.0,12857.0,12992.05,2860
2023-08-21,00:00:00,12990.0,13132.45,12920.0,13079.3,2482
2023-08-22,00:00:00,13198.1,13370.1,13110.0,13327.6,3347
2023-08-23,00:00:00,13397.7,13680.0,13336.6,13604.75,33354
2023-08-24,00:00:00,13777.7,13799.0,13308.3,13477.6,9948
2023-08-25,00:00:00,13477.6,13663.15,13405.0,13535.15,3157
2023-08-28,00:00:00,13600.0,13621.25,13311.9,13362.1,3187
2023-08-29,00:00:00,13401.0,13817.0,13401.0,13800.15,8820
2023-08-30,00:00:00,13799.95,14175.0,13740.0,14078.1,8326
2023-08-31,00:00:00,14080.0,15499.9,14070.8,15330.65,54181
2023-09-01,00:00:00,15330.65,15497.9,14956.1,15132.35,12549
2023-09-04,00:00:00,15450.0,15450.0,15001.05,15189.65,11208
2023-09-05,00:00:00,15200.0,15290.0,15025.0,15162.85,4893
2023-09-06,00:00:00,15166.0,15264.95,14705.0,14755.2,5725
2023-09-07,00:00:00,14830.0,15175.0,14761.25,15047.55,5340
2023-09-08,00:00:00,15099.95,15125.0,14801.1,14855.05,3899
2023-09-11,00:00:00,14988.8,15030.0,14815.1,14923.35,2733
2023-09-12,00:00:00,14965.8,14980.0,14375.15,14536.6,5547
2023-09-13,00:00:00,14585.0,14928.0,14580.0,14881.05,3618
2023-09-14,00:00:00,14902.05,15168.0,14850.0,14932.15,2412
2023-09-15,00:00:00,15010.7,15328.0,14905.0,15161.25,3048
2023-09-18,00:00:00,15161.0,15275.95,14910.1,14980.55,2044
2023-09-20,00:00:00,14880.55,15068.75,14800.0,14936.1,3044
2023-09-21,00:00:00,14910.05,15025.0,14650.0,14985.3,3744
2023-09-22,00:00:00,14985.3,15161.85,14810.05,14862.1,2247
2023-09-25,00:00:00,14940.3,14963.6,14650.0,14694.3,2809
2023-09-26,00:00:00,14827.1,14827.1,14670.55,14754.0,2548
2023-09-27,00:00:00,14766.6,14870.0,14640.15,14687.15,1263
2023-09-28,00:00:00,14705.7,14705.7,14454.55,14487.1,2554
2023-09-29,00:00:00,14487.1,14644.95,14487.1,14572.85,2055
2023-10-03,00:00:00,14572.05,14800.0,14384.15,14568.85,13949
2023-10-04,00:00:00,14456.0,14536.25,14275.4,14327.5,12817
2023-10-05,00:00:00,14402.9,14499.95,14280.4,14316.55,1707
2023-10-06,00:00:00,14384.8,14498.0,14251.1,14296.0,2405
2023-10-09,00:00:00,14296.0,14363.65,14041.5,14104.8,2571
2023-10-10,00:00:00,14150.0,14160.0,13853.3,13940.85,4666
2023-10-11,00:00:00,13926.0,14125.85,13926.0,14040.3,2184
2023-10-12,00:00:00,14099.0,14114.15,13966.65,14025.3,1426
2023-10-13,00:00:00,14099.0,14099.0,13905.3,13965.4,1205
2023-10-16,00:00:00,14031.0,14079.95,13801.0,13844.0,2095
2023-10-17,00:00:00,13852.0,14150.0,13852.0,14102.1,3550
2023-10-18,00:00:00,14003.2,14123.85,13900.0,13939.4,2232
2023-10-19,00:00:00,13939.0,14059.4,13869.2,13962.75,1508
2023-10-20,00:00:00,14036.2,14119.95,13936.65,14061.8,2557
2023-10-23,00:00:00,14002.0,14092.7,13890.0,13988.8,3000
2023-10-25,00:00:00,14000.0,14062.4,13400.0,13785.4,2852
2023-10-26,00:00:00,13900.95,13920.0,12925.0,13201.1,16660
2023-10-27,00:00:00,13250.0,13636.3,13200.0,13379.8,5201
2023-10-30,00:00:00,13430.0,13457.6,13250.15,13341.2,2511
2023-10-31,00:00:00,13411.4,13459.95,13131.35,13204.1,3577
2023-11-01,00:00:00,13204.1,13309.95,12990.1,13027.1,3032
2023-11-02,00:00:00,13095.7,13128.85,12908.7,12985.8,2233
2023-11-03,00:00:00,13005.0,13209.0,12917.2,13029.65,7610
2023-11-06,00:00:00,13118.0,13300.0,13061.2,13142.95,2298
2023-11-07,00:00:00,13180.0,13250.0,12990.0,13022.95,2630
2023-11-08,00:00:00,13091.5,13130.75,12900.0,12965.4,3477
2023-11-09,00:00:00,12972.4,13070.0,12831.0,12888.95,2501
2023-11-10,00:00:00,12956.8,12990.0,12801.0,12837.75,1403
2023-11-12,00:00:00,13000.0,13224.0,13000.0,13169.65,1247
2023-11-13,00:00:00,13189.95,13189.95,12865.0,12938.2,3160
2023-11-15,00:00:00,12960.0,13102.4,12751.0,12906.9,6929
2023-11-16,00:00:00,12906.9,13094.85,12722.3,12782.05,5533
2023-11-17,00:00:00,12782.05,12994.95,12769.3,12965.6,6009
2023-11-20,00:00:00,12906.0,13082.8,12877.55,13004.45,3014
2023-11-21,00:00:00,13090.0,13198.9,12921.1,12935.05,10355
2023-11-22,00:00:00,12935.05,13123.05,12935.05,13059.1,1724
2023-11-23,00:00:00,13170.0,13170.0,12950.25,12965.7,2656
2023-11-24,00:00:00,13015.7,13263.0,12976.25,13163.75,8895
2023-11-28,00:00:00,13250.0,13460.0,13240.05,13436.05,4663
2023-11-29,00:00:00,13492.95,13525.0,13110.95,13274.9,8871
2023-11-30,00:00:00,13210.0,13357.05,13151.15,13184.85,6274
2023-12-01,00:00:00,13290.0,13379.45,13105.0,13151.95,2502
2023-12-04,00:00:00,13271.35,13499.9,13188.4,13434.25,6036
2023-12-05,00:00:00,13370.1,13864.9,13350.0,13807.65,6652
2023-12-06,00:00:00,13801.65,13922.9,13640.0,13830.35,3509
2023-12-07,00:00:00,13888.0,13917.8,13705.0,13766.85,2563
2023-12-08,00:00:00,13806.0,13868.0,13475.0,13509.5,2354
2023-12-11,00:00:00,13600.0,13631.6,13465.0,13497.2,1833
2023-12-12,00:00:00,13565.0,13565.0,13300.0,13382.5,1961
2023-12-13,00:00:00,13465.0,13465.0,13300.0,13400.65,1238
2023-12-14,00:00:00,13521.85,13603.95,13405.75,13518.85,2351
2023-12-15,00:00:00,13520.0,13708.75,13520.0,13562.4,2224
2023-12-18,00:00:00,13550.0,13670.1,13501.05,13558.7,1844
2023-12-19,00:00:00,13560.45,13665.0,13514.1,13554.9,3379
2023-12-20,00:00:00,13622.0,13650.0,13516.35,13533.75,4696
2023-12-21,00:00:00,13470.0,13525.0,13299.65,13418.15,6001
2023-12-22,00:00:00,13420.1,13571.0,13221.45,13316.65,19682
2023-12-26,00:00:00,13316.65,13396.95,13162.7,13199.6,4073
2023-12-27,00:00:00,13199.9,13418.45,13199.9,13338.0,1850
2023-12-28,00:00:00,13345.0,13369.65,13218.0,13244.9,2391
2023-12-29,00:00:00,13244.9,13900.0,13200.0,13738.75,19373
2024-01-01,00:00:00,13738.75,13888.55,13650.0,13722.9,2901
2024-01-02,00:00:00,13735.45,13795.75,13500.05,13563.9,2323
2024-01-03,00:00:00,13650.0,13904.45,13472.55,13692.7,3630
2024-01-04,00:00:00,13675.0,13777.0,13550.1,13649.8,11034
2024-01-05,00:00:00,13670.0,14274.9,13652.2,14141.45,13087
2024-01-08,00:00:00,14270.4,14435.25,14102.65,14169.35,5338
2024-01-09,00:00:00,14399.9,14399.9,13870.0,13939.7,13863
2024-01-10,00:00:00,13999.0,13999.0,13768.75,13876.6,3584
2024-01-11,00:00:00,13945.5,14122.1,13842.0,13909.9,2758
2024-01-12,00:00:00,14000.0,14059.0,13740.7,13789.45,2068
2024-01-15,00:00:00,13800.0,13889.95,13635.0,13672.5,2422
2024-01-16,00:00:00,13778.0,13801.0,13486.3,13542.35,3060
2024-01-17,00:00:00,13555.5,13623.4,13350.0,13405.85,2277
2024-01-18,00:00:00,13411.0,13500.0,13175.05,13394.35,2321
2024-01-19,00:00:00,13473.4,13668.7,13358.85,13504.45,2860
2024-01-20,00:00:00,13406.05,13665.6,13406.05,13609.3,828
2024-01-23,00:00:00,13984.9,13984.9,13270.0,13357.2,3340
2024-01-24,00:00:00,13400.0,13509.7,13050.0,13248.3,4904
2024-01-25,00:00:00,13313.25,13359.95,13165.0,13189.4,769
2024-01-29,00:00:00,13149.4,13369.9,12984.2,13099.05,4831
2024-01-30,00:00:00,13060.0,13269.9,13000.0,13032.1,1727
2024-01-31,00:00:00,13081.0,13790.0,13022.05,13720.15,6956
2024-02-01,00:00:00,13788.7,13843.2,13552.6,13764.55,1984
2024-02-02,00:00:00,13720.0,13950.0,13658.45,13745.45,2907
2024-02-05,00:00:00,13760.95,13897.85,13622.25,13736.95,3892
2024-02-06,00:00:00,13805.65,14120.0,13788.8,13919.8,5364
2024-02-07,00:00:00,14219.95,14272.3,14018.0,14092.85,9103
2024-02-08,00:00:00,14199.85,14210.05,13772.4,13827.8,5060
2024-02-09,00:00:00,13952.7,13952.7,13720.6,13778.85,6013
2024-02-12,00:00:00,13847.75,13847.75,13608.8,13616.6,6903
2024-02-13,00:00:00,13621.0,13992.0,13544.4,13948.9,4248
2024-02-14,00:00:00,13710.0,14100.05,13674.1,13931.55,5591
2024-02-15,00:00:00,13931.55,14379.9,13730.1,14095.55,6437
2024-02-16,00:00:00,13905.0,14980.0,13905.0,14882.95,14937
2024-02-19,00:00:00,14920.6,15000.0,14800.2,14854.0,4492
2024-02-20,00:00:00,14850.0,14968.1,14671.0,14723.95,2539
2024-02-21,00:00:00,14797.55,14825.0,14507.5,14618.35,3772
2024-02-22,00:00:00,14676.7,14895.9,14488.8,14738.85,1926
2024-02-23,00:00:00,14800.0,14940.0,14677.45,14753.2,2224
2024-02-26,00:00:00,14772.35,14940.0,14745.8,14779.35,3114
2024-02-27,00:00:00,14799.95,14851.35,14659.8,14721.05,1368
2024-02-28,00:00:00,14851.0,14851.0,14477.9,14497.5,3330
2024-02-29,00:00:00,14539.95,14539.95,14344.4,14464.25,3435
2024-03-01,00:00:00,14594.95,14949.0,14455.0,14803.0,3020
2024-03-02,00:00:00,14654.95,14998.0,14623.0,14671.1,220
2024-03-04,00:00:00,14891.1,14891.1,14301.0,14471.0,1688
2024-03-05,00:00:00,14471.0,14749.0,14171.0,14568.4,1529
2024-03-06,00:00:00,14612.15,14612.15,14431.4,14465.75,1829
2024-03-07,00:00:00,14466.25,14870.0,14445.3,14691.35,3139
2024-03-11,00:00:00,14691.35,14739.95,14463.4,14477.1,1734
2024-03-12,00:00:00,14328.0,14474.95,14005.55,14038.7,4546
2024-03-13,00:00:00,13950.0,14165.6,13333.05,13725.5,13172
2024-03-14,00:00:00,13777.0,14216.0,13514.7,13990.3,3762
2024-03-15,00:00:00,14260.0,14260.0,13666.0,13840.25,3717
2024-03-18,00:00:00,13891.0,14000.0,13668.05,13906.25,2759
2024-03-19,00:00:00,13837.0,14000.0,13750.0,13928.45,2440
2024-03-20,00:00:00,13943.35,14157.7,13837.0,14047.25,2225
2024-03-21,00:00:00,14109.25,14441.0,14109.25,14371.2,2643
2024-03-22,00:00:00,14439.0,14700.0,14364.55,14468.65,3554
2024-03-26,00:00:00,14325.0,14680.0,14325.0,14443.2,2624
2024-03-27,00:00:00,14593.2,16650.0,14500.9,15124.75,209773
2024-03-28,00:00:00,15124.0,15570.0,14733.15,15192.3,42157
2024-04-01,00:00:00,15264.75,15799.0,15151.6,15576.65,18200
2024-04-02,00:00:00,15664.5,16558.4,15600.0,16365.1,25349
2024-04-03,00:00:00,16340.05,17600.05,16207.1,17387.65,43103
2024-04-04,00:00:00,17450.0,17794.15,16939.0,17121.75,15937
2024-04-05,00:00:00,17200.0,17500.0,16930.1,17139.5,8599
2024-04-08,00:00:00,17140.0,17550.0,16929.4,17036.4,7097
2024-04-09,00:00:00,17250.0,17451.0,16720.1,16880.0,5770
2024-04-10,00:00:00,16990.0,17390.0,16812.2,16909.25,5322
2024-04-12,00:00:00,17145.5,17145.5,16767.9,16992.85,5214
2024-04-15,00:00:00,16839.9,17439.9,16284.05,17233.6,8907
2024-04-16,00:00:00,17348.95,17549.0,16985.6,17061.0,8418
2024-04-18,00:00:00,17200.1,17270.05,16540.75,16763.95,12498
2024-04-19,00:00:00,16999.0,17000.0,16571.55,16895.55,3853
2024-04-22,00:00:00,16900.0,17287.1,16900.0,17045.5,3455
2024-04-23,00:00:00,17340.0,17340.0,16865.1,16927.35,3401
2024-04-24,00:00:00,16927.35,17044.65,16700.0,16734.25,2700
2024-04-25,00:00:00,16870.0,16870.0,16598.0,16718.25,2491
2024-04-26,00:00:00,16700.0,16845.05,16550.0,16650.05,2180
2024-04-29,00:00:00,16663.85,16762.0,16439.8,16563.7,3378
2024-04-30,00:00:00,16700.0,16990.0,16530.0,16873.35,3561
2024-05-02,00:00:00,16889.95,17248.6,16632.05,17017.4,7524
2024-05-03,00:00:00,16905.1,17170.0,16816.0,16959.4,3313
2024-05-06,00:00:00,16959.4,17063.45,16612.05,16687.65,2785
2024-05-07,00:00:00,16625.1,16737.35,16200.0,16476.5,3345
2024-05-08,00:00:00,16476.55,16849.7,16352.0,16709.2,3536
2024-05-09,00:00:00,16578.0,16790.0,16208.5,16425.6,5974
2024-05-10,00:00:00,16424.0,16528.9,16235.0,16328.6,4032
2024-05-13,00:00:00,16420.0,16420.0,16201.0,16307.2,6899
2024-05-14,00:00:00,16281.75,16574.9,16275.1,16460.25,3381
2024-05-15,00:00:00,16501.0,16740.0,16458.0,16598.55,2518
2024-05-16,00:00:00,16610.0,16786.6,16610.0,16700.6,1739
2024-05-17,00:00:00,16750.75,17460.0,16681.35,17209.6,7961
2024-05-18,00:00:00,17249.4,17424.9,17001.0,17121.9,405
2024-05-21,00:00:00,17190.0,17374.9,17034.0,17257.7,4376
2024-05-22,00:00:00,17309.45,17550.0,17001.0,17069.2,5260
2024-05-23,00:00:00,17010.0,17177.25,17002.0,17022.6,2011
2024-05-24,00:00:00,17010.0,17150.0,16500.1,16557.5,6915
2024-05-27,00:00:00,16758.0,16994.0,16350.0,16443.55,4714
2024-05-28,00:00:00,16001.0,16099.85,15710.0,15782.65,15701
2024-05-29,00:00:00,15893.15,15893.15,15601.0,15687.95,4035
2024-05-30,00:00:00,15605.05,15780.05,15459.8,15618.5,4571
2024-05-31,00:00:00,15600.0,16182.0,15587.05,15943.85,11092
2024-06-03,00:00:00,16150.0,16300.0,15976.0,16141.65,4983
2024-06-04,00:00:00,16206.15,16206.15,14568.8,15090.55,11835
2024-06-05,00:00:00,15241.45,16200.0,14666.65,15711.55,9980
2024-06-06,00:00:00,15832.0,16128.0,15800.0,16075.25,3385
2024-06-07,00:00:00,16139.45,16139.45,15668.55,15838.85,3086
2024-06-10,00:00:00,15980.0,16045.0,15782.4,15846.4,2027
2024-06-11,00:00:00,15970.0,15970.0,15802.5,15855.3,912
2024-06-12,00:00:00,15934.6,15966.0,15760.05,15775.3,4246
2024-06-13,00:00:00,15890.95,16043.8,15704.9,15931.2,5013
2024-06-14,00:00:00,16033.0,16200.0,15775.0,16129.2,3679
2024-06-18,00:00:00,16308.35,16495.0,16170.95,16401.95,4118
2024-06-19,00:00:00,16430.05,16743.95,16184.6,16620.7,7948
2024-06-20,00:00:00,16622.3,16799.95,16505.0,16659.0,2460
2024-06-21,00:00:00,16663.95,16813.95,16108.5,16300.0,7757
2024-06-24,00:00:00,16390.0,16685.0,16185.0,16302.4,4012
2024-06-25,00:00:00,16415.0,17461.9,16266.6,17102.6,13040
2024-06-26,00:00:00,17188.15,17699.8,16960.0,17400.45,12169
2024-06-27,00:00:00,17383.45,17509.5,16875.4,16961.5,4064
2024-06-28,00:00:00,17115.2,17490.0,16855.05,17022.0,5120
2024-07-01,00:00:00,17002.15,17351.0,16710.0,16766.45,5254
2024-07-02,00:00:00,16915.0,16915.0,16407.0,16479.4,4229
2024-07-03,00:00:00,16620.0,16650.0,16344.05,16442.8,6541
2024-07-04,00:00:00,16570.0,16737.8,16500.0,16565.75,3128
2024-07-05,00:00:00,16655.0,16655.9,16422.2,16464.3,3435
2024-07-08,00:00:00,16650.0,16727.7,16150.0,16208.85,6487
2024-07-09,00:00:00,16322.25,16341.45,15957.1,16008.4,6843
2024-07-10,00:00:00,16010.0,16325.0,15800.2,15831.6,4951
2024-07-11,00:00:00,15999.5,16151.0,15751.05,16102.9,3263
2024-07-12,00:00:00,16215.0,16244.9,15801.0,15871.55,2893
2024-07-15,00:00:00,16100.0,16100.0,15800.0,15830.2,3378
2024-07-16,00:00:00,15973.7,16067.65,15697.35,15922.3,2086
2024-07-18,00:00:00,15949.95,16070.0,15651.6,15736.8,1525
2024-07-19,00:00:00,15780.0,15839.6,15425.0,15639.8,4077
2024-07-22,00:00:00,15600.05,15824.85,15552.05,15641.65,2039
2024-07-23,00:00:00,15840.0,16091.4,15341.7,16052.3,3918
2024-07-24,00:00:00,15875.0,16041.95,15520.05,15641.95,4430
2024-07-25,00:00:00,15679.0,15898.9,15502.0,15587.3,3009
2024-07-26,00:00:00,15720.0,15949.95,15351.1,15718.25,6758
2024-07-29,00:00:00,15860.75,16190.0,15570.0,15595.85,6810
2024-07-30,00:00:00,15700.0,15999.95,15645.0,15791.2,3757
2024-07-31,00:00:00,15934.4,15934.4,15287.0,15634.15,19248
2024-08-01,00:00:00,15460.0,15460.0,15110.0,15171.9,10096
2024-08-02,00:00:00,15199.0,15330.0,15025.6,15240.55,5147
2024-08-05,00:00:00,15227.95,15227.95,14700.8,14773.65,9593
2024-08-06,00:00:00,14710.0,15249.85,14592.3,14679.3,5768
2024-08-07,00:00:00,14789.05,15237.0,14666.05,14733.8,7317
2024-08-08,00:00:00,14774.0,14823.8,14325.0,14552.4,4704
2024-08-09,00:00:00,14684.0,15200.0,14606.0,14966.55,6253
2024-08-12,00:00:00,14970.0,15090.0,14625.05,14694.8,4379
2024-08-13,00:00:00,14715.05,14811.95,14605.0,14654.4,2459
2024-08-14,00:00:00,14712.8,14780.0,14444.05,14741.4,4026
2024-08-16,00:00:00,14875.1,15100.0,14800.0,15012.5,2765
2024-08-19,00:00:00,15145.0,15178.15,14931.15,15035.9,2589
2024-08-20,00:00:00,15050.05,15700.0,15050.05,15568.55,6188
2024-08-21,00:00:00,15695.0,15700.0,15251.0,15501.1,4077
2024-08-22,00:00:00,15568.55,15715.0,15414.1,15519.95,2427
2024-08-23,00:00:00,15525.0,15576.05,15375.0,15422.95,2377
2024-08-26,00:00:00,15453.7,15540.0,15315.0,15395.9,1577
2024-08-27,00:00:00,15290.0,15510.0,15150.0,15217.15,5729
2024-08-28,00:00:00,15240.0,15287.9,14899.55,14940.15,4631
2024-08-29,00:00:00,14961.0,15026.15,14679.05,14744.15,5370
2024-08-30,00:00:00,14745.0,15218.95,14639.5,14990.0,5105
2024-09-02,00:00:00,14990.0,15435.0,14965.0,15388.2,5670
2024-09-03,00:00:00,15598.45,15598.45,15265.0,15312.5,5696
2024-09-04,00:00:00,15300.0,16400.0,15300.0,16239.9,31127
2024-09-05,00:00:00,16300.0,16428.25,15890.0,15994.45,9650
2024-09-06,00:00:00,16074.65,16500.0,16050.0,16124.25,8443
2024-09-09,00:00:00,16227.55,16259.65,15721.25,15877.6,5575
2024-09-10,00:00:00,15925.2,16380.0,15924.65,16158.5,7610
2024-09-11,00:00:00,16305.0,16999.9,16211.6,16464.4,14321
2024-09-12,00:00:00,16630.0,16630.0,16166.4,16260.25,4322
2024-09-13,00:00:00,16250.2,16454.1,16250.2,16374.6,2073
2024-09-16,00:00:00,16373.0,16374.6,16067.0,16204.2,1704
2024-09-17,00:00:00,16274.3,16489.95,16080.45,16255.2,4804
2024-09-18,00:00:00,16216.25,16315.2,16000.0,16101.7,2051
2024-09-19,00:00:00,16102.0,16219.25,15630.3,15860.75,3957
2024-09-20,00:00:00,15975.0,16004.55,15555.0,15600.9,4734
2024-09-23,00:00:00,15602.0,16500.0,15602.0,16431.5,8546
2024-09-24,00:00:00,16431.5,16500.0,16236.05,16453.15,2559
2024-09-25,00:00:00,16600.0,16620.0,16250.0,16482.8,2848
2024-09-26,00:00:00,16490.75,16507.5,16250.0,16287.15,2381
2024-09-27,00:00:00,16357.6,19199.95,16239.0,17916.85,36247
2024-09-30,00:00:00,17920.0,18598.15,17680.6,18421.3,25124
2024-10-01,00:00:00,18250.0,18650.0,18062.0,18282.15,14602
2024-10-03,00:00:00,18052.0,18343.05,17619.45,17766.45,6976
2024-10-04,00:00:00,17766.5,18147.95,17506.2,17585.8,6641
2024-10-07,00:00:00,17677.0,17900.0,17000.0,17292.85,9613
2024-10-08,00:00:00,17292.85,17719.3,16881.0,16984.55,8157
2024-10-09,00:00:00,17108.6,17876.95,17070.0,17324.6,13700
2024-10-10,00:00:00,17300.0,17490.0,16933.15,16958.7,3312
2024-10-11,00:00:00,16958.7,17112.4,16820.0,16892.6,1786
2024-10-14,00:00:00,16650.0,17300.0,16650.0,17109.1,3782
2024-10-15,00:00:00,17109.1,17301.0,16923.9,17018.45,2485
2024-10-16,00:00:00,17100.0,17114.4,16800.3,16863.9,2794
2024-10-17,00:00:00,16970.35,16987.1,16483.0,16540.85,1972
2024-10-18,00:00:00,16510.5,16608.9,15951.0,16384.2,3806
2024-10-21,00:00:00,16503.0,16776.1,16199.0,16595.2,8371
2024-10-22,00:00:00,16624.9,16664.95,16125.0,16276.35,3753
2024-10-23,00:00:00,16355.0,16699.0,16125.0,16529.15,4455
2024-10-24,00:00:00,16598.95,16608.8,16125.0,16185.4,2170
2024-10-25,00:00:00,16105.0,16266.4,15705.05,15778.45,2794
2024-10-28,00:00:00,15800.0,16331.1,15560.75,15821.7,8479
2024-10-29,00:00:00,15890.0,16632.05,15615.05,16506.4,6942
2024-10-30,00:00:00,16620.0,16844.8,16275.0,16453.6,5001
2024-10-31,00:00:00,16453.6,16968.0,16254.3,16653.8,8585
2024-11-01,00:00:00,16775.0,16895.9,16400.1,16707.15,916
2024-11-04,00:00:00,16605.0,16850.0,16524.4,16694.75,4584
2024-11-05,00:00:00,16555.0,16778.0,16405.5,16535.95,5284
2024-11-06,00:00:00,16600.85,16739.95,16274.0,16405.75,4133
2024-11-07,00:00:00,16405.75,16678.9,16260.05,16313.7,9640
2024-11-08,00:00:00,16476.85,16817.45,16186.65,16250.1,5333
2024-11-11,00:00:00,16321.8,16361.85,15930.0,16037.05,3686
2024-11-12,00:00:00,16084.0,16100.0,15511.65,15575.55,6238
2024-11-13,00:00:00,15561.8,15740.0,15120.0,15250.2,5773
2024-11-14,00:00:00,15282.95,15795.9,15150.2,15231.8,5260
2024-11-18,00:00:00,15231.8,15454.7,15025.0,15285.5,3798
2024-11-19,00:00:00,15424.0,15719.85,15251.0,15381.25,3904
2024-11-21,00:00:00,15300.05,15599.6,15001.15,15098.15,5110
2024-11-22,00:00:00,15025.0,15490.0,14950.25,15040.9,15619
2024-11-25,00:00:00,15201.0,15479.9,15160.2,15257.6,5898
2024-11-26,00:00:00,15302.3,15950.0,15258.0,15835.65,6120
2024-11-27,00:00:00,15900.0,16350.0,15802.0,15967.15,9725
2024-11-28,00:00:00,16027.25,16633.0,15934.35,16181.9,9946
2024-11-29,00:00:00,16173.7,16399.95,16060.0,16262.0,5093
2024-12-02,00:00:00,16050.1,16439.0,15951.0,16209.35,9351
2024-12-03,00:00:00,15933.0,17297.85,15933.0,16660.6,17666
2024-12-04,00:00:00,16525.0,16997.0,16525.0,16733.5,9164
2024-12-05,00:00:00,16733.5,16935.85,16625.05,16782.1,8898
2024-12-06,00:00:00,16697.7,16920.0,16429.9,16565.75,3254
2024-12-09,00:00:00,16490.0,16775.85,16490.0,16731.75,2064
2024-12-10,00:00:00,16731.75,17294.55,16626.15,17218.5,10339
2024-12-11,00:00:00,17141.0,17430.0,17141.0,17372.7,6340
2024-12-12,00:00:00,17399.95,17540.0,17073.05,17169.35,4086
2024-12-13,00:00:00,17170.0,17447.9,17116.45,17341.05,5357
2024-12-16,00:00:00,17235.0,17585.0,17235.0,17482.95,3842
2024-12-17,00:00:00,17455.05,17835.0,17333.55,17439.25,8756
2024-12-18,00:00:00,17474.0,17655.0,17282.2,17341.8,7018
2024-12-19,00:00:00,17205.05,17699.9,17199.0,17624.0,9201
2024-12-20,00:00:00,17540.0,17742.0,17301.45,17524.85,12127
2024-12-23,00:00:00,17599.0,17799.95,17151.55,17231.65,5613
2024-12-24,00:00:00,17231.65,17355.0,17025.0,17191.15,4047
2024-12-26,00:00:00,17147.9,17265.2,16830.0,16937.3,1959
2024-12-27,00:00:00,16905.0,17068.0,16905.0,17009.2,1627
2024-12-30,00:00:00,17051.95,17950.0,17034.45,17449.95,13361
2024-12-31,00:00:00,17588.9,17742.15,17225.1,17673.85,3641
2025-01-01,00:00:00,17750.0,17820.0,17576.05,17779.35,1737
2025-01-02,00:00:00,17808.9,17808.9,17200.1,17243.0,3329
2025-01-03,00:00:00,17210.0,17327.45,16700.0,16838.35,7459
2025-01-06,00:00:00,16838.35,16870.8,16250.0,16355.2,4616
2025-01-07,00:00:00,16470.0,16520.0,16201.65,16292.15,2661
2025-01-08,00:00:00,16338.85,16400.6,15925.0,16226.5,8449
2025-01-09,00:00:00,16126.05,16305.0,16050.1,16140.7,1598
2025-01-10,00:00:00,16100.0,16144.15,15898.4,16002.35,3435
2025-01-13,00:00:00,15905.0,16121.15,15750.3,15965.2,5489
2025-01-14,00:00:00,15925.0,15988.3,15809.0,15929.45,1992
2025-01-15,00:00:00,15826.0,16208.0,15826.0,16102.1,1805
2025-01-16,00:00:00,16290.0,16420.95,16029.15,16362.75,2069
2025-01-17,00:00:00,16362.75,16811.9,16070.05,16182.45,4584
2025-01-20,00:00:00,16168.9,16500.0,16112.0,16434.15,681
2025-01-21,00:00:00,16491.4,16516.3,16205.15,16365.8,819
2025-01-22,00:00:00,16513.95,16514.05,15917.4,16065.45,1837
2025-01-23,00:00:00,15905.0,16350.0,15905.0,16202.25,1875
2025-01-24,00:00:00,16266.9,16428.45,15800.2,15898.7,1293
2025-01-27,00:00:00,14801.0,15788.5,14775.0,14948.3,12600
2025-01-28,00:00:00,14940.0,15450.0,14825.0,14951.8,4377
2025-01-29,00:00:00,14950.0,15244.85,14950.0,15130.15,2461
2025-01-30,00:00:00,15205.8,15575.15,15102.75,15515.1,2514
2025-01-31,00:00:00,15577.0,15700.0,15458.45,15652.75,2016
2025-02-01,00:00:00,15715.2,15999.0,15605.25,15774.9,1216
2025-02-03,00:00:00,15500.0,15780.0,15295.05,15646.05,2845
2025-02-04,00:00:00,15787.95,15899.95,15325.0,15488.9,1822
2025-02-05,00:00:00,15468.0,15598.85,15411.25,15558.8,1190
2025-02-06,00:00:00,15611.65,15872.25,15502.15,15693.45,1631
2025-02-07,00:00:00,15790.0,15790.0,15369.15,15495.8,2273
2025-02-10,00:00:00,15625.0,15625.0,15004.15,15159.4,2013
2025-02-11,00:00:00,15065.0,15150.0,14908.0,14996.75,3473
2025-02-12,00:00:00,15014.35,15099.75,14778.75,14859.45,4635
2025-02-13,00:00:00,14755.0,15090.0,14755.0,14873.45,25465
2025-02-14,00:00:00,14925.0,15149.85,14155.05,14323.1,11038
2025-02-17,00:00:00,14165.8,14473.45,13876.6,14320.05,16852
2025-02-18,00:00:00,14200.0,14404.45,14062.6,14206.15,4209
2025-02-19,00:00:00,14105.0,14500.0,14099.15,14436.1,2525
2025-02-20,00:00:00,14493.75,14615.15,14301.0,14506.05,1863
2025-02-21,00:00:00,14578.5,14686.0,14347.6,14425.8,3350
2025-02-24,00:00:00,14420.45,14420.45,14145.95,14223.4,1684
2025-02-25,00:00:00,14107.1,14289.9,14025.05,14082.25,9404
2025-02-27,00:00:00,14000.0,14296.0,13771.6,14235.45,4118
2025-02-28,00:00:00,14065.0,14099.95,13450.05,13661.05,10112
2025-03-03,00:00:00,13850.0,14437.15,13612.0,14288.0,5902
2025-03-04,00:00:00,14025.0,14748.0,13839.05,14644.0,5478
2025-03-05,00:00:00,14644.0,15222.0,14524.95,15171.0,2961
2025-03-06,00:00:00,15216.55,15450.0,15046.0,15415.9,3891
2025-03-07,00:00:00,15420.7,16160.55,15343.65,15849.45,5334
2025-03-10,00:00:00,15849.45,16000.0,15400.0,15808.4,2491
2025-03-11,00:00:00,15625.0,15800.0,15301.25,15628.55,1638
2025-03-12,00:00:00,15647.55,15677.05,15340.0,15404.2,2206
2025-03-13,00:00:00,15414.9,15414.9,14960.35,15035.55,2047
2025-03-17,00:00:00,15070.0,15135.8,14955.6,15059.2,1331
2025-03-18,00:00:00,15050.0,15398.0,14954.4,15251.75,3232
2025-03-19,00:00:00,15165.0,15994.0,15165.0,15804.6,2958
2025-03-20,00:00:00,15975.0,16250.0,15813.9,16097.3,2991
2025-03-21,00:00:00,16118.65,16453.15,15970.0,16206.45,2188
2025-03-24,00:00:00,16251.5,16400.0,16005.0,16225.7,2748
2025-03-25,00:00:00,16276.8,16307.9,16000.0,16090.55,2516
2025-03-26,00:00:00,16000.0,16644.0,15800.05,16018.2,10514
2025-03-27,00:00:00,15905.0,16194.0,15600.0,15659.45,4043
2025-03-28,00:00:00,15799.0,16050.0,15705.1,15985.3,1963
