Date,Timestamp,Open,High,Low,Close,Volume
2015-04-01,00:00:00,73.45,78.6,73.45,77.75,49771
2015-04-06,00:00:00,76.4,79.55,76.4,77.6,17646
2015-04-07,00:00:00,77.9,80.05,76.5,79.4,47379
2015-04-08,00:00:00,79.9,84.75,79.9,83.35,156053
2015-04-09,00:00:00,83.55,92.55,82.75,89.9,305911
2015-04-10,00:00:00,90.2,90.85,83.65,88.95,153107
2015-04-13,00:00:00,89.9,102.3,89.9,99.5,616440
2015-04-15,00:00:00,100.45,101.7,96.65,97.5,290865
2015-04-16,00:00:00,95.15,100.1,95.15,97.2,120316
2015-04-17,00:00:00,97.5,97.6,94.75,95.35,56276
2015-04-20,00:00:00,95.55,97.6,89.7,90.8,105593
2015-04-21,00:00:00,89.0,94.55,88.4,89.15,70196
2015-04-22,00:00:00,91.1,91.5,86.95,88.55,56816
2015-04-23,00:00:00,90.25,91.7,87.8,88.2,40282
2015-04-24,00:00:00,87.5,89.45,80.85,83.7,105712
2015-04-27,00:00:00,86.4,86.4,80.7,82.3,81354
2015-04-28,00:00:00,82.1,86.05,79.85,82.95,35486
2015-04-29,00:00:00,82.2,84.4,80.15,82.3,40514
2015-04-30,00:00:00,83.4,87.8,81.0,86.25,79306
2015-05-04,00:00:00,87.8,88.55,84.1,85.5,136173
2015-05-05,00:00:00,85.3,87.8,84.15,84.9,44821
2015-05-06,00:00:00,83.9,85.8,81.1,83.1,70467
2015-05-07,00:00:00,81.5,90.9,79.05,79.6,83200
2015-05-08,00:00:00,82.75,83.7,79.95,81.0,66813
2015-05-11,00:00:00,82.8,84.4,80.85,83.3,45079
2015-05-12,00:00:00,83.2,83.2,79.3,79.95,9083
2015-05-13,00:00:00,80.25,83.1,79.9,81.4,17192
2015-05-14,00:00:00,82.05,82.35,79.1,80.6,18623
2015-05-15,00:00:00,79.9,83.2,79.9,81.0,14257
2015-05-18,00:00:00,81.1,85.3,81.1,84.55,43454
2015-05-19,00:00:00,82.7,84.85,82.45,83.85,19668
2015-05-20,00:00:00,82.1,84.9,82.1,84.25,14308
2015-05-21,00:00:00,82.95,85.3,82.95,84.1,15334
2015-05-22,00:00:00,84.1,84.1,80.9,81.7,28831
2015-05-25,00:00:00,81.7,82.95,79.6,79.9,21812
2015-05-26,00:00:00,78.35,80.7,76.25,77.2,52234
2015-05-27,00:00:00,76.25,82.5,75.15,80.1,46316
2015-05-28,00:00:00,80.25,82.4,75.35,76.85,83426
2015-05-29,00:00:00,75.8,78.95,75.55,76.5,82158
2015-06-01,00:00:00,73.6,75.85,68.25,71.8,216886
2015-06-02,00:00:00,73.0,76.7,70.25,72.5,92716
2015-06-03,00:00:00,72.3,73.75,69.15,70.9,69705
2015-06-04,00:00:00,72.6,72.95,70.15,72.2,26261
2015-06-05,00:00:00,71.4,73.95,70.1,71.15,59407
2015-06-08,00:00:00,71.4,71.4,68.85,69.25,28962
2015-06-09,00:00:00,68.85,69.35,64.25,66.45,120610
2015-06-10,00:00:00,66.05,71.4,66.0,70.5,64570
2015-06-11,00:00:00,70.4,71.35,66.4,66.85,20684
2015-06-12,00:00:00,65.7,73.9,65.7,69.45,59670
2015-06-15,00:00:00,68.2,69.65,63.15,64.25,80759
2015-06-16,00:00:00,64.45,66.2,61.35,63.4,54135
2015-06-17,00:00:00,63.15,65.4,62.95,64.15,91168
2015-06-18,00:00:00,65.05,67.6,64.15,66.65,37337
2015-06-19,00:00:00,67.4,69.35,63.8,64.6,70204
2015-06-22,00:00:00,65.6,66.35,62.65,64.15,116707
2015-06-23,00:00:00,65.0,66.2,64.2,64.95,25439
2015-06-24,00:00:00,67.55,67.6,63.95,65.2,44647
2015-06-25,00:00:00,65.35,65.45,62.9,64.0,41181
2015-06-26,00:00:00,64.85,64.9,63.35,63.95,29675
2015-06-29,00:00:00,62.55,63.15,60.9,62.85,23319
2015-06-30,00:00:00,62.0,65.45,62.0,64.05,17290
2015-07-01,00:00:00,65.05,65.55,63.8,64.8,20809
2015-07-02,00:00:00,64.45,70.0,64.1,66.8,99852
2015-07-03,00:00:00,68.05,70.05,66.65,67.5,45188
2015-07-06,00:00:00,66.95,69.35,65.75,68.9,26750
2015-07-07,00:00:00,69.05,71.85,67.9,69.0,71868
2015-07-08,00:00:00,68.25,68.45,66.0,67.25,59558
2015-07-09,00:00:00,68.15,68.45,62.3,63.3,209435
2015-07-10,00:00:00,63.6,65.5,61.95,63.1,94971
2015-07-13,00:00:00,65.0,65.0,62.95,64.4,63079
2015-07-14,00:00:00,65.6,66.25,62.8,64.15,77691
2015-07-15,00:00:00,64.15,70.1,63.95,68.95,258941
2015-07-16,00:00:00,70.05,73.2,69.45,70.35,303401
2015-07-17,00:00:00,70.4,72.65,69.65,70.25,64385
2015-07-20,00:00:00,71.4,71.4,67.95,68.65,67490
2015-07-21,00:00:00,68.85,69.0,66.95,67.25,51395
2015-07-22,00:00:00,66.35,70.35,65.6,68.7,70442
2015-07-23,00:00:00,69.8,75.15,68.25,69.2,53425
2015-07-24,00:00:00,73.15,73.15,68.25,68.9,30292
2015-07-27,00:00:00,69.8,69.8,66.4,68.15,44581
2015-07-28,00:00:00,67.25,69.9,66.7,68.15,70735
2015-07-29,00:00:00,67.8,68.95,67.25,67.5,32863
2015-07-30,00:00:00,68.0,70.65,68.0,69.75,49859
2015-07-31,00:00:00,69.45,70.65,67.8,68.0,55053
2015-08-03,00:00:00,70.1,73.75,67.45,72.15,112977
2015-08-04,00:00:00,73.45,74.55,70.25,71.9,90458
2015-08-05,00:00:00,72.1,74.1,68.35,68.85,174990
2015-08-06,00:00:00,69.3,69.9,68.05,68.7,62144
2015-08-07,00:00:00,68.7,69.75,67.6,68.8,64401
2015-08-10,00:00:00,69.45,76.15,68.85,73.55,492052
2015-08-11,00:00:00,74.2,74.25,70.1,71.0,109676
2015-08-12,00:00:00,69.55,71.35,68.0,68.3,66882
2015-08-13,00:00:00,70.65,70.75,67.0,67.55,57987
2015-08-14,00:00:00,66.35,67.25,63.7,64.6,100207
2015-08-17,00:00:00,64.6,68.85,62.5,67.25,86398
2015-08-18,00:00:00,68.1,71.1,66.6,69.3,66971
2015-08-19,00:00:00,70.65,72.5,68.0,71.25,94573
2015-08-20,00:00:00,70.9,72.65,69.45,70.6,112418
2015-08-21,00:00:00,68.85,70.1,67.15,69.55,45231
2015-08-24,00:00:00,67.1,68.25,57.65,59.55,200642
2015-08-25,00:00:00,60.7,63.1,56.6,58.5,73090
2015-08-26,00:00:00,58.55,62.4,56.55,59.05,65687
2015-08-27,00:00:00,59.55,61.85,59.55,60.3,42494
2015-08-28,00:00:00,61.5,62.95,60.0,60.7,31134
2015-08-31,00:00:00,60.15,60.65,56.55,59.2,79350
2015-09-01,00:00:00,58.2,60.05,57.1,58.65,32728
2015-09-02,00:00:00,58.9,60.0,57.0,57.65,37418
2015-09-03,00:00:00,58.45,60.7,58.35,60.4,65318
2015-09-04,00:00:00,60.05,60.05,57.7,59.15,65619
2015-09-07,00:00:00,58.8,59.65,53.05,56.3,102830
2015-09-08,00:00:00,55.55,56.35,53.7,55.05,44004
2015-09-09,00:00:00,55.25,62.15,54.4,61.2,115558
2015-09-10,00:00:00,60.4,65.35,58.2,63.25,200907
2015-09-11,00:00:00,65.05,66.0,62.5,63.4,45019
2015-09-14,00:00:00,64.9,65.7,63.55,65.35,62116
2015-09-15,00:00:00,66.3,67.25,64.0,66.8,30750
2015-09-16,00:00:00,67.55,72.0,65.7,69.15,117815
2015-09-18,00:00:00,71.4,75.5,68.85,72.9,120265
2015-09-21,00:00:00,72.15,74.5,70.15,73.7,52839
2015-09-22,00:00:00,74.85,78.65,73.45,74.35,233611
2015-09-23,00:00:00,74.8,78.35,72.7,77.3,124720
2015-09-24,00:00:00,76.6,78.9,74.8,75.4,69992
2015-09-28,00:00:00,74.95,78.35,74.55,76.35,558893
2015-09-29,00:00:00,75.8,76.3,73.2,75.25,38004
2015-09-30,00:00:00,77.65,81.35,74.95,80.15,162512
2015-10-01,00:00:00,81.15,82.8,79.65,81.75,162264
2015-10-05,00:00:00,82.1,83.65,80.95,81.75,175957
2015-10-06,00:00:00,82.55,83.95,81.0,81.45,70295
2015-10-07,00:00:00,82.45,83.4,80.35,80.7,42628
2015-10-08,00:00:00,82.6,82.6,76.4,78.9,51336
2015-10-09,00:00:00,80.7,81.45,78.4,78.65,46965
2015-10-12,00:00:00,81.15,81.15,78.05,79.45,41002
2015-10-13,00:00:00,79.45,83.25,77.8,82.05,68096
2015-10-14,00:00:00,83.25,93.3,83.1,91.25,606107
2015-10-15,00:00:00,93.5,97.6,93.5,95.55,553016
2015-10-16,00:00:00,95.15,96.25,91.65,92.1,99459
2015-10-19,00:00:00,89.9,98.45,89.9,95.45,372707
2015-10-20,00:00:00,95.8,114.55,94.9,113.1,2412813
2015-10-21,00:00:00,111.45,111.45,104.25,105.5,622617
2015-10-23,00:00:00,106.15,112.3,102.45,106.6,591051
2015-10-26,00:00:00,107.35,108.7,101.85,102.6,221490
2015-10-27,00:00:00,100.8,110.15,100.4,108.7,449072
2015-10-28,00:00:00,109.25,113.25,107.5,108.85,403365
2015-10-29,00:00:00,110.55,113.65,108.15,109.4,244756
2015-10-30,00:00:00,110.45,110.45,102.65,103.35,177603
2015-11-02,00:00:00,102.95,105.15,101.25,103.95,122822
2015-11-03,00:00:00,104.55,109.9,104.5,108.85,327841
2015-11-04,00:00:00,108.1,111.1,106.45,107.2,179203
2015-11-05,00:00:00,107.4,108.45,103.6,104.55,143476
2015-11-06,00:00:00,104.35,105.45,102.1,102.9,45709
2015-11-09,00:00:00,101.1,108.6,98.65,107.7,178180
2015-11-10,00:00:00,108.65,109.95,104.85,106.05,197216
2015-11-11,00:00:00,106.45,107.4,104.25,106.15,55005
2015-11-13,00:00:00,104.95,107.35,103.15,104.95,96173
2015-11-16,00:00:00,103.6,106.6,103.6,105.55,68878
2015-11-17,00:00:00,106.0,108.45,103.75,105.25,117909
2015-11-18,00:00:00,105.4,106.75,104.55,105.7,98968
2015-11-19,00:00:00,106.75,118.05,106.05,116.65,703101
2015-11-20,00:00:00,118.0,120.5,116.2,117.45,521764
2015-11-23,00:00:00,119.05,119.05,114.3,115.55,184595
2015-11-24,00:00:00,114.95,118.15,114.95,115.55,62389
2015-11-26,00:00:00,116.75,124.65,115.6,119.45,451789
2015-11-27,00:00:00,119.35,120.15,102.4,108.85,495227
2015-11-30,00:00:00,108.35,109.85,104.85,108.05,219521
2015-12-01,00:00:00,107.2,111.5,106.15,106.75,144050
2015-12-02,00:00:00,107.15,108.0,104.85,105.95,298122
2015-12-03,00:00:00,104.85,107.25,102.65,103.5,379425
2015-12-04,00:00:00,102.0,104.8,101.1,102.45,398919
2015-12-07,00:00:00,104.25,105.4,100.45,101.65,129880
2015-12-08,00:00:00,102.65,110.1,101.2,105.7,409963
2015-12-09,00:00:00,106.15,106.15,101.1,101.65,172408
2015-12-10,00:00:00,101.85,103.9,98.0,100.55,320095
2015-12-11,00:00:00,103.4,106.4,98.0,99.6,143367
2015-12-14,00:00:00,100.25,104.15,97.9,102.15,75661
2015-12-15,00:00:00,104.25,105.15,102.1,104.1,68962
2015-12-16,00:00:00,105.45,105.45,102.95,103.95,131238
2015-12-17,00:00:00,106.15,108.95,104.4,107.65,385575
2015-12-18,00:00:00,107.9,110.15,105.5,106.8,169153
2015-12-21,00:00:00,104.95,111.25,104.95,107.9,162240
2015-12-22,00:00:00,107.9,110.25,103.45,106.15,112184
2015-12-23,00:00:00,106.9,109.9,105.35,107.2,129130
2015-12-24,00:00:00,107.4,113.4,105.5,110.65,216467
2015-12-28,00:00:00,111.8,115.6,109.55,115.05,280728
2015-12-29,00:00:00,115.9,117.4,110.05,112.25,286367
2015-12-30,00:00:00,114.3,117.2,113.7,114.35,276520
2015-12-31,00:00:00,115.35,115.35,111.3,113.25,125052
2015-12-31,00:00:00,115.35,115.35,111.3,113.25,125052
2016-01-01,00:00:00,113.1,114.75,112.4,114.05,94607
2016-01-04,00:00:00,114.95,115.15,111.2,112.1,95222
2016-01-05,00:00:00,112.45,117.5,111.5,113.55,168081
2016-01-06,00:00:00,114.3,117.4,113.05,113.85,225660
2016-01-07,00:00:00,111.8,113.7,108.0,108.25,104967
2016-01-08,00:00:00,108.95,112.25,108.0,109.8,81509
2016-01-11,00:00:00,108.65,111.65,106.15,110.9,76430
2016-01-12,00:00:00,111.8,113.4,108.0,111.65,84194
2016-01-13,00:00:00,111.2,113.7,102.3,103.15,256343
2016-01-14,00:00:00,101.6,103.6,98.65,102.6,99151
2016-01-15,00:00:00,104.25,104.25,93.5,95.1,70127
2016-01-18,00:00:00,94.75,98.15,84.0,86.9,93066
2016-01-19,00:00:00,87.65,94.15,86.55,92.35,53853
2016-01-20,00:00:00,90.85,90.85,84.55,88.2,251194
2016-01-21,00:00:00,90.8,92.15,86.5,90.85,134963
2016-01-22,00:00:00,91.6,96.4,90.65,95.2,133339
2016-01-25,00:00:00,95.35,100.3,94.75,97.05,129765
2016-01-27,00:00:00,97.9,102.3,97.9,99.95,62916
2016-01-28,00:00:00,99.2,100.95,96.65,97.4,26706
2016-01-29,00:00:00,98.55,101.1,94.75,96.45,68535
2016-02-01,00:00:00,98.85,99.55,95.15,95.55,42902
2016-02-02,00:00:00,97.55,97.6,89.25,90.85,46557
2016-02-03,00:00:00,90.05,94.6,86.55,89.6,56443
2016-02-04,00:00:00,90.35,90.9,86.55,88.15,26891
2016-02-05,00:00:00,88.4,90.25,86.6,88.7,24073
2016-02-08,00:00:00,87.2,90.95,86.4,89.65,20525
2016-02-09,00:00:00,87.8,90.9,82.95,84.15,43020
2016-02-10,00:00:00,83.4,84.15,77.4,80.3,86704
2016-02-11,00:00:00,80.3,81.45,69.85,71.1,65288
2016-02-12,00:00:00,70.75,75.1,67.1,73.6,72817
2016-02-15,00:00:00,75.85,82.1,73.95,78.5,55353
2016-02-16,00:00:00,77.45,79.6,73.3,74.75,51770
2016-02-17,00:00:00,74.05,75.5,69.45,73.9,54724
2016-02-18,00:00:00,76.4,80.6,75.8,78.0,71859
2016-02-19,00:00:00,77.1,79.55,77.05,78.45,20064
2016-02-22,00:00:00,77.7,81.15,75.85,79.75,35464
2016-02-23,00:00:00,80.6,84.15,78.95,82.4,80310
2016-02-24,00:00:00,82.1,85.15,81.45,83.95,72469
2016-02-25,00:00:00,81.9,87.0,81.8,84.2,35604
2016-02-26,00:00:00,84.7,85.6,82.9,84.8,18632
2016-02-29,00:00:00,85.55,85.55,77.6,82.1,37162
2016-03-01,00:00:00,84.65,85.6,80.05,84.35,12328
2016-03-02,00:00:00,86.55,88.4,84.65,86.05,56871
2016-03-03,00:00:00,86.35,89.05,86.3,87.2,33554
2016-03-04,00:00:00,87.4,88.85,85.3,87.75,38840
2016-03-08,00:00:00,85.5,92.15,85.5,88.1,52623
2016-03-09,00:00:00,87.8,90.15,85.5,88.55,154088
2016-03-10,00:00:00,88.7,93.15,87.8,90.7,127684
2016-03-11,00:00:00,92.25,93.8,90.85,93.15,148701
2016-03-14,00:00:00,93.35,96.4,88.6,90.05,214069
2016-03-15,00:00:00,90.25,94.15,88.95,91.9,236395
2016-03-16,00:00:00,94.1,94.1,89.25,90.7,60175
2016-03-17,00:00:00,91.6,92.7,90.3,90.9,30483
2016-03-18,00:00:00,91.6,91.6,88.85,90.0,74177
2016-03-21,00:00:00,89.3,92.8,89.3,91.45,12103
2016-03-22,00:00:00,91.6,93.5,89.25,90.35,12903
2016-03-23,00:00:00,90.95,91.5,89.7,90.25,7365
2016-03-28,00:00:00,91.15,91.15,87.95,89.15,296500
2016-03-29,00:00:00,88.65,89.85,87.8,89.45,81508
2016-03-30,00:00:00,90.05,97.3,90.05,94.35,105990
2016-03-31,00:00:00,95.35,96.5,93.35,94.45,59864
2016-04-01,00:00:00,94.35,99.2,94.15,95.95,40989
2016-04-04,00:00:00,95.8,96.45,94.15,95.15,28319
2016-04-05,00:00:00,95.35,95.35,93.5,94.6,20481
2016-04-06,00:00:00,94.75,96.65,94.2,95.75,294700
2016-04-07,00:00:00,95.35,97.75,90.6,92.5,45511
2016-04-08,00:00:00,92.25,94.55,91.3,92.8,23232
2016-04-11,00:00:00,93.0,94.6,92.25,92.3,21313
2016-04-12,00:00:00,94.75,96.35,93.15,94.15,39647
2016-04-13,00:00:00,95.65,96.65,93.6,94.45,13014
2016-04-18,00:00:00,92.85,97.9,92.85,97.2,46110
2016-04-20,00:00:00,99.2,105.15,98.15,104.25,249678
2016-04-21,00:00:00,105.5,105.85,101.7,103.2,50600
2016-04-22,00:00:00,102.8,102.8,98.9,99.45,52395
2016-04-25,00:00:00,100.15,100.45,97.55,98.65,42704
2016-04-26,00:00:00,98.0,99.05,96.4,98.55,52072
2016-04-27,00:00:00,98.0,100.7,98.0,99.35,21521
2016-04-28,00:00:00,98.0,100.3,96.1,99.35,53191
2016-04-29,00:00:00,99.35,103.25,97.6,101.85,35546
2016-05-02,00:00:00,104.35,105.15,99.95,103.95,127286
2016-05-03,00:00:00,105.15,105.35,101.7,103.85,46090
2016-05-04,00:00:00,102.3,104.25,101.85,102.65,27704
2016-05-05,00:00:00,102.15,103.5,100.85,102.15,22070
2016-05-06,00:00:00,101.1,103.1,101.1,102.9,10178
2016-05-09,00:00:00,104.8,104.8,98.6,100.3,21910
2016-05-10,00:00:00,99.2,101.15,98.6,99.2,14594
2016-05-11,00:00:00,98.55,99.7,96.65,98.75,3856
2016-05-12,00:00:00,96.85,118.45,96.85,113.9,1312667
2016-05-13,00:00:00,113.9,116.8,108.85,109.7,165861
2016-05-16,00:00:00,109.55,111.35,108.1,109.7,32916
2016-05-17,00:00:00,111.2,114.95,108.45,109.4,90034
2016-05-18,00:00:00,110.05,111.2,106.5,109.05,22392
2016-05-19,00:00:00,109.9,110.3,106.35,107.05,32826
2016-05-20,00:00:00,106.15,109.8,104.85,107.7,24195
2016-05-23,00:00:00,109.9,109.9,104.35,105.0,20140
2016-05-24,00:00:00,104.85,104.85,100.1,101.15,45556
2016-05-25,00:00:00,101.3,105.65,100.15,101.4,38282
2016-05-26,00:00:00,103.6,104.25,101.1,101.5,8408
2016-05-27,00:00:00,101.1,106.15,100.55,101.15,28269
2016-05-30,00:00:00,102.85,102.85,99.35,99.6,4313
2016-05-31,00:00:00,99.45,105.5,99.45,102.9,36689
2016-06-01,00:00:00,104.85,111.35,103.45,107.25,101215
2016-06-02,00:00:00,108.25,111.2,106.45,109.25,35063
2016-06-03,00:00:00,111.8,111.8,105.0,106.25,26792
2016-06-06,00:00:00,105.5,109.25,104.3,104.9,13101
2016-06-07,00:00:00,106.7,111.35,105.3,109.3,42717
2016-06-08,00:00:00,121.25,126.15,116.85,118.0,2017490
2016-06-09,00:00:00,118.15,119.2,114.4,116.1,187897
2016-06-10,00:00:00,116.2,116.2,111.8,112.5,141348
2016-06-13,00:00:00,111.25,112.45,108.25,111.15,44070
2016-06-14,00:00:00,109.65,117.35,109.65,115.35,117411
2016-06-15,00:00:00,115.45,116.05,112.55,113.7,47998
2016-06-16,00:00:00,114.95,114.95,109.25,112.05,65016
2016-06-17,00:00:00,113.75,126.35,113.75,119.65,734842
2016-06-20,00:00:00,119.95,123.55,118.9,122.9,303765
2016-06-21,00:00:00,123.2,123.7,119.4,119.95,87416
2016-06-22,00:00:00,120.65,123.2,118.15,118.6,96372
2016-06-23,00:00:00,119.3,121.55,116.55,117.4,62733
2016-06-24,00:00:00,115.6,116.15,109.9,114.75,116619
2016-06-27,00:00:00,117.8,121.25,115.6,119.7,99186
2016-06-28,00:00:00,120.6,124.45,118.8,121.85,147550
2016-06-29,00:00:00,122.75,123.45,120.05,120.5,51340
2016-06-30,00:00:00,121.5,123.2,120.75,121.65,76293
2016-07-01,00:00:00,122.45,122.6,119.5,120.25,55105
2016-07-04,00:00:00,120.05,123.1,120.05,122.05,69931
2016-07-05,00:00:00,121.85,123.05,120.95,122.55,92346
2016-07-07,00:00:00,122.75,138.9,122.25,130.95,1051155
2016-07-08,00:00:00,130.95,134.25,129.45,131.75,188550
2016-07-11,00:00:00,132.9,138.3,131.6,134.35,180965
2016-07-12,00:00:00,133.5,139.6,132.0,136.45,287081
2016-07-13,00:00:00,137.4,137.4,131.15,131.6,89351
2016-07-14,00:00:00,132.5,138.35,130.15,136.85,138509
2016-07-15,00:00:00,137.0,137.55,133.9,134.85,68787
2016-07-18,00:00:00,134.7,137.0,130.45,131.65,56133
2016-07-19,00:00:00,131.95,134.2,129.2,133.05,49161
2016-07-20,00:00:00,133.9,135.8,132.35,133.6,47887
2016-07-21,00:00:00,133.9,135.75,132.05,132.45,48949
2016-07-22,00:00:00,132.65,135.15,131.85,134.4,56399
2016-07-25,00:00:00,134.75,138.25,133.9,136.35,84962
2016-07-26,00:00:00,135.75,136.4,131.9,134.55,78266
2016-07-27,00:00:00,133.95,142.3,133.9,137.35,202432
2016-07-28,00:00:00,138.5,141.4,137.7,139.45,88802
2016-07-29,00:00:00,139.4,140.75,137.1,138.4,63873
2016-08-01,00:00:00,139.2,145.0,138.1,142.4,279354
2016-08-02,00:00:00,142.45,149.3,141.65,145.7,263399
2016-08-03,00:00:00,147.1,147.8,139.0,141.2,134721
2016-08-04,00:00:00,142.7,148.4,140.25,142.1,100265
2016-08-05,00:00:00,143.25,145.1,140.85,143.65,85091
2016-08-08,00:00:00,145.05,146.4,142.85,144.85,90342
2016-08-09,00:00:00,145.8,145.95,134.7,138.9,279470
2016-08-10,00:00:00,139.15,142.1,137.7,140.35,71996
2016-08-11,00:00:00,139.0,147.75,137.9,140.6,685334
2016-08-12,00:00:00,142.1,142.1,135.9,136.95,128750
2016-08-16,00:00:00,135.85,139.0,135.15,135.4,65617
2016-08-17,00:00:00,133.45,136.3,129.85,130.6,79165
2016-08-18,00:00:00,130.15,133.7,129.2,130.75,52257
2016-08-19,00:00:00,132.0,135.15,130.0,133.85,83694
2016-08-22,00:00:00,132.5,135.75,130.8,134.55,38764
2016-08-23,00:00:00,133.35,138.6,133.3,137.15,158404
2016-08-24,00:00:00,137.0,138.5,134.85,137.05,38757
2016-08-25,00:00:00,136.45,143.4,135.9,139.25,109834
2016-08-26,00:00:00,142.0,144.05,139.0,142.15,87583
2016-08-29,00:00:00,142.7,147.2,140.8,141.7,143067
2016-08-30,00:00:00,141.85,144.05,141.7,142.45,269175
2016-08-31,00:00:00,145.1,151.0,142.3,145.45,180790
2016-09-01,00:00:00,146.1,148.35,145.3,146.25,122486
2016-09-02,00:00:00,146.5,148.2,144.65,144.95,71824
2016-09-06,00:00:00,146.4,147.8,139.1,146.0,158231
2016-09-07,00:00:00,147.15,159.45,144.95,155.0,533756
2016-09-08,00:00:00,155.75,158.4,152.25,155.85,327336
2016-09-09,00:00:00,154.75,160.95,153.5,157.8,143649
2016-09-12,00:00:00,154.75,158.85,151.6,155.35,174140
2016-09-14,00:00:00,153.9,167.25,153.9,164.3,401475
2016-09-15,00:00:00,164.1,166.0,161.8,163.85,238277
2016-09-16,00:00:00,164.45,168.45,163.05,164.35,235547
2016-09-19,00:00:00,167.35,173.05,166.5,169.65,518880
2016-09-20,00:00:00,170.4,173.05,168.65,170.7,170420
2016-09-21,00:00:00,171.7,176.7,171.1,173.65,170433
2016-09-22,00:00:00,175.7,181.2,174.65,179.4,291135
2016-09-23,00:00:00,181.05,186.2,178.15,179.8,382916
2016-09-26,00:00:00,176.9,183.85,174.35,178.2,273124
2016-09-27,00:00:00,176.25,181.8,173.7,175.45,206667
2016-09-28,00:00:00,176.9,192.65,174.95,186.5,747107
2016-09-29,00:00:00,187.35,192.05,164.4,170.85,471452
2016-09-30,00:00:00,170.25,178.45,170.25,175.4,250532
2016-10-03,00:00:00,177.15,186.85,177.15,184.1,319879
2016-10-04,00:00:00,186.2,187.75,182.8,183.95,195698
2016-10-05,00:00:00,184.45,186.3,176.3,178.8,208393
2016-10-06,00:00:00,179.4,183.85,177.2,178.05,213980
2016-10-07,00:00:00,178.2,180.0,172.45,174.0,213648
2016-10-10,00:00:00,175.4,180.0,173.7,178.2,191450
2016-10-13,00:00:00,178.95,182.35,174.05,176.5,689574
2016-10-14,00:00:00,178.8,179.9,167.25,168.5,1001639
2016-10-17,00:00:00,170.25,174.85,168.35,169.2,212251
2016-10-18,00:00:00,170.55,176.25,169.95,175.1,275004
2016-10-19,00:00:00,176.55,179.5,173.05,174.1,232048
2016-10-20,00:00:00,174.5,182.2,174.05,176.3,545235
2016-10-21,00:00:00,177.45,177.45,174.95,175.65,127745
2016-10-24,00:00:00,176.8,177.3,173.05,174.0,119000
2016-10-25,00:00:00,175.1,176.25,172.45,174.2,213886
2016-10-26,00:00:00,172.1,181.3,170.0,173.15,611983
2016-10-27,00:00:00,174.5,176.5,171.85,172.8,107977
2016-10-28,00:00:00,176.85,176.85,170.65,171.85,147082
2016-11-01,00:00:00,176.0,176.05,171.5,172.3,87887
2016-11-02,00:00:00,170.55,171.4,166.85,167.75,121993
2016-11-03,00:00:00,168.65,171.05,166.55,167.3,96828
2016-11-04,00:00:00,170.5,170.55,163.35,164.15,109206
2016-11-07,00:00:00,167.95,169.1,165.05,167.1,64651
2016-11-08,00:00:00,170.55,170.55,164.25,164.75,102718
2016-11-09,00:00:00,142.1,159.45,133.25,156.65,208640
2016-11-10,00:00:00,165.5,165.5,159.45,162.85,96471
2016-11-11,00:00:00,157.95,157.95,145.45,146.1,233473
2016-11-15,00:00:00,148.4,148.4,118.8,129.0,356252
2016-11-16,00:00:00,135.0,135.8,127.0,131.9,122554
2016-11-17,00:00:00,133.1,134.3,124.05,126.35,110974
2016-11-18,00:00:00,126.5,129.4,121.8,123.5,167563
2016-11-21,00:00:00,121.9,126.3,111.8,112.9,161698
2016-11-22,00:00:00,113.85,116.1,111.2,112.8,141847
2016-11-23,00:00:00,112.1,118.75,111.2,117.8,189276
2016-11-24,00:00:00,118.7,119.2,114.3,117.3,82035
2016-11-25,00:00:00,116.6,125.7,116.6,123.9,236110
2016-11-28,00:00:00,123.8,129.2,121.25,124.85,205141
2016-11-29,00:00:00,124.95,132.35,124.95,129.7,128023
2016-11-30,00:00:00,133.25,141.5,128.3,140.35,284961
2016-12-01,00:00:00,140.05,145.75,140.05,141.65,407810
2016-12-02,00:00:00,139.3,140.6,133.7,135.0,101743
2016-12-05,00:00:00,136.2,136.25,129.6,133.3,109876
2016-12-06,00:00:00,134.6,145.3,133.4,135.95,56391
2016-12-07,00:00:00,137.05,137.3,133.4,134.75,56307
2016-12-08,00:00:00,137.55,138.6,134.05,134.45,81635
2016-12-09,00:00:00,135.8,137.75,132.2,134.15,54630
2016-12-12,00:00:00,136.4,136.4,132.7,133.55,41968
2016-12-13,00:00:00,132.45,136.65,132.45,134.55,55333
2016-12-14,00:00:00,133.95,135.65,129.5,133.2,76485
2016-12-15,00:00:00,137.7,137.7,131.4,134.15,160666
2016-12-16,00:00:00,134.15,139.2,133.1,137.4,256719
2016-12-19,00:00:00,137.7,144.0,134.7,140.85,293000
2016-12-20,00:00:00,142.55,144.5,140.85,142.25,105402
2016-12-21,00:00:00,143.7,143.7,140.85,141.6,44837
2016-12-22,00:00:00,141.8,142.2,138.95,139.6,95758
2016-12-23,00:00:00,140.85,141.95,132.75,135.45,48726
2016-12-26,00:00:00,133.4,138.3,129.75,130.55,48840
2016-12-27,00:00:00,131.2,134.7,131.2,134.2,85126
2016-12-28,00:00:00,135.8,137.7,133.1,133.9,69452
2016-12-29,00:00:00,135.75,135.75,133.2,134.05,24555
2016-12-30,00:00:00,134.55,137.6,134.15,136.5,50695
2017-01-02,00:00:00,138.3,140.25,136.85,137.95,137100
2017-01-03,00:00:00,141.5,145.7,137.15,144.8,158151
2017-01-04,00:00:00,146.05,152.9,145.6,149.75,135513
2017-01-05,00:00:00,150.3,153.75,149.8,153.05,83718
2017-01-06,00:00:00,154.1,154.35,148.5,149.0,70000
2017-01-09,00:00:00,149.5,150.85,143.0,147.05,34862
2017-01-10,00:00:00,146.55,150.2,146.0,149.0,36747
2017-01-11,00:00:00,150.1,155.5,148.55,153.0,235813
2017-01-12,00:00:00,152.2,161.05,152.0,159.3,613471
2017-01-13,00:00:00,158.65,161.05,156.65,157.5,159517
2017-01-16,00:00:00,158.95,165.2,156.75,163.3,351901
2017-01-17,00:00:00,163.15,164.75,160.45,161.2,85927
2017-01-18,00:00:00,162.25,165.3,161.4,162.05,110022
2017-01-19,00:00:00,162.35,165.8,161.85,162.85,326641
2017-01-20,00:00:00,162.4,164.25,158.55,159.7,77715
2017-01-23,00:00:00,161.15,163.5,158.3,161.2,81527
2017-01-24,00:00:00,162.7,177.35,161.7,173.35,1241192
2017-01-25,00:00:00,175.05,178.8,170.85,172.75,1228497
2017-01-27,00:00:00,170.9,174.15,169.65,170.25,124566
2017-01-30,00:00:00,168.1,175.35,167.4,173.8,304909
2017-01-31,00:00:00,172.9,175.95,169.7,173.2,440972
2017-02-01,00:00:00,173.2,175.95,169.7,172.2,376096
2017-02-02,00:00:00,173.3,176.35,171.05,172.3,165954
2017-02-03,00:00:00,172.4,174.95,170.65,171.1,75693
2017-02-06,00:00:00,171.2,174.35,170.65,171.25,119355
2017-02-07,00:00:00,172.85,174.95,171.25,172.75,155021
2017-02-08,00:00:00,173.7,173.7,170.85,171.4,49526
2017-02-09,00:00:00,172.6,172.85,168.5,169.9,70011
2017-02-10,00:00:00,171.2,178.1,169.95,174.5,361272
2017-02-13,00:00:00,174.5,177.75,172.6,173.5,479856
2017-02-14,00:00:00,174.2,176.5,173.15,174.95,172404
2017-02-15,00:00:00,174.35,174.95,167.75,168.9,106990
2017-02-16,00:00:00,170.3,173.65,167.45,170.9,100900
2017-02-17,00:00:00,172.3,173.35,170.75,171.45,88749
2017-02-20,00:00:00,172.45,173.7,171.2,172.3,50171
2017-02-21,00:00:00,173.2,179.4,171.85,178.35,481529
2017-02-22,00:00:00,178.35,183.85,175.85,177.2,696426
2017-02-23,00:00:00,177.95,181.25,177.15,178.3,228631
2017-02-27,00:00:00,179.4,180.55,176.9,177.2,127302
2017-02-28,00:00:00,177.35,181.85,176.9,179.5,146427
2017-03-01,00:00:00,180.85,180.9,176.95,177.65,109305
2017-03-02,00:00:00,179.25,180.0,175.4,176.15,113503
2017-03-03,00:00:00,176.75,178.35,175.7,176.6,110452
2017-03-06,00:00:00,177.05,179.1,175.1,176.6,243307
2017-03-07,00:00:00,179.4,182.85,178.2,181.15,483928
2017-03-08,00:00:00,181.55,182.45,177.2,177.65,116219
2017-03-09,00:00:00,177.5,179.1,174.75,176.7,118445
2017-03-10,00:00:00,180.0,180.9,177.5,180.45,332346
2017-03-14,00:00:00,183.2,195.85,182.05,190.35,1199382
2017-03-15,00:00:00,190.8,194.2,189.5,192.2,268688
2017-03-16,00:00:00,193.9,207.75,193.1,204.9,716754
2017-03-17,00:00:00,205.9,209.1,201.55,205.85,436287
2017-03-20,00:00:00,207.15,218.8,204.1,217.3,587535
2017-03-21,00:00:00,218.25,221.55,207.75,211.95,515543
2017-03-22,00:00:00,205.9,210.35,205.9,208.65,179812
2017-03-23,00:00:00,209.75,223.2,208.7,220.4,384191
2017-03-24,00:00:00,220.45,231.8,220.45,225.3,728484
2017-03-27,00:00:00,226.3,227.85,221.1,222.0,447697
2017-03-28,00:00:00,224.1,226.15,221.4,225.05,168120
2017-03-29,00:00:00,225.75,235.7,225.75,228.7,311881
2017-03-30,00:00:00,229.3,235.1,227.4,230.4,260308
2017-03-31,00:00:00,230.65,238.15,228.85,232.55,191578
2017-04-03,00:00:00,234.35,236.25,231.2,232.6,220722
2017-04-05,00:00:00,233.7,236.25,231.2,233.5,142070
2017-04-06,00:00:00,233.05,239.6,232.15,234.9,231362
2017-04-07,00:00:00,235.3,241.95,233.55,238.6,1312485
2017-04-10,00:00:00,238.6,247.1,238.4,243.65,504362
2017-04-11,00:00:00,243.2,247.6,241.95,243.65,426343
2017-04-12,00:00:00,243.2,244.6,236.15,237.95,153649
2017-04-13,00:00:00,237.95,240.05,235.75,237.1,264478
2017-04-17,00:00:00,240.0,243.2,233.25,235.2,191897
2017-04-18,00:00:00,236.85,243.2,234.05,237.65,314019
2017-04-19,00:00:00,237.45,241.2,233.7,236.15,51328
2017-04-20,00:00:00,238.35,240.65,236.4,239.5,123278
2017-04-21,00:00:00,241.3,244.15,238.15,241.7,187518
2017-04-24,00:00:00,243.85,248.75,241.7,246.45,252679
2017-04-25,00:00:00,248.7,250.6,243.2,243.9,108689
2017-04-26,00:00:00,245.1,248.05,240.65,241.9,79977
2017-04-27,00:00:00,244.25,244.25,237.75,238.8,59706
2017-04-28,00:00:00,241.6,244.95,237.05,241.75,61562
2017-05-02,00:00:00,241.3,245.55,239.7,242.3,101221
2017-05-03,00:00:00,244.15,246.6,242.65,244.4,85932
2017-05-04,00:00:00,243.25,244.5,238.9,241.85,93612
2017-05-05,00:00:00,241.85,242.5,238.95,240.2,73210
2017-05-08,00:00:00,239.75,246.05,238.75,243.05,88781
2017-05-09,00:00:00,243.2,245.25,241.0,244.3,109789
2017-05-10,00:00:00,246.0,247.35,241.45,245.05,76858
2017-05-11,00:00:00,245.05,249.45,242.05,243.85,169470
2017-05-12,00:00:00,246.0,246.05,240.35,241.4,43851
2017-05-15,00:00:00,241.95,246.3,241.6,243.85,63586
2017-05-16,00:00:00,245.7,246.3,241.6,242.45,54332
2017-05-17,00:00:00,242.6,246.15,241.0,243.85,62603
2017-05-18,00:00:00,242.25,244.5,236.35,238.75,82939
2017-05-19,00:00:00,241.25,241.55,222.15,235.1,269047
2017-05-22,00:00:00,234.35,241.2,227.4,229.1,135836
2017-05-23,00:00:00,227.4,228.6,214.85,218.35,166194
2017-05-24,00:00:00,222.35,222.35,210.5,213.3,61158
2017-05-25,00:00:00,212.9,221.1,211.0,217.2,77915
2017-05-26,00:00:00,220.9,226.75,216.1,224.1,58145
2017-05-29,00:00:00,226.45,233.1,226.15,230.25,111439
2017-05-30,00:00:00,232.45,237.65,225.55,229.15,244594
2017-05-31,00:00:00,230.55,238.15,229.95,236.5,157226
2017-06-01,00:00:00,240.05,241.3,234.45,240.35,88699
2017-06-02,00:00:00,240.35,247.0,240.35,242.85,89381
2017-06-05,00:00:00,243.85,255.3,240.8,252.9,443134
2017-06-06,00:00:00,255.5,257.4,252.05,253.05,132128
2017-06-07,00:00:00,252.05,255.3,246.7,249.95,55747
2017-06-08,00:00:00,251.95,252.65,247.15,248.85,67409
2017-06-09,00:00:00,250.2,251.4,247.0,248.8,44787
2017-06-12,00:00:00,248.8,249.4,247.3,248.2,34587
2017-06-13,00:00:00,248.3,254.55,246.35,249.3,91463
2017-06-14,00:00:00,248.95,253.95,247.05,251.65,180882
2017-06-15,00:00:00,253.7,259.45,249.7,258.1,259079
2017-06-16,00:00:00,259.6,264.0,259.6,262.25,217923
2017-06-19,00:00:00,263.9,267.85,257.15,262.85,181044
2017-06-20,00:00:00,263.45,266.2,260.6,263.45,144032
2017-06-21,00:00:00,263.4,265.3,260.4,261.4,58115
2017-06-22,00:00:00,262.25,262.85,256.5,257.5,65734
2017-06-23,00:00:00,255.9,261.45,254.1,260.0,117030
2017-06-27,00:00:00,265.3,265.3,255.75,264.35,244696
2017-06-28,00:00:00,263.75,271.0,263.75,267.55,480723
2017-06-29,00:00:00,268.35,269.05,265.85,267.95,74672
2017-06-30,00:00:00,267.2,275.75,266.0,272.15,279946
2017-07-03,00:00:00,274.8,290.55,271.6,287.25,400356
2017-07-04,00:00:00,290.55,290.55,281.75,283.85,108149
2017-07-05,00:00:00,281.15,284.25,278.1,281.5,82478
2017-07-06,00:00:00,281.1,296.15,281.1,287.4,210655
2017-07-07,00:00:00,289.9,289.9,282.4,284.05,56320
2017-07-10,00:00:00,315.85,315.85,281.1,286.45,14244
2017-07-11,00:00:00,287.4,294.25,284.9,286.3,74742
2017-07-12,00:00:00,287.4,288.75,279.3,282.05,40722
2017-07-13,00:00:00,281.1,289.85,279.35,282.45,82549
2017-07-14,00:00:00,281.2,287.05,279.7,282.4,28624
2017-07-17,00:00:00,284.85,284.9,273.55,275.85,44226
2017-07-18,00:00:00,277.2,277.2,264.65,266.45,63909
2017-07-19,00:00:00,267.75,273.75,267.2,270.8,28212
2017-07-20,00:00:00,268.6,281.05,268.6,272.7,73281
2017-07-21,00:00:00,274.05,275.75,268.9,270.2,51129
2017-07-24,00:00:00,271.65,276.35,266.7,269.4,59243
2017-07-25,00:00:00,271.0,272.2,262.15,263.95,51597
2017-07-26,00:00:00,263.95,265.5,255.85,263.55,72685
2017-07-27,00:00:00,263.55,267.2,259.75,262.1,25783
2017-07-28,00:00:00,262.0,269.35,259.15,265.15,25922
2017-07-31,00:00:00,270.1,270.1,260.6,262.85,28793
2017-08-01,00:00:00,264.05,264.55,261.25,262.8,17291
2017-08-02,00:00:00,260.8,262.6,255.9,257.8,39272
2017-08-03,00:00:00,262.9,262.9,256.0,257.45,27255
2017-08-04,00:00:00,259.15,273.4,257.1,267.75,84356
2017-08-07,00:00:00,268.15,269.1,263.15,265.35,32971
2017-08-08,00:00:00,265.35,267.65,256.15,258.25,90483
2017-08-09,00:00:00,258.35,262.7,256.25,258.5,40177
2017-08-10,00:00:00,258.35,262.4,247.75,253.05,154789
2017-08-11,00:00:00,255.85,257.1,240.05,252.55,82557
2017-08-14,00:00:00,257.75,258.35,250.2,252.2,31670
2017-08-16,00:00:00,252.65,258.35,252.65,254.5,44957
2017-08-17,00:00:00,254.85,267.2,252.8,259.85,103947
2017-08-18,00:00:00,259.6,260.9,252.65,258.4,58023
2017-08-21,00:00:00,257.15,260.75,254.55,255.6,52733
2017-08-22,00:00:00,258.2,260.9,252.7,257.9,42812
2017-08-23,00:00:00,258.95,268.35,258.95,262.85,156258
2017-08-24,00:00:00,265.2,283.0,264.05,274.65,492696
2017-08-28,00:00:00,283.0,286.5,276.2,280.75,177541
2017-08-29,00:00:00,283.65,283.65,271.0,273.45,120138
2017-08-30,00:00:00,277.95,279.85,275.15,277.9,130371
2017-08-31,00:00:00,279.75,292.85,275.45,288.7,384220
2017-09-01,00:00:00,290.7,298.65,290.55,293.15,304742
2017-09-04,00:00:00,295.05,295.05,279.3,287.55,127158
2017-09-05,00:00:00,290.25,295.0,285.0,290.6,266847
2017-09-06,00:00:00,291.85,295.85,285.25,289.4,118152
2017-09-07,00:00:00,291.65,292.15,285.85,287.5,50711
2017-09-08,00:00:00,289.35,289.35,283.95,285.5,44846
2017-09-11,00:00:00,285.5,288.45,281.75,282.9,45473
2017-09-12,00:00:00,282.95,291.1,282.9,286.45,84950
2017-09-13,00:00:00,288.4,291.4,283.0,285.05,112466
2017-09-14,00:00:00,288.7,290.7,284.6,288.55,72565
2017-09-15,00:00:00,288.55,300.05,285.55,295.4,281566
2017-09-18,00:00:00,300.05,302.5,293.75,296.6,268337
2017-09-19,00:00:00,300.35,317.1,300.35,310.7,889889
2017-09-20,00:00:00,315.85,327.2,313.4,318.1,573711
2017-09-21,00:00:00,320.2,324.35,308.3,313.35,239395
2017-09-22,00:00:00,312.55,315.8,307.05,310.8,126441
2017-09-25,00:00:00,313.95,313.95,295.05,301.75,129511
2017-09-26,00:00:00,300.05,306.25,297.2,300.75,145818
2017-09-27,00:00:00,304.45,304.45,298.15,299.05,118079
2017-09-28,00:00:00,303.25,305.75,293.75,295.5,128919
2017-09-29,00:00:00,298.35,301.3,295.7,298.4,336836
2017-10-03,00:00:00,302.6,305.4,290.55,294.35,338321
2017-10-04,00:00:00,297.5,303.25,293.2,294.8,292931
2017-10-05,00:00:00,297.2,301.9,296.9,298.5,95957
2017-10-06,00:00:00,301.95,312.05,300.7,307.7,153765
2017-10-09,00:00:00,313.85,315.25,309.55,312.15,157648
2017-10-10,00:00:00,315.85,317.75,311.4,313.2,108908
2017-10-11,00:00:00,315.85,316.5,304.85,307.05,133315
2017-10-12,00:00:00,310.1,312.75,307.0,310.35,47480
2017-10-13,00:00:00,312.7,318.65,303.85,307.75,113866
2017-10-16,00:00:00,312.6,314.5,307.8,309.8,113568
2017-10-17,00:00:00,312.0,312.8,308.3,308.85,69187
2017-10-18,00:00:00,310.8,321.2,306.35,318.05,523767
2017-10-23,00:00:00,322.2,323.6,314.6,315.45,76398
2017-10-24,00:00:00,316.5,316.5,309.1,310.95,93156
2017-10-25,00:00:00,314.25,315.8,308.3,310.0,55456
2017-10-26,00:00:00,310.15,312.7,305.1,306.0,54246
2017-10-27,00:00:00,305.75,311.4,304.75,306.2,67228
2017-10-30,00:00:00,309.45,314.2,305.8,312.4,74834
2017-10-31,00:00:00,315.85,318.4,309.6,313.75,98643
2017-11-01,00:00:00,314.05,322.2,312.8,316.55,215621
2017-11-02,00:00:00,313.3,323.4,313.3,317.15,113772
2017-11-03,00:00:00,314.6,318.5,310.2,312.4,64425
2017-11-06,00:00:00,318.35,319.0,308.4,311.2,81769
2017-11-07,00:00:00,314.6,314.6,304.3,305.1,77985
2017-11-08,00:00:00,307.65,312.05,300.4,306.7,63465
2017-11-09,00:00:00,307.7,315.25,307.7,312.0,200095
2017-11-10,00:00:00,312.85,317.1,308.3,309.9,113655
2017-11-13,00:00:00,311.85,314.5,304.0,306.6,107270
2017-11-14,00:00:00,308.45,312.7,305.25,310.25,54590
2017-11-15,00:00:00,309.55,310.5,301.4,303.7,118121
2017-11-16,00:00:00,309.4,309.4,302.15,302.95,43860
2017-11-17,00:00:00,306.95,314.05,305.45,309.25,90123
2017-11-20,00:00:00,311.75,316.5,309.55,311.95,81377
2017-11-21,00:00:00,313.2,314.65,310.2,312.0,54314
2017-11-22,00:00:00,310.3,315.8,304.45,309.0,273047
2017-11-23,00:00:00,312.7,314.85,307.65,308.55,62196
2017-11-24,00:00:00,312.7,314.2,308.55,311.1,130936
2017-11-27,00:00:00,319.0,326.2,315.25,317.85,817236
2017-11-28,00:00:00,320.85,325.25,317.1,319.4,189088
2017-11-29,00:00:00,320.55,324.75,317.75,319.0,128019
2017-11-30,00:00:00,319.0,336.1,316.5,321.4,462944
2017-12-01,00:00:00,324.05,327.85,317.15,319.3,145309
2017-12-04,00:00:00,322.1,322.1,312.75,313.5,127495
2017-12-05,00:00:00,313.05,327.8,308.3,317.3,143361
2017-12-06,00:00:00,317.7,318.05,308.3,310.1,74953
2017-12-07,00:00:00,309.55,315.25,308.95,313.0,99717
2017-12-08,00:00:00,315.85,326.6,314.6,323.65,187894
2017-12-11,00:00:00,322.6,328.5,319.65,321.3,82357
2017-12-12,00:00:00,328.5,331.65,320.25,323.75,659366
2017-12-13,00:00:00,327.2,327.2,320.0,321.5,166346
2017-12-14,00:00:00,321.0,324.55,315.85,317.3,118864
2017-12-15,00:00:00,322.2,343.2,321.0,332.85,1143124
2017-12-18,00:00:00,328.4,334.15,310.85,326.75,309452
2017-12-19,00:00:00,329.15,334.8,326.65,332.2,206533
2017-12-20,00:00:00,332.9,343.8,332.25,334.9,904056
2017-12-21,00:00:00,336.65,343.0,332.55,340.7,261147
2017-12-22,00:00:00,342.3,346.15,336.3,340.9,322817
2017-12-26,00:00:00,343.65,346.15,339.85,343.55,175932
2017-12-27,00:00:00,346.1,346.7,338.0,340.35,205796
2017-12-28,00:00:00,343.5,356.9,342.1,352.8,637877
2017-12-29,00:00:00,371.45,377.75,361.35,364.05,2029928
2018-01-01,00:00:00,366.4,368.3,355.65,360.15,297021
2018-01-02,00:00:00,365.1,365.1,353.75,358.7,167282
2018-01-03,00:00:00,361.95,366.3,353.75,361.3,146555
2018-01-04,00:00:00,363.2,364.35,354.4,360.25,163694
2018-01-05,00:00:00,362.45,364.15,358.8,360.95,129979
2018-01-08,00:00:00,388.45,388.45,364.65,368.05,257579
2018-01-09,00:00:00,370.15,378.95,366.05,371.55,550884
2018-01-10,00:00:00,372.15,380.95,371.4,378.7,344119
2018-01-11,00:00:00,378.2,380.95,372.35,374.7,184330
2018-01-12,00:00:00,377.1,389.75,374.6,386.55,366349
2018-01-15,00:00:00,386.6,390.5,379.65,380.4,252508
2018-01-16,00:00:00,379.95,385.0,367.15,372.25,245236
2018-01-17,00:00:00,369.6,375.8,340.45,371.4,201587
2018-01-18,00:00:00,374.35,385.25,370.15,372.25,186778
2018-01-19,00:00:00,372.05,372.25,364.4,368.3,105293
2018-01-22,00:00:00,367.5,379.0,367.5,375.0,73424
2018-01-23,00:00:00,378.9,380.3,368.45,373.95,82977
2018-01-24,00:00:00,374.55,380.3,369.9,372.5,212095
2018-01-25,00:00:00,372.65,373.6,362.0,363.95,113638
2018-01-29,00:00:00,369.3,369.3,347.45,348.45,223810
2018-01-30,00:00:00,350.6,357.05,344.4,347.7,96474
2018-01-31,00:00:00,346.15,355.35,343.65,347.35,156157
2018-02-01,00:00:00,351.85,356.9,347.45,352.35,101199
2018-02-02,00:00:00,347.5,349.9,334.8,337.3,166801
2018-02-05,00:00:00,322.2,334.2,319.0,330.95,180669
2018-02-06,00:00:00,315.25,318.95,304.6,311.4,271516
2018-02-07,00:00:00,319.0,325.3,317.3,320.1,73392
2018-02-08,00:00:00,320.9,326.85,318.65,324.6,80713
2018-02-09,00:00:00,311.4,328.15,311.4,324.4,53728
2018-02-12,00:00:00,325.95,328.95,321.55,326.1,75898
2018-02-14,00:00:00,326.45,337.6,323.4,332.8,107882
2018-02-15,00:00:00,333.6,341.4,333.6,337.45,108321
2018-02-16,00:00:00,341.15,341.15,323.35,326.35,84513
2018-02-19,00:00:00,329.75,329.75,318.5,320.6,38345
2018-02-20,00:00:00,320.6,328.3,313.3,313.75,90429
2018-02-21,00:00:00,316.55,317.7,313.3,314.6,60980
2018-02-22,00:00:00,314.6,319.85,311.2,312.85,64730
2018-02-23,00:00:00,313.45,325.95,313.45,320.35,81179
2018-02-26,00:00:00,323.65,324.5,305.45,314.2,129032
2018-02-27,00:00:00,314.65,318.55,312.95,314.5,47739
2018-02-28,00:00:00,312.4,314.4,308.3,309.65,50663
2018-03-01,00:00:00,310.8,314.2,310.2,311.0,84324
2018-03-05,00:00:00,311.15,311.15,306.35,307.7,36808
2018-03-06,00:00:00,309.55,310.65,304.65,306.2,60652
2018-03-07,00:00:00,304.55,304.6,296.9,299.35,70744
2018-03-08,00:00:00,300.75,309.45,292.0,293.95,43115
2018-03-09,00:00:00,295.25,302.6,294.05,295.1,41132
2018-03-12,00:00:00,297.5,300.6,289.5,294.35,70669
2018-03-13,00:00:00,294.35,305.75,293.75,297.45,61644
2018-03-14,00:00:00,297.25,299.55,294.75,297.25,35947
2018-03-15,00:00:00,304.45,305.45,295.55,297.5,189001
2018-03-16,00:00:00,297.5,300.0,291.4,293.8,42458
2018-03-19,00:00:00,291.85,294.85,287.4,288.75,37059
2018-03-20,00:00:00,290.85,293.75,284.25,291.4,43677
2018-03-21,00:00:00,293.65,302.85,287.4,290.8,60857
2018-03-22,00:00:00,293.7,293.7,284.95,286.65,59020
2018-03-23,00:00:00,283.0,288.75,265.3,280.3,85337
2018-03-26,00:00:00,280.45,288.05,280.45,282.85,79200
2018-03-27,00:00:00,285.05,288.35,279.9,282.55,58754
2018-03-28,00:00:00,281.75,291.2,281.75,285.65,104467
2018-04-02,00:00:00,285.65,306.3,285.65,302.0,58316
2018-04-03,00:00:00,305.45,318.8,302.6,316.75,81553
2018-04-04,00:00:00,322.2,325.3,309.4,313.1,84871
2018-04-05,00:00:00,318.05,322.8,311.8,314.85,46750
2018-04-06,00:00:00,312.25,318.7,312.25,315.7,48199
2018-04-09,00:00:00,321.55,321.55,312.9,318.1,67460
2018-04-10,00:00:00,318.95,321.35,314.6,315.95,58738
2018-04-11,00:00:00,315.8,318.35,313.1,315.25,51586
2018-04-12,00:00:00,317.4,320.55,313.95,314.8,38523
2018-04-13,00:00:00,314.8,320.55,312.75,315.55,36600
2018-04-16,00:00:00,313.9,318.35,311.25,315.8,84000
2018-04-17,00:00:00,320.2,320.2,312.7,313.3,23198
2018-04-18,00:00:00,313.95,315.8,312.7,314.85,25009
2018-04-19,00:00:00,315.8,315.8,307.9,309.15,73991
2018-04-20,00:00:00,309.8,309.8,306.35,307.4,21808
2018-04-23,00:00:00,304.45,309.35,301.75,304.75,87306
2018-04-24,00:00:00,302.65,309.55,300.7,308.55,78623
2018-04-25,00:00:00,308.45,309.55,296.9,300.1,38079
2018-04-26,00:00:00,300.6,305.65,298.2,299.55,34651
2018-04-27,00:00:00,300.05,308.0,298.4,305.6,31930
2018-04-30,00:00:00,305.75,309.2,300.7,302.9,28602
2018-05-02,00:00:00,303.25,305.0,298.2,299.35,16225
2018-05-03,00:00:00,296.9,299.3,289.35,294.05,92610
2018-05-04,00:00:00,294.05,296.85,285.25,290.15,52831
2018-05-07,00:00:00,291.85,296.1,285.5,287.8,50667
2018-05-08,00:00:00,290.55,293.1,285.5,286.15,25453
2018-05-09,00:00:00,286.15,287.95,281.35,282.9,45285
2018-05-10,00:00:00,282.4,287.4,281.8,283.35,25835
2018-05-11,00:00:00,283.6,286.1,281.1,284.9,38773
2018-05-14,00:00:00,286.7,290.15,282.4,282.75,31896
2018-05-15,00:00:00,282.4,290.05,278.75,281.35,108508
2018-05-16,00:00:00,280.9,290.5,275.1,286.5,106500
2018-05-17,00:00:00,289.8,289.95,282.85,287.4,23221
2018-05-18,00:00:00,290.55,296.75,283.85,285.5,31634
2018-05-21,00:00:00,284.9,287.4,266.55,269.6,143716
2018-05-22,00:00:00,265.95,281.65,265.95,275.95,98986
2018-05-23,00:00:00,277.2,278.95,268.2,270.15,73215
2018-05-24,00:00:00,272.6,274.55,270.15,272.6,41919
2018-05-25,00:00:00,273.35,274.65,268.55,271.45,52020
2018-05-28,00:00:00,274.15,274.15,267.2,270.65,34830
2018-05-29,00:00:00,271.65,272.15,266.7,267.25,28610
2018-05-30,00:00:00,262.2,271.8,262.2,266.4,70534
2018-05-31,00:00:00,266.4,269.75,264.4,268.35,50801
2018-06-01,00:00:00,265.95,268.5,260.15,262.2,43429
2018-06-04,00:00:00,263.45,263.45,248.25,249.45,129767
2018-06-05,00:00:00,247.6,247.7,218.15,225.1,319933
2018-06-06,00:00:00,225.1,233.05,221.85,227.4,269940
2018-06-07,00:00:00,228.75,234.35,227.4,229.8,194386
2018-06-08,00:00:00,228.05,230.65,224.75,228.65,109343
2018-06-11,00:00:00,228.65,235.1,228.15,228.95,126221
2018-06-12,00:00:00,231.25,231.25,226.15,227.7,91067
2018-06-13,00:00:00,229.8,229.95,224.95,226.0,94056
2018-06-14,00:00:00,225.95,226.9,222.85,224.45,129610
2018-06-15,00:00:00,223.95,226.7,222.0,222.85,59570
2018-06-18,00:00:00,222.65,225.1,214.15,215.3,121504
2018-06-19,00:00:00,213.5,214.4,207.25,210.75,451411
2018-06-20,00:00:00,210.75,222.45,209.1,218.3,182450
2018-06-21,00:00:00,219.0,219.2,211.65,212.25,101716
2018-06-22,00:00:00,213.45,213.45,208.65,210.55,29883
2018-06-25,00:00:00,209.1,212.1,205.65,206.8,46435
2018-06-26,00:00:00,205.3,210.9,202.15,205.15,189648
2018-06-27,00:00:00,203.7,207.6,192.65,195.3,135080
2018-06-28,00:00:00,193.7,196.1,188.35,193.4,214890
2018-06-29,00:00:00,193.35,196.75,190.2,191.3,79754
2018-07-02,00:00:00,192.55,192.65,186.95,188.0,54072
2018-07-03,00:00:00,187.75,187.75,177.9,180.45,157308
2018-07-04,00:00:00,183.1,183.1,175.1,180.15,121547
2018-07-05,00:00:00,180.0,187.1,178.25,185.25,350355
2018-07-06,00:00:00,186.95,195.7,179.15,186.35,545761
2018-07-09,00:00:00,188.85,197.95,188.85,195.7,180079
2018-07-10,00:00:00,197.9,207.35,196.7,201.45,223001
2018-07-11,00:00:00,202.15,204.7,193.0,197.35,98004
2018-07-12,00:00:00,199.6,202.15,194.65,196.95,64317
2018-07-13,00:00:00,194.9,196.95,189.5,191.05,59871
2018-07-16,00:00:00,190.4,190.4,182.65,183.4,91786
2018-07-17,00:00:00,185.75,185.75,178.35,183.8,83557
2018-07-18,00:00:00,182.3,184.3,176.9,180.95,195999
2018-07-19,00:00:00,179.05,185.75,177.55,183.25,62975
2018-07-20,00:00:00,180.65,183.5,177.3,178.5,60279
2018-07-23,00:00:00,182.55,182.6,177.0,178.1,41547
2018-07-24,00:00:00,179.85,183.1,178.7,180.85,102967
2018-07-25,00:00:00,180.75,190.4,180.75,187.6,97500
2018-07-26,00:00:00,186.55,191.7,185.2,189.25,80306
2018-07-27,00:00:00,188.0,193.9,186.5,190.75,59987
2018-07-30,00:00:00,191.25,192.5,188.85,191.45,39383
2018-07-31,00:00:00,193.25,193.25,185.15,188.5,99657
2018-08-01,00:00:00,192.65,194.25,187.7,189.15,66384
2018-08-02,00:00:00,189.45,189.8,181.3,183.45,90044
2018-08-03,00:00:00,185.75,188.25,183.2,184.9,80273
2018-08-06,00:00:00,189.2,189.2,184.45,185.8,70331
2018-08-07,00:00:00,187.6,187.6,176.9,178.15,126561
2018-08-08,00:00:00,178.45,178.45,170.15,173.95,276704
2018-08-09,00:00:00,172.45,176.4,171.85,172.3,118575
2018-08-10,00:00:00,171.85,173.6,167.45,168.1,160001
2018-08-13,00:00:00,167.35,168.4,149.65,160.5,193742
2018-08-14,00:00:00,147.4,154.1,142.1,145.4,552240
2018-08-16,00:00:00,144.05,149.0,139.6,140.7,466548
2018-08-17,00:00:00,140.85,145.8,140.85,141.55,542962
2018-08-20,00:00:00,143.0,144.65,140.1,140.95,158542
2018-08-21,00:00:00,141.5,151.55,140.05,147.6,1352183
2018-08-23,00:00:00,150.05,172.6,150.05,163.55,1905020
2018-08-24,00:00:00,162.8,169.95,159.2,161.35,664094
2018-08-27,00:00:00,162.45,164.25,153.0,154.35,208365
2018-08-28,00:00:00,154.75,158.2,146.55,147.75,254621
2018-08-29,00:00:00,147.8,157.2,145.95,152.55,326923
2018-08-30,00:00:00,153.75,154.65,149.05,151.4,130749
2018-08-31,00:00:00,149.5,152.75,147.9,148.2,99227
2018-09-03,00:00:00,149.4,150.25,146.1,146.85,106258
2018-09-04,00:00:00,147.8,147.8,142.85,144.1,94542
2018-09-05,00:00:00,143.65,145.25,141.65,143.35,84878
2018-09-06,00:00:00,144.6,147.15,142.15,142.55,81682
2018-09-07,00:00:00,142.7,149.05,141.25,143.85,131771
2018-09-10,00:00:00,143.3,144.8,141.2,141.95,98109
2018-09-11,00:00:00,143.05,145.55,138.3,139.4,135755
2018-09-12,00:00:00,137.8,140.25,136.55,137.5,75919
2018-09-14,00:00:00,140.5,143.9,138.0,140.85,108110
2018-09-17,00:00:00,140.2,142.1,137.95,139.3,74817
2018-09-18,00:00:00,140.55,144.55,139.35,141.05,120049
2018-09-19,00:00:00,142.5,144.05,136.85,138.85,132393
2018-09-21,00:00:00,139.6,141.25,127.05,131.9,136929
2018-09-24,00:00:00,131.25,132.05,127.0,130.6,102737
2018-09-25,00:00:00,128.85,136.05,125.7,133.8,138529
2018-09-26,00:00:00,135.7,135.7,126.45,127.95,48519
2018-09-27,00:00:00,129.2,129.5,121.9,123.85,94959
2018-09-28,00:00:00,123.8,125.7,113.2,116.0,134716
2018-10-01,00:00:00,114.35,115.9,107.4,111.95,161009
2018-10-03,00:00:00,112.1,115.15,110.1,112.3,71884
2018-10-04,00:00:00,111.75,112.1,108.65,109.85,84549
2018-10-05,00:00:00,108.15,110.45,107.8,108.75,54626
2018-10-08,00:00:00,107.65,110.55,102.1,103.65,90460
2018-10-09,00:00:00,104.75,105.35,98.6,102.0,152347
2018-10-10,00:00:00,102.05,109.4,100.4,107.95,116002
2018-10-11,00:00:00,105.95,106.15,101.85,104.4,65120
2018-10-12,00:00:00,107.0,119.95,105.35,112.45,227605
2018-10-15,00:00:00,113.35,123.2,112.5,120.2,251110
2018-10-16,00:00:00,118.45,124.45,118.45,119.75,92507
2018-10-17,00:00:00,121.1,124.05,114.3,115.35,113338
2018-10-19,00:00:00,115.3,116.5,110.6,113.3,43072
2018-10-22,00:00:00,114.55,115.35,108.2,109.0,315186
2018-10-23,00:00:00,107.4,110.45,105.8,106.65,29175
2018-10-24,00:00:00,108.45,111.2,106.75,107.4,50778
2018-10-25,00:00:00,105.5,110.55,101.85,108.6,85924
2018-10-26,00:00:00,109.25,114.95,107.4,109.4,143887
2018-10-29,00:00:00,111.7,115.1,108.65,111.75,72727
2018-10-30,00:00:00,111.75,114.95,110.4,112.7,93969
2018-10-31,00:00:00,113.45,114.95,112.15,112.9,36182
2018-11-01,00:00:00,114.6,117.45,112.5,116.5,89428
2018-11-02,00:00:00,121.9,121.9,116.85,117.4,105668
2018-11-05,00:00:00,116.85,117.8,113.1,113.7,44639
2018-11-06,00:00:00,115.5,115.6,112.85,114.2,45919
2018-11-09,00:00:00,116.05,116.05,112.5,113.1,117379
2018-11-12,00:00:00,114.0,114.95,110.6,112.4,103303
2018-11-13,00:00:00,114.0,117.8,112.6,116.15,135366
2018-11-14,00:00:00,116.9,117.8,113.1,114.15,88532
2018-11-15,00:00:00,112.45,112.75,105.55,110.65,151602
2018-11-16,00:00:00,110.05,120.75,108.9,114.35,164046
2018-11-19,00:00:00,115.3,116.8,112.9,115.7,27393
2018-11-20,00:00:00,113.7,116.1,111.85,114.6,55941
2018-11-21,00:00:00,114.15,116.85,112.3,116.35,100501
2018-11-22,00:00:00,116.35,121.0,115.35,118.65,84279
2018-11-26,00:00:00,121.75,122.5,115.45,118.2,183773
2018-11-27,00:00:00,119.85,130.75,118.15,126.6,402144
2018-11-28,00:00:00,127.0,132.6,125.7,126.9,276377
2018-11-29,00:00:00,127.75,127.9,117.85,122.7,166487
2018-11-30,00:00:00,124.65,131.0,123.8,128.8,316692
2018-12-03,00:00:00,129.1,129.55,123.4,124.65,67890
2018-12-04,00:00:00,125.1,132.6,123.35,128.55,366655
2018-12-05,00:00:00,127.9,127.9,123.25,125.55,160876
2018-12-06,00:00:00,124.1,124.1,119.4,119.8,86538
2018-12-07,00:00:00,120.15,123.6,117.2,122.15,103744
2018-12-10,00:00:00,120.65,121.25,115.05,116.4,59520
2018-12-11,00:00:00,115.95,120.15,114.2,118.35,74105
2018-12-12,00:00:00,119.2,120.05,114.45,115.55,389359
2018-12-13,00:00:00,116.2,119.4,115.5,116.2,159576
2018-12-14,00:00:00,117.1,118.75,115.3,115.8,95627
2018-12-17,00:00:00,116.3,120.6,114.45,118.2,215477
2018-12-18,00:00:00,118.15,119.4,115.35,118.45,95604
2018-12-19,00:00:00,120.05,121.4,118.7,120.25,188579
2018-12-20,00:00:00,120.05,122.7,118.75,121.95,104159
2018-12-21,00:00:00,122.0,125.1,120.05,121.5,147585
2018-12-24,00:00:00,121.9,122.5,118.95,120.25,66894
2018-12-26,00:00:00,118.85,119.65,116.95,118.45,86687
2018-12-27,00:00:00,118.45,120.85,116.35,116.95,53195
2018-12-28,00:00:00,116.85,118.3,116.2,117.4,67314
2018-12-31,00:00:00,102.45,114.7,102.45,112.95,1481042
2019-01-01,00:00:00,112.45,112.45,109.25,110.1,150679
2019-01-02,00:00:00,110.9,110.9,104.8,105.5,294837
2019-01-03,00:00:00,107.05,107.4,102.4,102.9,291918
2019-01-04,00:00:00,102.95,103.55,99.3,99.85,210551
2019-01-07,00:00:00,100.45,101.5,94.15,96.7,491051
2019-01-08,00:00:00,98.85,98.85,95.55,96.65,142520
2019-01-09,00:00:00,97.6,97.8,93.5,94.45,141962
2019-01-10,00:00:00,94.45,95.8,91.05,91.7,187859
2019-01-11,00:00:00,92.1,92.1,88.6,89.15,155677
2019-01-14,00:00:00,89.35,89.5,85.35,86.05,143020
2019-01-15,00:00:00,86.1,97.75,82.15,94.2,732941
2019-01-16,00:00:00,95.1,104.25,94.75,103.05,1167226
2019-01-17,00:00:00,102.85,102.85,92.9,98.0,305146
2019-01-18,00:00:00,98.85,101.6,95.55,96.95,190440
2019-01-21,00:00:00,97.0,100.05,93.6,94.75,158555
2019-01-22,00:00:00,95.5,95.5,92.55,93.0,49649
2019-01-23,00:00:00,92.3,92.35,90.45,91.65,63559
2019-01-24,00:00:00,92.85,94.5,90.95,93.15,63135
2019-01-25,00:00:00,92.85,101.05,91.35,93.75,437209
2019-01-28,00:00:00,92.25,94.05,89.75,91.9,58912
2019-01-29,00:00:00,91.9,94.75,91.3,93.1,112499
2019-01-30,00:00:00,94.15,100.45,93.15,97.6,279609
2019-01-31,00:00:00,96.8,100.45,96.65,99.2,77649
2019-02-01,00:00:00,99.2,102.85,97.9,99.55,111758
2019-02-04,00:00:00,99.2,99.8,96.85,97.4,100401
2019-02-05,00:00:00,97.3,100.45,96.05,96.25,52758
2019-02-06,00:00:00,95.8,97.9,95.4,96.3,34924
2019-02-07,00:00:00,95.5,97.65,95.5,96.7,53540
2019-02-08,00:00:00,97.6,101.1,94.95,97.8,91970
2019-02-11,00:00:00,98.45,98.45,94.95,96.45,47876
2019-02-12,00:00:00,96.65,97.6,95.75,96.7,100518
2019-02-13,00:00:00,96.4,96.4,94.15,94.6,89282
2019-02-14,00:00:00,94.7,97.8,92.85,96.65,81413
2019-02-15,00:00:00,96.65,96.65,93.85,96.1,37317
2019-02-18,00:00:00,96.0,96.8,94.95,96.05,76355
2019-02-19,00:00:00,95.7,102.1,95.7,99.85,209480
2019-02-20,00:00:00,99.85,104.25,99.85,103.1,179583
2019-02-21,00:00:00,105.05,107.35,103.2,106.15,137456
2019-02-22,00:00:00,109.8,109.8,106.95,108.85,177742
2019-02-25,00:00:00,108.1,111.8,108.1,110.6,132278
2019-02-26,00:00:00,108.65,114.2,106.15,110.0,125021
2019-02-27,00:00:00,109.25,112.1,107.45,109.05,57303
2019-02-28,00:00:00,110.0,111.8,108.65,110.8,37399
2019-03-01,00:00:00,111.5,113.7,110.6,111.6,67378
2019-03-05,00:00:00,113.1,118.75,111.8,118.45,259932
2019-03-06,00:00:00,119.45,125.9,119.45,123.35,283011
2019-03-07,00:00:00,124.65,133.7,124.0,130.5,739992
2019-03-08,00:00:00,130.75,134.5,129.45,130.35,190404
2019-03-11,00:00:00,130.15,140.25,128.5,137.35,560077
2019-03-12,00:00:00,137.85,143.9,137.85,142.9,531154
2019-03-13,00:00:00,143.9,152.9,142.1,151.6,703107
2019-03-14,00:00:00,153.1,156.65,145.6,150.55,423163
2019-03-15,00:00:00,152.2,153.8,148.8,149.5,118657
2019-03-18,00:00:00,149.4,151.6,143.6,148.2,114569
2019-03-19,00:00:00,147.15,151.45,145.3,150.1,87009
2019-03-20,00:00:00,150.05,150.9,145.95,147.0,58507
2019-03-22,00:00:00,147.15,147.8,143.1,144.15,146952
2019-03-25,00:00:00,143.3,143.3,132.85,133.8,86556
2019-03-26,00:00:00,132.7,145.1,132.65,143.7,206312
2019-03-27,00:00:00,143.4,147.2,143.1,144.95,148915
2019-03-28,00:00:00,147.15,151.6,142.35,150.95,237802
2019-03-29,00:00:00,150.9,160.45,147.15,155.5,439818
2019-04-01,00:00:00,155.4,157.25,151.6,152.9,116077
2019-04-02,00:00:00,153.75,154.75,150.1,151.3,57287
2019-04-03,00:00:00,151.45,152.9,140.85,148.4,62532
2019-04-04,00:00:00,148.0,151.0,144.65,148.05,68602
2019-04-05,00:00:00,148.05,150.3,143.85,145.95,82521
2019-04-08,00:00:00,147.4,148.45,144.05,145.25,95939
2019-04-09,00:00:00,144.65,146.55,140.45,142.25,65392
2019-04-10,00:00:00,142.1,143.4,138.0,139.85,74444
2019-04-11,00:00:00,139.6,141.2,134.15,136.05,75727
2019-04-12,00:00:00,136.05,139.9,135.3,137.2,102603
2019-04-15,00:00:00,138.35,138.35,132.05,133.55,104424
2019-04-16,00:00:00,133.8,135.3,129.85,130.95,112249
2019-04-18,00:00:00,131.9,133.85,124.45,127.0,136947
2019-04-22,00:00:00,125.9,126.3,123.2,124.35,52968
2019-04-23,00:00:00,124.05,129.95,123.2,124.65,113288
2019-04-24,00:00:00,125.55,126.3,120.65,122.25,85503
2019-04-25,00:00:00,122.95,124.45,119.7,120.75,60929
2019-04-26,00:00:00,121.6,121.6,119.15,120.75,91249
2019-04-30,00:00:00,120.8,122.0,116.2,120.8,54645
2019-05-02,00:00:00,118.3,120.6,115.05,118.0,65548
2019-05-03,00:00:00,118.0,118.45,115.85,116.35,47021
2019-05-06,00:00:00,114.85,117.8,112.8,113.7,93260
2019-05-07,00:00:00,116.1,116.1,112.65,113.7,318046
2019-05-08,00:00:00,113.5,115.05,112.5,114.4,261317
2019-05-09,00:00:00,113.7,116.65,112.5,114.6,373637
2019-05-10,00:00:00,114.9,123.1,114.9,121.8,362823
2019-05-13,00:00:00,122.5,127.3,120.05,123.35,457694
2019-05-14,00:00:00,122.9,129.5,120.7,128.3,256321
2019-05-15,00:00:00,128.3,136.8,128.3,135.8,400768
2019-05-16,00:00:00,135.85,145.1,135.75,141.7,368458
2019-05-17,00:00:00,142.7,147.55,142.7,144.45,394255
2019-05-20,00:00:00,149.05,150.35,144.35,146.3,279519
2019-05-21,00:00:00,146.4,146.55,142.1,143.4,169807
2019-05-22,00:00:00,142.15,149.75,142.15,148.45,253961
2019-05-23,00:00:00,150.7,164.25,149.15,157.2,1378656
2019-05-24,00:00:00,158.55,164.25,156.65,157.8,931018
2019-05-27,00:00:00,157.95,159.2,152.6,157.75,341792
2019-05-28,00:00:00,156.75,160.3,155.45,157.4,275148
2019-05-29,00:00:00,154.2,155.15,149.35,153.2,273041
2019-05-30,00:00:00,153.5,157.85,153.5,157.05,267188
2019-05-31,00:00:00,158.25,161.6,156.65,159.75,681324
2019-06-03,00:00:00,159.75,160.9,156.65,158.4,264025
2019-06-04,00:00:00,158.4,164.15,158.25,163.35,328407
2019-06-06,00:00:00,163.0,164.8,162.35,163.55,226646
2019-06-07,00:00:00,163.3,164.8,158.55,160.9,249253
2019-06-10,00:00:00,158.85,165.45,158.85,164.5,334261
2019-06-11,00:00:00,164.9,166.75,163.4,165.8,256986
2019-06-12,00:00:00,166.15,166.15,163.0,166.05,116936
2019-06-13,00:00:00,163.15,169.3,163.15,169.2,395306
2019-06-14,00:00:00,169.9,172.0,167.95,171.5,290131
2019-06-17,00:00:00,173.65,173.65,168.7,169.8,147885
2019-06-18,00:00:00,169.55,171.45,164.9,167.75,197770
2019-06-19,00:00:00,167.4,167.4,163.3,163.85,157842
2019-06-20,00:00:00,159.6,168.0,159.6,164.5,122478
2019-06-21,00:00:00,164.5,166.75,161.4,165.05,150355
2019-06-24,00:00:00,165.95,167.1,160.5,161.35,148880
2019-06-25,00:00:00,161.05,165.25,159.0,162.85,226097
2019-06-26,00:00:00,162.55,163.3,158.8,161.35,219857
2019-06-27,00:00:00,160.45,162.7,158.25,161.2,334476
2019-06-28,00:00:00,161.55,161.6,158.55,158.6,354212
2019-07-01,00:00:00,157.95,160.4,156.95,157.05,258596
2019-07-02,00:00:00,158.45,158.45,147.6,155.75,395746
2019-07-03,00:00:00,152.25,155.75,149.65,154.45,326568
2019-07-04,00:00:00,155.25,156.3,152.2,152.7,261389
2019-07-05,00:00:00,155.25,155.25,148.45,150.0,213280
2019-07-08,00:00:00,150.9,150.9,137.65,145.15,528063
2019-07-09,00:00:00,143.9,145.4,138.35,139.5,311196
2019-07-10,00:00:00,140.85,141.6,135.25,135.8,254693
2019-07-11,00:00:00,135.9,142.75,133.3,140.7,289678
2019-07-12,00:00:00,140.85,142.75,139.3,140.95,290828
2019-07-15,00:00:00,141.0,145.95,140.95,145.35,303298
2019-07-16,00:00:00,145.4,146.55,143.0,144.5,172253
2019-07-17,00:00:00,145.8,146.3,142.1,143.3,71208
2019-07-18,00:00:00,143.3,144.5,137.1,138.55,289234
2019-07-19,00:00:00,138.35,141.1,136.2,140.55,165661
2019-07-22,00:00:00,144.05,144.05,138.4,140.15,85247
2019-07-23,00:00:00,140.15,142.1,138.65,140.65,102504
2019-07-24,00:00:00,141.4,141.95,138.1,139.6,87680
2019-07-25,00:00:00,138.8,140.55,136.8,139.6,79669
2019-07-26,00:00:00,138.85,140.25,137.35,139.9,46814
2019-07-29,00:00:00,140.05,140.05,135.8,138.0,75104
2019-07-30,00:00:00,137.35,139.9,136.25,137.4,277819
2019-07-31,00:00:00,137.4,140.05,133.95,134.55,114236
2019-08-01,00:00:00,133.4,135.45,123.55,129.4,139813
2019-08-02,00:00:00,129.85,137.05,123.85,132.9,245576
2019-08-05,00:00:00,129.65,130.75,124.95,127.0,120732
2019-08-06,00:00:00,125.7,140.2,124.25,134.1,438648
2019-08-07,00:00:00,135.15,138.9,134.6,136.25,151626
2019-08-08,00:00:00,137.7,140.9,135.75,138.85,61654
2019-08-09,00:00:00,137.7,146.8,137.05,144.8,150042
2019-08-13,00:00:00,144.05,149.95,140.25,143.75,301318
2019-08-14,00:00:00,142.5,146.15,139.05,140.65,62611
2019-08-16,00:00:00,140.25,142.1,136.55,141.35,59823
2019-08-19,00:00:00,138.35,142.85,137.15,138.2,36738
2019-08-20,00:00:00,137.05,139.45,134.65,134.85,22465
2019-08-21,00:00:00,134.85,135.55,128.4,129.1,51288
2019-08-22,00:00:00,129.1,131.35,123.2,124.5,67537
2019-08-23,00:00:00,124.5,133.55,120.35,131.9,94503
2019-08-26,00:00:00,133.4,140.2,132.2,138.85,214475
2019-08-27,00:00:00,139.0,140.65,136.55,139.45,137689
2019-08-28,00:00:00,139.75,141.8,137.7,139.85,145459
2019-08-29,00:00:00,140.15,141.2,136.6,138.25,128684
2019-08-30,00:00:00,138.05,140.05,135.9,137.55,112055
2019-09-03,00:00:00,133.65,137.7,131.75,135.2,147092
2019-09-04,00:00:00,134.3,144.95,134.25,143.4,238814
2019-09-05,00:00:00,143.9,149.05,143.45,148.75,263034
2019-09-06,00:00:00,148.45,149.65,147.8,148.85,135355
2019-09-09,00:00:00,148.45,149.7,145.3,148.9,151682
2019-09-11,00:00:00,149.8,152.2,146.25,150.4,147050
2019-09-12,00:00:00,149.7,153.3,148.0,148.4,154629
2019-09-13,00:00:00,150.35,152.9,147.15,152.25,189284
2019-09-16,00:00:00,151.6,160.25,149.25,155.25,231655
2019-09-17,00:00:00,155.25,155.4,146.3,148.5,102298
2019-09-18,00:00:00,150.25,151.6,147.3,150.25,216094
2019-09-19,00:00:00,147.6,151.6,142.75,150.55,170345
2019-09-20,00:00:00,149.3,156.65,147.9,150.35,582229
2019-09-23,00:00:00,150.45,153.0,149.05,150.85,108272
2019-09-24,00:00:00,151.0,155.95,148.6,154.55,208707
2019-09-25,00:00:00,154.55,154.55,150.7,152.05,81450
2019-09-26,00:00:00,153.5,153.5,151.05,152.7,132575
2019-09-27,00:00:00,151.0,152.9,149.25,149.75,51724
2019-09-30,00:00:00,152.2,152.2,141.75,144.65,61229
2019-10-01,00:00:00,150.85,150.85,140.95,144.6,133295
2019-10-03,00:00:00,144.6,149.7,142.75,145.35,176748
2019-10-04,00:00:00,145.5,148.1,142.1,142.7,47627
2019-10-07,00:00:00,142.75,143.25,134.55,135.9,85385
2019-10-09,00:00:00,135.95,137.55,115.95,132.75,145493
2019-10-10,00:00:00,132.5,136.35,128.95,131.05,115589
2019-10-11,00:00:00,130.9,135.45,128.45,135.0,70363
2019-10-14,00:00:00,138.0,141.3,134.15,137.8,105342
2019-10-15,00:00:00,139.3,139.6,135.8,137.7,60790
2019-10-16,00:00:00,138.85,140.5,136.75,139.15,45876
2019-10-17,00:00:00,139.9,147.5,134.2,143.8,372450
2019-10-18,00:00:00,143.0,152.9,143.0,150.25,557908
2019-10-22,00:00:00,149.7,160.35,147.15,151.65,251687
2019-10-23,00:00:00,151.95,153.5,148.65,150.5,67369
2019-10-24,00:00:00,148.45,153.5,146.6,149.85,82155
2019-10-25,00:00:00,147.2,158.3,147.2,152.4,140133
2019-10-27,00:00:00,150.35,153.05,149.05,150.55,5633
2019-10-29,00:00:00,149.7,158.95,149.2,156.85,404526
2019-10-30,00:00:00,156.9,157.3,148.45,150.55,136886
2019-10-31,00:00:00,152.05,152.7,145.7,150.8,100310
2019-11-01,00:00:00,147.8,152.5,147.25,149.25,33986
2019-11-04,00:00:00,147.4,151.45,147.3,149.8,34703
2019-11-05,00:00:00,151.3,151.45,142.85,144.15,77600
2019-11-06,00:00:00,142.1,147.6,142.1,146.1,47436
2019-11-07,00:00:00,146.95,147.8,142.85,144.8,63343
2019-11-08,00:00:00,143.4,144.5,141.55,142.25,36519
2019-11-11,00:00:00,142.25,144.65,140.45,142.2,49256
2019-11-13,00:00:00,142.75,151.2,140.4,142.9,68230
2019-11-14,00:00:00,144.25,148.05,142.9,145.5,45245
2019-11-15,00:00:00,147.8,147.8,142.9,143.55,139879
2019-11-18,00:00:00,142.25,147.8,142.25,145.75,141202
2019-11-19,00:00:00,146.85,149.0,141.25,144.9,135385
2019-11-20,00:00:00,143.7,153.35,143.7,148.55,297967
2019-11-21,00:00:00,149.05,151.0,146.65,148.9,50186
2019-11-22,00:00:00,150.45,153.5,147.95,151.55,200136
2019-11-25,00:00:00,151.55,159.45,149.35,156.85,538214
2019-11-26,00:00:00,157.7,158.4,153.5,153.8,99867
2019-11-27,00:00:00,153.05,155.25,151.8,153.15,46728
2019-11-28,00:00:00,153.5,163.0,153.25,160.9,442250
2019-11-29,00:00:00,160.75,160.75,156.05,156.35,86469
2019-12-02,00:00:00,156.05,156.9,152.95,153.4,42930
2019-12-03,00:00:00,152.35,158.5,148.8,155.95,108923
2019-12-04,00:00:00,154.75,155.75,151.9,153.3,41559
2019-12-05,00:00:00,152.55,154.05,148.6,150.5,36294
2019-12-06,00:00:00,150.5,151.4,144.65,145.35,76438
2019-12-09,00:00:00,147.45,147.45,142.1,142.6,44605
2019-12-10,00:00:00,143.7,143.7,136.05,137.8,79795
2019-12-11,00:00:00,138.6,140.65,135.85,139.25,50456
2019-12-12,00:00:00,137.75,142.9,135.85,141.65,161200
2019-12-13,00:00:00,137.7,146.15,137.7,143.3,47751
2019-12-16,00:00:00,144.35,144.55,141.6,142.5,15969
2019-12-17,00:00:00,140.95,144.95,138.35,144.15,73543
2019-12-18,00:00:00,144.6,144.6,140.85,142.7,42839
2019-12-19,00:00:00,139.85,143.05,139.75,140.5,18845
2019-12-20,00:00:00,140.25,142.9,138.85,140.8,27365
2019-12-23,00:00:00,142.1,146.35,139.85,142.0,96043
2019-12-24,00:00:00,141.8,144.9,140.85,141.2,38718
2019-12-26,00:00:00,141.25,142.1,138.4,140.45,34168
2019-12-27,00:00:00,141.85,142.1,139.1,140.25,28440
2019-12-30,00:00:00,139.0,141.05,137.1,138.2,32647
2019-12-31,00:00:00,138.7,143.3,137.75,138.4,117039
2020-01-01,00:00:00,137.55,141.85,137.55,138.55,39136
2020-01-02,00:00:00,138.65,143.1,137.4,142.5,71530
2020-01-03,00:00:00,143.7,144.65,140.45,141.1,44723
2020-01-06,00:00:00,140.25,140.85,134.25,135.0,31419
2020-01-07,00:00:00,135.9,138.9,135.9,136.95,19737
2020-01-08,00:00:00,132.65,137.7,131.4,134.55,51528
2020-01-09,00:00:00,136.35,140.0,136.35,138.6,36802
2020-01-10,00:00:00,140.25,141.5,136.35,138.0,25766
2020-01-13,00:00:00,138.35,143.2,138.35,139.9,74849
2020-01-14,00:00:00,140.8,142.7,138.2,140.45,44039
2020-01-15,00:00:00,141.65,141.65,130.15,132.8,111434
2020-01-16,00:00:00,134.5,141.95,133.95,137.55,84548
2020-01-17,00:00:00,135.8,139.55,135.8,137.45,46014
2020-01-20,00:00:00,137.45,138.9,137.4,137.85,19760
2020-01-21,00:00:00,137.7,139.55,135.95,138.8,38243
2020-01-22,00:00:00,139.0,139.15,134.0,136.05,26552
2020-01-23,00:00:00,138.3,138.85,135.2,138.25,23997
2020-01-24,00:00:00,137.1,138.85,136.15,136.8,22445
2020-01-27,00:00:00,138.35,138.35,135.95,136.95,20619
2020-01-28,00:00:00,136.65,138.85,134.3,135.0,22723
2020-01-29,00:00:00,133.7,137.3,132.25,133.55,32223
2020-01-30,00:00:00,132.8,138.25,130.2,135.6,29899
2020-01-31,00:00:00,135.6,137.55,133.65,134.8,85515
2020-02-01,00:00:00,134.8,136.75,116.2,128.95,92312
2020-02-03,00:00:00,128.8,136.95,127.0,135.2,138150
2020-02-04,00:00:00,137.7,142.7,136.7,140.95,178386
2020-02-05,00:00:00,140.25,143.4,139.85,142.95,160959
2020-02-06,00:00:00,142.45,145.25,141.95,144.65,235970
2020-02-07,00:00:00,145.3,145.35,142.8,144.5,146393
2020-02-10,00:00:00,143.1,147.15,143.1,146.4,189666
2020-02-11,00:00:00,147.6,152.9,145.0,152.05,437854
2020-02-12,00:00:00,151.05,154.75,150.25,151.6,117006
2020-02-13,00:00:00,151.7,157.9,148.6,153.65,520218
2020-02-14,00:00:00,154.4,155.35,147.25,152.7,261851
2020-02-17,00:00:00,148.95,156.65,148.8,153.5,277133
2020-02-18,00:00:00,153.5,161.05,150.35,155.5,758673
2020-02-19,00:00:00,152.1,160.05,152.05,159.0,372876
2020-02-20,00:00:00,157.3,161.65,155.35,158.6,149892
2020-02-24,00:00:00,156.8,158.5,155.05,157.55,123984
2020-02-25,00:00:00,156.75,165.5,155.15,163.3,481629
2020-02-26,00:00:00,165.5,165.5,161.05,164.1,99625
2020-02-27,00:00:00,162.85,165.55,158.7,164.2,144657
2020-02-28,00:00:00,160.45,160.45,151.6,156.55,143577
2020-03-02,00:00:00,154.75,165.15,152.35,157.1,467624
2020-03-03,00:00:00,157.95,160.45,152.25,155.95,101733
2020-03-04,00:00:00,157.9,160.45,152.9,157.6,148338
2020-03-05,00:00:00,156.35,158.9,153.2,154.55,73467
2020-03-06,00:00:00,149.0,155.4,145.3,155.05,276030
2020-03-09,00:00:00,150.35,162.85,148.5,156.05,159419
2020-03-11,00:00:00,156.05,161.05,153.35,154.1,122901
2020-03-12,00:00:00,155.95,155.95,126.8,128.4,133142
2020-03-13,00:00:00,113.9,149.0,102.75,139.45,209060
2020-03-16,00:00:00,139.0,139.0,121.55,123.3,100302
2020-03-17,00:00:00,124.45,131.6,113.4,114.8,150115
2020-03-18,00:00:00,119.9,121.85,112.45,113.7,78999
2020-03-19,00:00:00,112.45,119.4,107.35,117.55,170912
2020-03-20,00:00:00,116.85,120.8,113.9,117.6,72330
2020-03-23,00:00:00,108.65,137.95,102.7,104.6,92907
2020-03-24,00:00:00,110.9,110.9,105.0,105.6,22500
2020-03-25,00:00:00,103.65,106.15,102.95,103.5,42233
2020-03-26,00:00:00,104.35,114.3,104.35,107.9,37034
2020-03-27,00:00:00,113.7,114.85,108.65,112.6,22440
2020-03-30,00:00:00,109.9,111.0,100.55,103.95,21075
2020-03-31,00:00:00,103.95,107.35,97.6,102.25,35139
2020-04-01,00:00:00,102.85,103.1,94.9,99.45,36335
2020-04-03,00:00:00,102.1,106.15,94.75,98.0,80611
2020-04-07,00:00:00,102.8,102.95,98.2,99.6,49315
2020-04-08,00:00:00,98.55,102.9,97.9,99.55,31530
2020-04-09,00:00:00,100.4,113.25,85.6,104.8,249032
2020-04-13,00:00:00,106.75,106.75,98.55,100.55,24721
2020-04-15,00:00:00,98.0,104.25,95.8,98.0,43851
2020-04-16,00:00:00,98.0,105.5,96.5,102.0,52749
2020-04-17,00:00:00,105.15,106.15,96.35,98.3,68427
2020-04-20,00:00:00,99.8,104.15,99.15,100.85,48052
2020-04-21,00:00:00,100.35,101.3,96.65,100.25,598310
2020-04-22,00:00:00,100.3,101.3,97.3,98.25,17996
2020-04-23,00:00:00,100.7,102.25,96.65,97.8,32215
2020-04-24,00:00:00,97.65,100.25,97.6,97.95,169284
2020-04-27,00:00:00,97.9,111.25,93.5,105.35,349755
2020-04-28,00:00:00,104.85,104.85,100.1,100.7,71279
2020-04-29,00:00:00,103.0,103.6,98.2,100.25,63028
2020-04-30,00:00:00,101.1,109.25,99.8,106.0,265913
2020-05-04,00:00:00,100.1,101.7,99.2,99.6,75210
2020-05-05,00:00:00,100.0,103.5,96.35,97.15,27434
2020-05-06,00:00:00,97.9,99.05,94.15,94.75,40387
2020-05-07,00:00:00,96.5,97.6,92.85,93.25,25295
2020-05-08,00:00:00,95.65,95.65,90.35,91.15,42411
2020-05-11,00:00:00,90.05,93.15,83.45,85.5,61201
2020-05-12,00:00:00,87.0,88.3,82.1,86.5,49691
2020-05-13,00:00:00,90.95,91.6,87.8,88.85,123998
2020-05-14,00:00:00,88.2,88.4,86.35,86.95,19190
2020-05-15,00:00:00,89.65,89.65,86.1,86.55,15093
2020-05-18,00:00:00,86.15,88.0,75.85,76.6,123176
2020-05-19,00:00:00,77.7,79.65,69.05,71.25,223159
2020-05-20,00:00:00,71.5,85.45,70.2,84.6,1086905
2020-05-21,00:00:00,84.05,84.55,77.1,77.65,258170
2020-05-22,00:00:00,78.65,80.85,75.85,76.55,94947
2020-05-26,00:00:00,77.05,78.95,75.5,75.95,332640
2020-05-27,00:00:00,74.55,77.65,73.3,76.35,61654
2020-05-28,00:00:00,77.05,78.65,75.8,76.35,71909
2020-05-29,00:00:00,76.35,77.4,75.15,76.2,326439
2020-06-01,00:00:00,76.55,81.8,74.65,78.2,631245
2020-06-02,00:00:00,78.8,85.15,77.15,83.05,494891
2020-06-03,00:00:00,83.1,86.55,83.1,84.1,137100
2020-06-04,00:00:00,83.5,84.75,80.45,82.0,58956
2020-06-05,00:00:00,82.65,85.9,80.25,81.3,210630
2020-06-08,00:00:00,83.95,85.9,82.4,84.55,166739
2020-06-09,00:00:00,85.4,91.3,85.3,88.2,562875
2020-06-10,00:00:00,88.65,97.75,88.45,94.95,558830
2020-06-11,00:00:00,94.95,97.9,89.9,90.5,471793
2020-06-12,00:00:00,86.55,104.15,86.55,100.55,1417948
2020-06-15,00:00:00,100.8,110.2,100.8,105.25,964647
2020-06-16,00:00:00,107.7,109.9,104.25,105.75,321930
2020-06-17,00:00:00,107.35,108.65,102.05,106.65,155923
2020-06-18,00:00:00,107.4,109.8,104.45,106.2,262017
2020-06-19,00:00:00,109.9,112.25,106.3,107.25,534972
2020-06-22,00:00:00,107.8,110.55,107.8,109.15,155613
2020-06-23,00:00:00,109.9,117.4,109.9,116.0,325583
2020-06-24,00:00:00,118.15,137.65,117.5,136.35,1781649
2020-06-25,00:00:00,137.65,142.1,131.75,134.15,950766
2020-06-26,00:00:00,136.35,138.9,132.65,136.55,287990
2020-06-29,00:00:00,138.35,138.9,131.05,132.05,106738
2020-06-30,00:00:00,133.3,138.4,130.15,132.8,187101
2020-07-01,00:00:00,136.45,139.75,129.55,135.6,421315
2020-07-02,00:00:00,135.7,136.8,133.05,134.15,93916
2020-07-03,00:00:00,135.8,137.7,133.4,134.4,117533
2020-07-06,00:00:00,134.4,136.95,133.6,134.15,46999
2020-07-07,00:00:00,135.05,136.35,131.9,132.85,56171
2020-07-08,00:00:00,132.85,134.55,130.75,131.2,36889
2020-07-09,00:00:00,132.05,133.5,130.8,132.2,32920
2020-07-10,00:00:00,130.35,132.65,128.2,131.9,65956
2020-07-13,00:00:00,132.6,133.9,130.85,132.5,22857
2020-07-14,00:00:00,129.5,132.65,129.5,131.15,38489
2020-07-15,00:00:00,130.75,133.1,129.85,130.45,102048
2020-07-16,00:00:00,130.85,133.7,130.15,133.1,81904
2020-07-17,00:00:00,133.6,137.7,131.2,134.55,111789
2020-07-20,00:00:00,137.1,139.6,135.5,138.8,241442
2020-07-21,00:00:00,140.2,147.05,138.55,146.2,247477
2020-07-22,00:00:00,146.85,151.55,143.35,148.45,232257
2020-07-23,00:00:00,149.7,152.8,148.45,150.85,87441
2020-07-24,00:00:00,152.9,165.95,152.6,163.95,854583
2020-07-27,00:00:00,166.75,169.15,161.2,163.2,704263
2020-07-28,00:00:00,162.8,164.25,151.15,152.3,430546
2020-07-29,00:00:00,153.5,157.7,149.45,151.2,253582
2020-07-30,00:00:00,151.15,154.7,151.05,152.05,82434
2020-07-31,00:00:00,154.7,154.7,150.65,152.65,51792
2020-08-03,00:00:00,152.7,154.45,151.85,152.3,65784
2020-08-04,00:00:00,152.9,154.1,144.0,149.95,234138
2020-08-05,00:00:00,149.1,152.45,141.55,144.95,198306
2020-08-06,00:00:00,147.8,147.8,142.85,145.2,273382
2020-08-07,00:00:00,146.55,149.75,133.1,134.9,624924
2020-08-10,00:00:00,134.55,139.0,133.9,136.95,213758
2020-08-11,00:00:00,136.5,141.2,136.5,139.0,146202
2020-08-12,00:00:00,137.7,142.8,137.7,141.8,122606
2020-08-13,00:00:00,142.1,144.2,140.85,141.55,106512
2020-08-14,00:00:00,141.5,143.6,139.0,142.0,161049
2020-08-17,00:00:00,144.3,144.75,142.1,143.6,227776
2020-08-18,00:00:00,143.7,146.45,142.7,144.5,122719
2020-08-19,00:00:00,145.85,147.15,143.5,146.25,366153
2020-08-20,00:00:00,144.05,149.6,142.75,148.1,295473
2020-08-21,00:00:00,148.5,152.7,148.5,151.35,528531
2020-08-24,00:00:00,152.55,153.5,150.4,151.75,343836
2020-08-25,00:00:00,154.75,156.05,150.75,153.9,404127
2020-08-26,00:00:00,153.5,160.45,151.65,157.95,630109
2020-08-27,00:00:00,159.75,161.25,156.7,159.85,507264
2020-08-28,00:00:00,159.6,162.35,157.3,160.15,462980
2020-08-31,00:00:00,162.85,170.55,158.55,162.1,591401
2020-09-01,00:00:00,163.0,173.7,159.2,167.75,679736
2020-09-02,00:00:00,168.65,180.0,168.65,178.05,933536
2020-09-03,00:00:00,180.85,183.2,175.15,178.35,662400
2020-09-04,00:00:00,176.25,182.35,173.25,178.95,468916
2020-09-07,00:00:00,178.95,181.9,174.95,178.65,512221
2020-09-08,00:00:00,179.2,179.95,173.8,176.9,430874
2020-09-09,00:00:00,175.6,186.35,171.85,180.6,634699
2020-09-10,00:00:00,183.1,192.6,183.1,189.6,838097
2020-09-11,00:00:00,190.1,193.9,186.45,191.1,835797
2020-09-14,00:00:00,192.05,198.2,191.35,193.65,580099
2020-09-15,00:00:00,193.6,197.05,192.7,194.95,927870
2020-09-16,00:00:00,194.0,195.85,189.0,193.55,625417
2020-09-17,00:00:00,193.3,195.1,189.6,191.0,463189
2020-09-18,00:00:00,192.0,196.85,190.2,193.15,612834
2020-09-21,00:00:00,195.75,198.95,185.9,189.9,565077
2020-09-22,00:00:00,190.65,192.5,180.45,187.95,587341
2020-09-23,00:00:00,193.85,194.5,183.85,187.75,440508
2020-09-24,00:00:00,188.7,188.8,181.9,183.85,325465
2020-09-25,00:00:00,183.25,188.25,182.25,183.85,367637
2020-09-28,00:00:00,187.7,192.65,186.15,190.35,450933
2020-09-29,00:00:00,191.3,191.3,186.35,187.1,565971
2020-09-30,00:00:00,187.6,188.85,182.65,184.3,460006
2020-10-01,00:00:00,186.35,187.6,181.45,182.95,455305
2020-10-05,00:00:00,184.45,194.45,184.45,192.55,533261
2020-10-06,00:00:00,193.05,195.95,190.2,192.05,486079
2020-10-07,00:00:00,192.65,192.9,188.85,191.7,324933
2020-10-08,00:00:00,195.1,195.1,186.35,187.75,269141
2020-10-09,00:00:00,188.3,189.5,185.15,186.35,366905
2020-10-12,00:00:00,186.35,188.15,178.8,182.05,269382
2020-10-13,00:00:00,185.75,186.4,181.6,182.9,256677
2020-10-14,00:00:00,183.1,184.1,180.15,181.0,270971
2020-10-15,00:00:00,180.65,181.3,177.4,178.65,318022
2020-10-16,00:00:00,178.8,181.55,163.7,172.7,416384
2020-10-19,00:00:00,174.35,179.4,169.35,171.7,277752
2020-10-20,00:00:00,170.75,171.45,165.6,169.8,347395
2020-10-21,00:00:00,170.55,172.45,167.0,167.6,189258
2020-10-22,00:00:00,167.1,169.75,166.15,167.05,187655
2020-10-23,00:00:00,167.4,178.8,167.4,176.85,570546
2020-10-26,00:00:00,171.7,175.95,171.7,174.2,268848
2020-10-27,00:00:00,174.3,176.75,172.75,174.95,197638
2020-10-28,00:00:00,174.35,181.25,171.55,173.1,283184
2020-10-29,00:00:00,170.55,176.9,168.75,176.5,282317
2020-10-30,00:00:00,178.8,181.1,174.4,179.2,177343
2020-11-02,00:00:00,179.25,180.85,175.05,179.35,224899
2020-11-03,00:00:00,180.0,185.1,179.4,181.1,515517
2020-11-04,00:00:00,183.75,186.65,176.75,178.3,654433
2020-11-05,00:00:00,178.85,180.45,177.4,179.7,228769
2020-11-06,00:00:00,177.0,180.55,175.4,176.55,179388
2020-11-09,00:00:00,177.8,179.4,175.75,178.1,167647
2020-11-10,00:00:00,178.15,179.1,175.1,176.75,353520
2020-11-11,00:00:00,176.8,181.2,176.4,179.6,348060
2020-11-12,00:00:00,184.45,184.45,180.05,181.75,260346
2020-11-13,00:00:00,183.2,186.25,181.6,184.5,1034060
2020-11-14,00:00:00,186.3,186.95,184.9,186.2,42601
2020-11-17,00:00:00,185.75,187.55,184.45,186.5,181848
2020-11-18,00:00:00,187.45,190.4,180.45,189.3,283782
2020-11-19,00:00:00,189.5,190.75,184.45,186.2,151186
2020-11-20,00:00:00,186.95,187.25,182.05,183.5,81258
2020-11-23,00:00:00,185.05,187.25,182.55,184.9,110922
2020-11-24,00:00:00,185.05,186.95,183.95,185.35,257858
2020-11-25,00:00:00,186.35,192.3,184.45,188.15,538670
2020-11-26,00:00:00,189.3,195.75,186.55,194.5,424334
2020-11-27,00:00:00,195.45,195.85,190.3,191.4,285156
2020-12-01,00:00:00,193.25,193.25,184.45,186.15,121299
2020-12-02,00:00:00,186.95,192.6,148.95,187.45,700913
2020-12-03,00:00:00,186.3,190.75,185.6,189.6,531859
2020-12-04,00:00:00,190.15,192.6,186.65,189.0,222237
2020-12-07,00:00:00,190.8,191.3,186.7,188.55,381067
2020-12-08,00:00:00,188.85,190.15,182.85,186.5,324893
2020-12-09,00:00:00,186.05,188.8,184.6,186.55,263320
2020-12-10,00:00:00,186.35,187.15,180.05,182.2,185762
2020-12-11,00:00:00,184.2,184.95,177.75,181.85,296040
2020-12-14,00:00:00,184.3,186.0,180.15,181.65,226096
2020-12-15,00:00:00,183.2,183.3,177.65,179.05,193275
2020-12-16,00:00:00,180.0,184.45,178.0,182.25,207297
2020-12-17,00:00:00,186.35,187.6,183.5,185.15,199313
2020-12-18,00:00:00,185.95,185.95,180.15,181.9,176979
2020-12-21,00:00:00,183.2,183.2,173.7,178.2,187628
2020-12-22,00:00:00,179.1,180.65,175.55,178.15,153370
2020-12-23,00:00:00,180.0,180.45,177.05,178.4,161694
2020-12-24,00:00:00,180.65,180.65,175.7,176.85,148503
2020-12-28,00:00:00,177.5,179.4,177.1,177.2,188444
2020-12-29,00:00:00,178.35,178.7,175.6,177.35,171363
2020-12-30,00:00:00,178.45,178.8,176.75,177.65,229106
2020-12-31,00:00:00,177.5,179.1,176.3,178.0,313354
2021-01-01,00:00:00,178.8,178.95,177.8,178.2,211747
2021-01-04,00:00:00,178.8,182.35,176.9,181.3,412576
2021-01-05,00:00:00,180.65,187.85,178.8,185.1,593458
2021-01-06,00:00:00,186.35,188.15,182.65,183.7,281029
2021-01-07,00:00:00,185.1,186.2,182.85,184.65,275589
2021-01-08,00:00:00,186.2,186.35,181.4,184.0,346440
2021-01-11,00:00:00,185.05,185.05,179.4,180.45,164668
2021-01-12,00:00:00,180.45,185.6,179.0,181.95,427922
2021-01-13,00:00:00,181.9,187.6,181.65,185.8,533661
2021-01-14,00:00:00,185.1,186.15,183.55,185.65,367567
2021-01-15,00:00:00,186.2,187.7,183.65,186.45,335173
2021-01-18,00:00:00,186.45,189.15,179.85,184.1,195578
2021-01-19,00:00:00,186.95,186.95,172.8,182.0,559036
2021-01-20,00:00:00,182.95,182.95,179.4,181.1,213764
2021-01-21,00:00:00,181.6,184.85,179.4,180.8,231390
2021-01-22,00:00:00,180.65,181.35,176.9,180.3,175813
2021-01-25,00:00:00,181.5,181.6,174.35,178.8,265265
2021-01-27,00:00:00,177.5,185.75,176.5,184.2,459955
2021-01-28,00:00:00,182.85,186.25,179.85,183.85,394644
2021-01-29,00:00:00,183.85,184.5,181.1,182.45,321871
2021-02-01,00:00:00,181.9,192.3,179.4,188.8,431589
2021-02-02,00:00:00,188.8,191.05,183.95,187.55,332476
2021-02-03,00:00:00,186.35,186.5,164.25,168.4,865188
2021-02-04,00:00:00,168.65,187.85,168.6,182.2,2781216
2021-02-05,00:00:00,180.6,181.75,172.45,174.95,428162
2021-02-08,00:00:00,173.7,179.25,171.55,174.1,465933
2021-02-09,00:00:00,174.35,174.95,169.8,171.95,291044
2021-02-10,00:00:00,172.7,175.6,167.4,170.25,578761
2021-02-11,00:00:00,169.95,171.3,166.75,169.35,308464
2021-02-12,00:00:00,169.35,169.35,164.9,165.5,150131
2021-02-15,00:00:00,165.5,166.15,158.55,160.7,364768
2021-02-16,00:00:00,159.5,159.6,151.3,153.95,403270
2021-02-17,00:00:00,153.45,163.35,152.25,158.7,171317
2021-02-18,00:00:00,159.5,164.75,159.0,160.3,372626
2021-02-19,00:00:00,157.95,159.5,155.4,156.7,146805
2021-02-22,00:00:00,157.8,157.8,142.75,145.35,478386
2021-02-23,00:00:00,145.95,150.3,137.05,139.6,566392
2021-02-24,00:00:00,139.35,139.35,124.5,127.5,707024
2021-02-25,00:00:00,125.1,125.7,102.45,107.8,5045956
2021-02-26,00:00:00,107.25,118.6,105.9,118.45,2586940
2021-03-01,00:00:00,124.45,129.4,118.75,120.25,2055229
2021-03-02,00:00:00,121.9,123.0,118.6,120.35,451566
2021-03-03,00:00:00,120.65,120.65,115.4,116.2,879437
2021-03-04,00:00:00,116.2,119.4,113.85,115.05,1194249
2021-03-05,00:00:00,116.55,117.25,112.45,113.55,327825
2021-03-08,00:00:00,113.75,114.95,108.0,109.3,679800
2021-03-09,00:00:00,110.55,111.35,102.65,104.7,809830
2021-03-10,00:00:00,104.85,110.45,104.85,109.25,638609
2021-03-12,00:00:00,110.3,113.0,106.45,107.1,1468367
2021-03-15,00:00:00,111.2,111.2,106.4,107.4,1602979
2021-03-16,00:00:00,108.0,112.2,105.5,106.15,2496763
2021-03-17,00:00:00,106.35,111.2,105.35,105.85,1251379
2021-03-18,00:00:00,107.4,107.4,103.6,105.0,519282
2021-03-19,00:00:00,104.25,104.6,100.1,103.35,432105
2021-03-22,00:00:00,101.7,105.35,100.45,101.25,845095
2021-03-23,00:00:00,101.7,105.5,100.85,104.25,1826632
2021-03-24,00:00:00,104.85,108.65,96.65,97.7,3339136
2021-03-25,00:00:00,98.15,98.9,95.05,96.55,648814
2021-03-26,00:00:00,97.9,101.3,87.5,88.25,5151550
2021-03-30,00:00:00,89.1,92.7,87.25,87.75,2480512
2021-03-31,00:00:00,89.7,94.15,88.45,91.05,1735303
2021-04-01,00:00:00,92.05,100.1,92.05,100.1,1976864
2021-04-05,00:00:00,101.1,106.4,98.65,105.25,2104014
2021-04-06,00:00:00,106.15,110.55,106.0,108.85,1474899
2021-04-07,00:00:00,109.25,109.25,105.15,105.8,666342
2021-04-08,00:00:00,106.9,109.6,105.5,105.85,646124
2021-04-09,00:00:00,106.15,111.95,106.15,109.4,1038836
2021-04-12,00:00:00,104.4,107.3,98.6,100.6,748862
2021-04-13,00:00:00,101.65,106.05,98.85,103.05,517407
2021-04-15,00:00:00,102.0,102.8,99.2,100.7,213045
2021-04-16,00:00:00,101.15,101.85,99.45,100.85,160617
2021-04-19,00:00:00,98.0,99.05,96.05,96.6,345812
2021-04-20,00:00:00,97.35,98.85,96.1,96.75,171897
2021-04-22,00:00:00,96.0,98.55,96.0,97.8,236204
2021-04-23,00:00:00,97.9,102.6,97.15,100.25,661251
2021-04-26,00:00:00,101.3,101.9,99.8,100.75,238171
2021-04-27,00:00:00,101.0,102.55,100.85,102.1,218784
2021-04-28,00:00:00,103.2,103.8,100.5,101.25,213291
2021-04-29,00:00:00,102.95,102.95,98.75,100.1,217148
2021-04-30,00:00:00,98.75,100.0,98.0,98.4,185673
2021-05-03,00:00:00,98.0,99.8,97.45,97.8,156362
2021-05-04,00:00:00,97.9,99.8,95.45,96.7,226754
2021-05-05,00:00:00,97.85,98.45,95.7,96.7,128696
2021-05-06,00:00:00,97.2,99.65,96.35,98.25,202981
2021-05-07,00:00:00,98.85,99.45,97.6,98.25,241769
2021-05-10,00:00:00,99.75,100.2,98.15,99.35,238881
2021-05-11,00:00:00,98.85,103.3,98.85,102.3,510064
2021-05-12,00:00:00,102.75,105.55,102.5,103.95,502243
2021-05-14,00:00:00,104.4,108.65,101.15,102.25,743107
2021-05-17,00:00:00,103.95,104.8,90.65,103.6,296934
2021-05-18,00:00:00,104.45,107.9,103.95,106.75,571692
2021-05-19,00:00:00,106.75,113.1,104.3,109.4,1201135
2021-05-20,00:00:00,110.35,113.7,109.25,111.35,878608
2021-05-21,00:00:00,112.45,121.25,112.45,118.45,1921128
2021-05-24,00:00:00,119.85,125.0,119.85,123.8,1245314
2021-05-25,00:00:00,125.1,126.25,120.7,122.7,1044901
2021-05-26,00:00:00,123.45,124.95,121.55,122.05,531768
2021-05-27,00:00:00,122.15,124.45,121.35,123.9,533963
2021-05-28,00:00:00,124.5,129.4,122.7,127.05,1937034
2021-05-31,00:00:00,129.5,131.05,121.9,123.75,1460061
2021-06-01,00:00:00,125.1,129.4,117.3,118.3,2535096
2021-06-02,00:00:00,118.7,127.35,118.3,125.75,1502582
2021-06-03,00:00:00,126.3,131.35,117.55,118.65,5893802
2021-06-04,00:00:00,119.25,122.5,113.7,116.1,4744975
2021-06-07,00:00:00,117.05,118.75,112.65,114.15,1972480
2021-06-08,00:00:00,116.55,116.55,111.5,112.35,1768735
2021-06-09,00:00:00,112.75,118.45,112.1,116.85,3704300
2021-06-10,00:00:00,119.4,122.15,117.95,120.75,2505318
2021-06-11,00:00:00,121.6,123.0,118.15,119.6,1546550
2021-06-14,00:00:00,120.55,122.25,116.95,120.05,1766339
2021-06-15,00:00:00,120.65,121.9,117.7,119.5,1238150
2021-06-16,00:00:00,119.9,121.25,116.95,120.75,1845991
2021-06-17,00:00:00,119.4,121.25,115.8,116.55,2068710
2021-06-18,00:00:00,117.4,118.7,111.2,113.35,1975094
2021-06-21,00:00:00,111.9,114.95,109.6,110.25,2078623
2021-06-22,00:00:00,111.25,113.6,110.9,112.5,885007
2021-06-23,00:00:00,112.75,114.3,110.55,110.7,735711
2021-06-24,00:00:00,111.55,112.1,109.15,109.5,504425
2021-06-25,00:00:00,110.6,117.8,110.6,113.4,1324126
2021-06-28,00:00:00,114.3,119.95,113.85,116.5,1764052
2021-06-29,00:00:00,117.55,118.85,116.65,117.4,563861
2021-06-30,00:00:00,118.1,119.35,116.2,117.25,649968
2021-07-01,00:00:00,117.8,118.75,115.6,116.35,401616
2021-07-02,00:00:00,117.3,118.15,115.95,116.5,788204
2021-07-05,00:00:00,117.15,118.45,116.95,117.3,1349431
2021-07-06,00:00:00,117.5,118.2,114.65,115.5,999804
2021-07-07,00:00:00,116.2,117.95,113.4,114.5,1322582
2021-07-08,00:00:00,114.9,116.15,113.15,113.65,782992
2021-07-09,00:00:00,113.55,114.05,111.1,111.5,917768
2021-07-12,00:00:00,112.4,114.2,111.05,112.25,891156
2021-07-13,00:00:00,113.7,116.5,113.1,115.95,1052692
2021-07-14,00:00:00,116.2,121.25,116.2,118.45,2669222
2021-07-15,00:00:00,118.75,119.45,115.6,115.8,894346
2021-07-16,00:00:00,116.6,116.85,114.95,115.35,543791
2021-07-19,00:00:00,114.55,115.95,113.7,114.35,702054
2021-07-20,00:00:00,114.0,115.1,111.25,112.45,504850
2021-07-22,00:00:00,113.1,114.7,112.3,113.9,541211
2021-07-23,00:00:00,114.95,115.3,112.65,113.1,349393
2021-07-26,00:00:00,112.95,113.1,110.9,111.5,403504
2021-07-27,00:00:00,111.8,113.4,111.3,112.1,326398
2021-07-28,00:00:00,112.4,112.9,109.55,111.2,316906
2021-07-29,00:00:00,112.35,112.75,111.25,111.65,244898
2021-07-30,00:00:00,110.95,112.85,110.95,111.5,267756
2021-08-02,00:00:00,112.7,117.8,112.1,117.25,2457770
2021-08-03,00:00:00,118.3,119.95,116.2,117.1,1527713
2021-08-04,00:00:00,118.15,119.0,113.2,114.35,761399
2021-08-05,00:00:00,115.4,115.4,111.55,113.25,396600
2021-08-06,00:00:00,113.95,116.8,113.45,115.05,761327
2021-08-09,00:00:00,113.7,114.8,110.9,111.2,569123
2021-08-10,00:00:00,111.75,112.1,106.15,107.0,600798
2021-08-11,00:00:00,106.75,108.1,102.75,104.95,484238
2021-08-12,00:00:00,107.4,109.6,106.75,108.45,316596
2021-08-13,00:00:00,110.45,111.1,107.0,107.4,366083
2021-08-16,00:00:00,108.25,108.25,104.95,105.25,293210
2021-08-17,00:00:00,105.25,106.8,103.45,104.45,238012
2021-08-18,00:00:00,106.3,106.3,102.15,102.9,317495
2021-08-20,00:00:00,102.3,102.9,99.8,100.25,269979
2021-08-23,00:00:00,100.5,102.15,95.35,96.45,1134082
2021-08-24,00:00:00,97.3,107.7,95.8,106.05,2235816
2021-08-25,00:00:00,106.75,108.65,103.7,104.4,1554767
2021-08-26,00:00:00,104.55,105.65,101.1,101.8,676552
2021-08-27,00:00:00,102.4,102.4,100.1,100.7,272071
2021-08-30,00:00:00,102.3,102.85,100.85,101.6,739493
2021-08-31,00:00:00,102.3,102.95,101.6,102.45,547228
2021-09-01,00:00:00,103.6,103.6,102.45,103.2,322726
2021-09-02,00:00:00,104.25,104.7,103.1,103.45,183375
2021-09-03,00:00:00,104.8,106.7,103.8,104.65,530783
2021-09-06,00:00:00,106.6,109.25,100.85,101.45,4491103
2021-09-07,00:00:00,101.7,105.1,98.9,103.75,1333998
2021-09-08,00:00:00,106.9,116.95,105.55,116.1,2453032
2021-09-09,00:00:00,115.8,124.05,114.75,120.4,1655774
2021-09-13,00:00:00,122.6,124.05,119.25,120.2,1240177
2021-09-14,00:00:00,121.0,121.7,117.5,119.1,863666
2021-09-15,00:00:00,118.1,118.3,115.95,116.35,692373
2021-09-16,00:00:00,115.2,116.8,114.9,115.35,407714
2021-09-17,00:00:00,118.0,118.0,112.85,114.25,733911
2021-09-20,00:00:00,114.0,117.3,111.4,112.1,517467
2021-09-21,00:00:00,113.6,120.5,108.85,117.8,2363636
2021-09-22,00:00:00,117.8,123.25,116.35,118.35,1580038
2021-09-23,00:00:00,118.85,123.35,114.95,116.45,2561321
2021-09-24,00:00:00,117.0,122.85,113.6,114.4,969921
2021-09-27,00:00:00,114.4,117.05,110.55,113.45,1541657
2021-09-28,00:00:00,112.9,117.2,112.1,112.8,1083860
2021-09-29,00:00:00,113.05,117.35,113.05,115.05,1792011
2021-09-30,00:00:00,115.5,119.6,113.65,114.9,1234155
2021-10-01,00:00:00,114.9,120.35,114.15,118.85,1616419
2021-10-04,00:00:00,120.05,127.05,117.7,125.75,3628873
2021-10-05,00:00:00,125.75,130.05,124.05,128.35,1544963
2021-10-06,00:00:00,128.2,131.75,122.4,126.25,1065133
2021-10-07,00:00:00,126.3,130.8,114.95,123.15,941386
2021-10-08,00:00:00,124.0,124.45,121.55,123.1,355891
2021-10-11,00:00:00,124.05,124.8,121.1,121.5,235136
2021-10-12,00:00:00,122.5,122.5,117.3,118.35,462801
2021-10-13,00:00:00,118.85,119.4,114.85,116.65,740808
2021-10-14,00:00:00,117.3,119.4,111.1,112.1,1455664
2021-10-18,00:00:00,111.35,113.7,110.2,112.5,724902
2021-10-19,00:00:00,112.5,113.6,111.5,112.2,372050
2021-10-20,00:00:00,111.0,111.75,108.8,110.15,496894
2021-10-21,00:00:00,96.45,106.15,96.2,102.0,2308916
2021-10-22,00:00:00,104.45,105.3,100.7,102.0,691214
2021-10-25,00:00:00,102.9,103.2,99.25,99.95,520220
2021-10-26,00:00:00,100.7,102.3,100.2,101.85,420838
2021-10-27,00:00:00,102.4,105.15,101.85,102.55,581933
2021-10-28,00:00:00,103.85,103.85,99.95,100.55,563418
2021-10-29,00:00:00,101.65,102.25,99.05,99.65,378585
2021-11-01,00:00:00,100.9,102.0,100.7,101.25,232657
2021-11-02,00:00:00,101.7,101.9,99.3,100.25,216393
2021-11-03,00:00:00,101.3,102.0,99.45,100.6,253406
2021-11-04,00:00:00,101.6,101.6,100.4,101.05,101424
2021-11-08,00:00:00,102.6,103.75,101.1,101.85,349415
2021-11-09,00:00:00,102.15,104.95,101.65,103.75,634308
2021-11-10,00:00:00,103.8,108.25,103.15,107.0,867296
2021-11-11,00:00:00,107.8,109.5,106.95,107.35,515238
2021-11-12,00:00:00,108.25,108.25,102.45,105.15,396241
2021-11-15,00:00:00,109.5,109.5,102.4,103.35,747048
2021-11-16,00:00:00,105.1,105.1,102.05,102.9,361466
2021-11-17,00:00:00,103.5,103.5,101.45,101.75,318109
2021-11-18,00:00:00,102.6,102.9,100.45,101.15,460849
2021-11-22,00:00:00,101.65,102.15,95.2,95.8,764614
2021-11-23,00:00:00,96.7,98.45,93.1,97.6,452512
2021-11-24,00:00:00,99.35,100.45,97.25,97.6,396607
2021-11-25,00:00:00,98.3,99.15,96.85,98.5,184551
2021-11-26,00:00:00,97.25,98.0,94.9,95.65,231854
2021-11-29,00:00:00,93.65,95.4,91.55,92.95,374220
2021-11-30,00:00:00,94.2,96.75,92.5,93.9,224964
2021-12-01,00:00:00,93.9,95.95,93.75,94.55,140712
2021-12-02,00:00:00,94.25,96.7,94.25,96.25,161492
2021-12-03,00:00:00,96.85,98.45,94.2,96.7,134747
2021-12-06,00:00:00,100.85,100.85,96.2,97.8,276056
2021-12-07,00:00:00,98.6,99.4,98.0,98.55,116549
2021-12-08,00:00:00,98.7,99.7,98.65,98.75,152544
2021-12-09,00:00:00,98.7,100.25,98.35,99.25,145082
2021-12-10,00:00:00,99.2,103.5,99.15,102.55,478569
2021-12-13,00:00:00,104.1,104.1,101.35,101.85,227842
2021-12-14,00:00:00,101.7,102.15,100.25,100.7,144901
2021-12-15,00:00:00,101.3,101.75,99.65,99.95,162634
2021-12-16,00:00:00,100.25,101.5,99.4,100.1,138580
2021-12-17,00:00:00,102.2,103.15,98.9,99.85,488716
2021-12-20,00:00:00,99.85,100.85,96.4,97.8,640798
2021-12-21,00:00:00,99.4,106.45,98.15,104.8,1896998
2021-12-22,00:00:00,105.55,108.95,104.7,108.35,1564768
2021-12-23,00:00:00,109.35,111.5,106.95,110.65,1534234
2021-12-24,00:00:00,110.25,112.85,107.95,111.5,1480256
2021-12-27,00:00:00,112.85,114.35,109.85,113.55,1192148
2021-12-28,00:00:00,112.25,113.85,109.85,110.6,471462
2021-12-29,00:00:00,110.35,110.35,106.3,107.45,431238
2021-12-30,00:00:00,107.65,109.05,104.9,105.2,551431
2021-12-31,00:00:00,105.0,106.8,104.25,104.6,262506
2022-01-03,00:00:00,104.6,107.6,104.55,105.7,361806
2022-01-04,00:00:00,106.45,106.8,104.3,104.65,413402
2022-01-05,00:00:00,104.65,106.7,103.15,103.95,619856
2022-01-06,00:00:00,103.2,103.75,102.25,102.7,354378
2022-01-07,00:00:00,103.0,103.9,94.75,95.65,4919372
2022-01-10,00:00:00,97.8,99.3,96.05,97.6,1196387
2022-01-11,00:00:00,98.3,98.45,97.15,97.5,489407
2022-01-12,00:00:00,98.15,98.15,97.15,97.4,276092
2022-01-13,00:00:00,97.55,98.65,89.8,91.65,8520030
2022-01-14,00:00:00,92.6,97.15,92.25,96.8,2475283
2022-01-17,00:00:00,97.15,98.5,88.85,90.65,6303293
2022-01-18,00:00:00,92.95,94.75,92.1,93.9,2098290
2022-01-19,00:00:00,94.55,94.8,92.7,93.5,1002500
2022-01-20,00:00:00,93.6,94.05,92.7,93.0,411202
2022-01-21,00:00:00,93.3,93.3,91.8,92.0,414630
2022-01-24,00:00:00,91.5,92.1,88.55,89.35,553792
2022-01-25,00:00:00,88.65,90.9,87.15,90.3,375360
2022-01-27,00:00:00,90.05,90.35,88.7,89.6,310137
2022-01-28,00:00:00,91.85,92.4,89.8,90.4,433083
2022-01-31,00:00:00,90.85,92.45,90.7,91.85,350962
2022-02-01,00:00:00,92.85,94.5,91.35,92.3,336561
2022-02-02,00:00:00,92.9,93.8,92.15,93.1,251047
2022-02-03,00:00:00,93.1,94.25,93.1,93.55,351155
2022-02-04,00:00:00,94.05,94.2,91.05,91.3,498792
2022-02-07,00:00:00,91.2,91.4,89.7,90.3,566788
2022-02-08,00:00:00,91.45,91.45,89.0,89.35,330120
2022-02-09,00:00:00,90.45,90.45,88.75,89.0,220037
2022-02-10,00:00:00,89.3,89.7,88.05,89.3,219674
2022-02-11,00:00:00,88.95,89.6,81.5,85.6,815634
2022-02-14,00:00:00,83.55,84.0,79.6,80.1,635501
2022-02-15,00:00:00,81.0,85.2,79.95,84.45,505025
2022-02-16,00:00:00,85.15,87.65,84.45,85.6,341032
2022-02-17,00:00:00,85.6,86.6,84.35,85.0,163635
2022-02-18,00:00:00,85.1,85.2,82.55,82.95,145067
2022-02-21,00:00:00,82.95,83.25,78.5,80.15,278536
2022-02-22,00:00:00,79.25,79.3,77.0,77.75,369670
2022-02-23,00:00:00,77.75,81.45,77.75,79.75,236600
2022-02-24,00:00:00,78.1,78.35,71.75,72.65,697012
2022-02-25,00:00:00,74.65,79.8,74.2,75.2,594869
2022-02-28,00:00:00,74.05,77.5,73.9,77.2,235174
2022-03-02,00:00:00,76.65,77.35,75.6,76.5,202007
2022-03-03,00:00:00,76.85,78.35,75.85,76.2,225743
2022-03-04,00:00:00,74.95,76.4,74.8,75.85,440555
2022-03-07,00:00:00,74.65,75.5,72.6,74.95,429011
2022-03-08,00:00:00,74.15,76.6,74.05,75.25,483074
2022-03-09,00:00:00,75.25,77.3,74.35,76.1,467929
2022-03-10,00:00:00,79.1,79.1,75.85,76.7,421016
2022-03-11,00:00:00,76.3,78.4,76.25,77.5,291440
2022-03-14,00:00:00,78.35,78.35,75.1,76.15,377747
2022-03-15,00:00:00,76.05,78.1,75.55,76.6,291839
2022-03-16,00:00:00,77.0,77.9,76.25,77.1,263444
2022-03-17,00:00:00,78.4,83.35,78.15,80.7,813835
2022-03-21,00:00:00,81.4,84.7,80.8,83.5,904930
2022-03-22,00:00:00,84.65,84.65,80.55,81.1,499120
2022-03-23,00:00:00,81.6,82.5,78.8,79.15,421199
2022-03-24,00:00:00,79.15,80.25,77.9,78.2,344430
2022-03-25,00:00:00,78.8,79.6,76.55,76.85,416316
2022-03-28,00:00:00,76.85,77.6,74.6,74.85,613225
2022-03-29,00:00:00,75.65,77.0,73.6,74.05,699524
2022-03-30,00:00:00,74.55,75.7,74.0,74.25,570112
2022-03-31,00:00:00,74.75,76.25,74.0,74.1,747258
2022-04-01,00:00:00,74.6,77.0,74.5,76.1,644077
2022-04-04,00:00:00,78.35,81.7,77.1,80.45,998799
2022-04-05,00:00:00,81.35,82.1,80.55,81.25,321177
2022-04-06,00:00:00,81.0,89.6,80.25,88.25,1853395
2022-04-07,00:00:00,89.85,90.65,83.95,86.55,2374510
2022-04-08,00:00:00,87.0,88.7,85.65,86.65,1808291
2022-04-11,00:00:00,90.0,104.8,87.85,97.5,3855715
2022-04-12,00:00:00,97.5,101.55,96.5,97.5,945390
2022-04-13,00:00:00,97.5,98.5,93.5,94.35,812508
2022-04-18,00:00:00,94.45,94.45,91.1,91.5,539581
2022-04-19,00:00:00,92.1,92.45,81.9,82.85,1867277
2022-04-20,00:00:00,85.0,85.5,78.6,80.3,994790
2022-04-21,00:00:00,80.35,85.0,80.35,83.05,712924
2022-04-22,00:00:00,84.7,84.95,82.25,82.7,485671
2022-04-25,00:00:00,82.5,84.75,78.1,78.5,1264338
2022-04-26,00:00:00,79.85,83.4,74.95,75.7,1576488
2022-04-27,00:00:00,75.3,75.9,63.9,70.7,3855348
2022-04-28,00:00:00,71.9,74.4,71.5,73.55,1030386
2022-04-29,00:00:00,75.45,75.45,71.5,72.1,468665
2022-05-02,00:00:00,71.8,71.85,69.45,70.45,470146
2022-05-04,00:00:00,71.9,71.9,65.95,67.5,1043187
2022-05-05,00:00:00,70.0,71.1,67.65,69.2,1006123
2022-05-06,00:00:00,67.75,78.95,66.5,77.05,1680029
2022-05-09,00:00:00,76.8,80.75,70.55,76.6,4612426
2022-05-10,00:00:00,74.8,86.45,73.6,81.15,8289275
2022-05-11,00:00:00,81.0,81.95,75.0,77.4,1366480
2022-05-12,00:00:00,76.1,78.55,74.1,74.45,529897
2022-05-13,00:00:00,74.45,78.75,69.85,70.35,1210472
2022-05-16,00:00:00,72.0,72.0,69.1,69.8,1030410
2022-05-17,00:00:00,70.4,71.4,67.8,68.3,1248795
2022-05-18,00:00:00,67.5,68.1,65.05,65.4,2409863
2022-05-19,00:00:00,61.0,62.7,59.9,60.7,2857444
2022-05-20,00:00:00,61.9,62.8,60.95,61.15,1936058
2022-05-23,00:00:00,61.0,61.85,59.1,59.45,1783545
2022-05-24,00:00:00,59.5,60.4,49.15,53.3,7915680
2022-05-25,00:00:00,52.8,56.25,50.7,51.35,4741070
2022-05-26,00:00:00,50.0,50.65,47.6,49.05,3371305
2022-05-27,00:00:00,49.1,54.5,49.1,53.55,3025095
2022-05-30,00:00:00,54.0,54.45,51.4,51.55,1728238
2022-05-31,00:00:00,49.6,51.0,48.25,49.5,1377572
2022-06-01,00:00:00,50.1,50.85,48.5,49.05,1107229
2022-06-02,00:00:00,49.4,49.75,48.55,48.95,829631
2022-06-03,00:00:00,50.4,51.35,49.65,50.35,1143466
2022-06-06,00:00:00,49.85,51.45,49.85,51.05,1258679
2022-06-07,00:00:00,50.6,51.85,50.45,50.95,544935
2022-06-08,00:00:00,51.05,51.5,47.8,48.35,1148143
2022-06-09,00:00:00,47.75,49.2,47.6,48.05,847876
2022-06-10,00:00:00,48.0,49.05,47.2,47.5,954869
2022-06-13,00:00:00,46.9,47.1,42.75,44.6,2828644
2022-06-14,00:00:00,44.75,46.2,42.4,43.5,1670494
2022-06-15,00:00:00,43.65,45.0,43.25,43.7,730445
2022-06-16,00:00:00,44.05,44.7,41.05,42.2,2075871
2022-06-17,00:00:00,42.0,42.2,40.5,41.6,483284
2022-06-20,00:00:00,40.55,41.65,39.5,39.95,567916
2022-06-21,00:00:00,40.0,43.9,39.95,43.25,615201
2022-06-22,00:00:00,43.4,45.9,42.2,44.95,795790
2022-06-23,00:00:00,45.8,47.2,44.5,46.5,874729
2022-06-24,00:00:00,47.0,47.25,44.95,46.1,592972
2022-06-27,00:00:00,47.55,47.55,41.5,42.25,3177404
2022-06-28,00:00:00,42.75,43.45,41.7,42.9,507482
2022-06-29,00:00:00,42.8,44.0,39.65,40.4,3121505
2022-06-30,00:00:00,40.95,41.25,39.95,40.25,2199020
2022-07-01,00:00:00,40.25,41.7,40.0,40.75,1874092
2022-07-04,00:00:00,41.6,42.5,39.75,40.2,2279368
2022-07-05,00:00:00,40.95,41.25,39.9,40.1,1673236
2022-07-06,00:00:00,40.1,41.7,38.8,40.1,1452980
2022-07-07,00:00:00,40.4,41.75,40.4,41.65,717479
2022-07-08,00:00:00,41.35,42.5,41.15,42.2,539635
2022-07-11,00:00:00,42.0,43.2,41.9,43.0,291230
2022-07-12,00:00:00,43.0,43.8,42.65,43.65,299299
2022-07-13,00:00:00,44.0,45.5,39.75,40.5,5147880
2022-07-14,00:00:00,41.4,41.5,40.8,41.15,452003
2022-07-15,00:00:00,41.6,41.6,40.75,41.2,226613
2022-07-18,00:00:00,41.85,43.0,41.3,42.65,630261
2022-07-19,00:00:00,42.9,44.45,42.65,44.1,831744
2022-07-20,00:00:00,45.0,45.9,44.7,45.65,686778
2022-07-21,00:00:00,45.95,47.75,45.7,47.35,1402764
2022-07-22,00:00:00,47.85,48.0,46.0,46.45,533530
2022-07-25,00:00:00,47.0,47.55,45.5,46.35,367791
2022-07-26,00:00:00,46.9,47.0,46.0,46.05,246652
2022-07-27,00:00:00,46.05,46.55,45.0,45.85,265802
2022-07-28,00:00:00,46.3,47.0,46.0,46.55,198103
2022-07-29,00:00:00,46.95,46.95,46.2,46.3,292677
2022-08-01,00:00:00,46.3,49.4,46.1,49.0,908360
2022-08-02,00:00:00,48.95,53.0,48.5,52.1,1577372
2022-08-03,00:00:00,52.4,52.5,50.0,50.5,617058
2022-08-04,00:00:00,50.8,53.0,50.0,51.55,614408
2022-08-05,00:00:00,51.95,52.4,51.35,51.9,834253
2022-08-08,00:00:00,52.4,52.4,50.1,51.95,776155
2022-08-10,00:00:00,52.0,54.0,51.95,53.65,1075251
2022-08-11,00:00:00,54.4,54.4,52.5,53.65,355327
2022-08-12,00:00:00,53.95,56.5,51.0,52.7,1576194
2022-08-16,00:00:00,50.0,51.65,47.55,51.05,2080647
2022-08-17,00:00:00,51.9,54.0,51.45,53.9,1053298
2022-08-18,00:00:00,55.2,56.6,54.2,56.05,1148670
2022-08-19,00:00:00,56.45,57.0,55.0,55.2,509531
2022-08-22,00:00:00,54.8,59.5,54.7,59.0,1627912
2022-08-23,00:00:00,59.0,59.8,58.0,58.9,651890
2022-08-24,00:00:00,59.3,60.0,59.0,59.65,503544
2022-08-25,00:00:00,59.75,61.7,59.75,60.7,956078
2022-08-26,00:00:00,61.0,61.95,58.35,60.0,789369
2022-08-29,00:00:00,57.35,59.5,57.2,59.2,453592
2022-08-30,00:00:00,59.55,63.0,59.4,61.95,1081389
2022-09-01,00:00:00,62.0,66.05,62.0,65.65,2320604
2022-09-02,00:00:00,66.3,68.0,65.0,66.75,1615522
2022-09-05,00:00:00,66.15,68.65,66.15,68.35,1278213
2022-09-06,00:00:00,68.9,70.0,68.0,68.65,1666018
2022-09-07,00:00:00,68.55,69.25,66.15,66.55,905569
2022-09-08,00:00:00,67.0,68.3,65.45,65.9,821423
2022-09-09,00:00:00,66.5,66.8,62.6,63.3,766325
2022-09-12,00:00:00,63.0,66.1,63.0,65.45,497325
2022-09-13,00:00:00,66.25,66.75,65.1,65.85,361756
2022-09-14,00:00:00,64.9,65.7,62.0,64.7,700309
2022-09-15,00:00:00,65.2,66.0,64.25,65.0,306864
2022-09-16,00:00:00,64.9,65.0,61.7,62.15,852152
2022-09-19,00:00:00,62.85,64.9,61.3,61.65,370034
2022-09-20,00:00:00,62.4,62.85,61.65,61.8,290516
2022-09-21,00:00:00,61.9,62.55,59.5,60.35,340079
2022-09-22,00:00:00,60.95,61.6,59.05,60.45,328260
2022-09-23,00:00:00,59.0,60.5,58.15,58.45,639687
2022-09-26,00:00:00,58.0,58.0,52.65,54.1,880344
2022-09-27,00:00:00,54.85,56.95,54.3,55.25,889604
2022-09-28,00:00:00,54.4,56.3,53.9,55.25,200761
2022-09-29,00:00:00,56.4,57.7,53.35,54.2,469759
2022-09-30,00:00:00,54.0,56.7,53.5,55.8,218466
2022-10-03,00:00:00,56.9,57.0,55.0,55.45,167894
2022-10-04,00:00:00,56.55,57.35,55.9,56.3,221537
2022-10-06,00:00:00,56.95,59.0,56.2,58.25,342724
2022-10-07,00:00:00,58.45,58.5,57.25,57.55,173816
2022-10-10,00:00:00,56.0,61.4,56.0,57.55,1832001
2022-10-11,00:00:00,57.8,61.25,57.5,57.85,1276433
2022-10-12,00:00:00,58.8,59.4,55.45,57.45,509277
2022-10-13,00:00:00,57.0,58.3,56.3,57.1,205916
2022-10-14,00:00:00,58.0,58.45,55.55,56.0,329795
2022-10-17,00:00:00,56.2,56.45,54.85,55.2,262175
2022-10-18,00:00:00,55.75,56.55,55.35,55.55,165392
2022-10-19,00:00:00,55.9,56.7,55.0,55.3,214893
2022-10-20,00:00:00,55.45,56.6,54.8,55.45,121814
2022-10-21,00:00:00,55.65,56.1,54.95,55.25,123108
2022-10-24,00:00:00,55.85,55.9,55.3,55.55,77242
2022-10-25,00:00:00,55.6,56.0,54.5,55.5,208640
2022-10-27,00:00:00,55.6,56.25,55.1,55.35,342990
2022-10-28,00:00:00,55.3,55.95,55.05,55.25,131690
2022-10-31,00:00:00,55.65,56.25,55.1,56.0,227022
2022-11-01,00:00:00,56.15,56.5,55.8,56.15,152218
2022-11-02,00:00:00,56.1,57.15,56.0,56.8,184150
2022-11-03,00:00:00,56.55,57.85,56.25,56.65,279252
2022-11-04,00:00:00,57.05,57.3,56.0,56.8,308421
2022-11-07,00:00:00,56.8,57.8,56.55,57.1,231800
2022-11-09,00:00:00,57.25,58.0,57.25,57.7,621839
2022-11-10,00:00:00,57.95,58.45,54.15,55.3,428436
2022-11-11,00:00:00,55.3,55.3,52.05,53.05,1605023
2022-11-14,00:00:00,53.5,53.5,52.2,52.75,176793
2022-11-15,00:00:00,52.75,52.75,51.8,51.95,250967
2022-11-16,00:00:00,52.1,52.5,51.25,51.45,294139
2022-11-17,00:00:00,50.5,52.1,50.5,50.8,252356
2022-11-18,00:00:00,50.8,51.9,50.5,50.75,157342
2022-11-21,00:00:00,50.25,51.9,50.0,50.65,275480
2022-11-22,00:00:00,51.45,51.45,49.9,50.1,381604
2022-11-23,00:00:00,50.45,52.1,50.1,51.05,342213
2022-11-24,00:00:00,51.1,51.9,50.55,50.85,197061
2022-11-25,00:00:00,51.0,51.95,50.3,51.75,338809
2022-11-28,00:00:00,51.25,52.75,51.25,51.6,339048
2022-11-29,00:00:00,51.75,52.45,51.35,51.6,217961
2022-11-30,00:00:00,51.85,53.0,51.35,51.6,488443
2022-12-01,00:00:00,51.9,52.4,51.35,51.9,310695
2022-12-02,00:00:00,51.9,52.85,51.6,52.35,278642
2022-12-05,00:00:00,52.85,53.4,52.55,53.15,364474
2022-12-06,00:00:00,53.4,54.0,52.8,53.2,348310
2022-12-07,00:00:00,53.45,54.75,53.05,53.6,358243
2022-12-08,00:00:00,53.8,54.0,51.35,52.55,495000
2022-12-09,00:00:00,52.95,53.6,52.0,52.4,234330
2022-12-12,00:00:00,52.35,52.55,51.45,51.85,321529
2022-12-13,00:00:00,52.25,52.7,51.05,51.4,281872
2022-12-14,00:00:00,51.6,52.1,51.1,51.45,1034017
2022-12-15,00:00:00,51.5,52.5,51.1,51.2,1031457
2022-12-16,00:00:00,51.4,51.6,50.6,51.0,560166
2022-12-19,00:00:00,51.3,51.3,49.9,50.85,360568
2022-12-20,00:00:00,51.0,52.6,50.7,51.85,359254
2022-12-21,00:00:00,52.0,52.2,49.7,50.05,497701
2022-12-22,00:00:00,49.8,50.35,47.2,47.65,658460
2022-12-23,00:00:00,46.8,47.25,45.05,45.2,471945
2022-12-26,00:00:00,45.25,47.85,45.25,47.5,304861
2022-12-27,00:00:00,47.6,49.2,47.5,49.0,361205
2022-12-28,00:00:00,49.5,50.25,49.1,49.7,365106
2022-12-29,00:00:00,50.0,50.4,49.1,49.95,322511
2022-12-30,00:00:00,50.0,51.45,50.0,50.7,366562
2023-01-02,00:00:00,51.0,51.75,50.55,51.55,235164
2023-01-03,00:00:00,51.7,52.0,51.05,51.3,181978
2023-01-04,00:00:00,51.8,51.8,49.9,50.15,268012
2023-01-05,00:00:00,50.45,51.5,50.2,51.05,351034
2023-01-06,00:00:00,51.45,53.0,47.6,48.75,1147393
2023-01-09,00:00:00,49.8,49.95,48.5,48.95,380719
2023-01-10,00:00:00,48.95,49.35,47.5,48.1,346690
2023-01-11,00:00:00,49.0,49.2,48.2,48.55,254369
2023-01-12,00:00:00,48.55,49.15,47.75,48.25,350308
2023-01-13,00:00:00,48.6,48.85,47.8,48.35,242845
2023-01-16,00:00:00,48.0,49.1,47.9,48.0,158676
2023-01-17,00:00:00,48.7,48.7,47.75,48.05,142485
2023-01-18,00:00:00,48.0,48.65,47.85,48.1,193927
2023-01-19,00:00:00,48.1,48.3,47.6,47.8,110758
2023-01-20,00:00:00,47.85,48.2,47.4,47.8,143165
2023-01-23,00:00:00,48.3,48.5,44.2,45.7,1746044
2023-01-24,00:00:00,46.35,46.75,46.0,46.6,280741
2023-01-25,00:00:00,46.6,46.7,45.3,45.65,200670
2023-01-27,00:00:00,46.7,46.7,44.05,44.35,365904
2023-01-30,00:00:00,44.95,46.2,44.25,45.15,316913
2023-01-31,00:00:00,45.45,45.8,45.0,45.6,278996
2023-02-01,00:00:00,46.05,47.6,45.0,45.2,407967
2023-02-02,00:00:00,45.75,45.75,43.1,44.15,1073220
2023-02-03,00:00:00,43.05,43.6,40.2,40.8,2396351
2023-02-06,00:00:00,41.0,41.0,40.0,40.5,534628
2023-02-07,00:00:00,41.7,41.7,40.3,40.65,386973
2023-02-08,00:00:00,40.85,41.35,40.5,41.2,343135
2023-02-09,00:00:00,41.2,41.65,40.6,41.15,203143
2023-02-10,00:00:00,41.1,42.4,40.25,40.4,1020772
2023-02-13,00:00:00,40.55,40.8,40.05,40.3,287091
2023-02-14,00:00:00,40.4,40.6,39.55,39.9,333097
2023-02-15,00:00:00,40.1,40.8,39.8,40.55,220028
2023-02-16,00:00:00,40.55,42.35,40.1,41.9,2317549
2023-02-17,00:00:00,41.95,42.3,40.9,41.05,254266
2023-02-20,00:00:00,41.05,41.2,40.0,40.3,273302
2023-02-21,00:00:00,40.5,40.5,39.8,40.0,295253
2023-02-22,00:00:00,40.1,40.1,39.5,39.6,176840
2023-02-23,00:00:00,39.75,40.0,39.05,39.55,301068
2023-02-24,00:00:00,40.0,40.0,39.35,39.6,212182
2023-02-27,00:00:00,39.8,39.85,38.1,38.4,296259
2023-02-28,00:00:00,38.4,39.45,38.25,39.0,314097
2023-03-01,00:00:00,38.6,39.85,38.6,38.9,767734
2023-03-02,00:00:00,39.0,40.0,38.7,39.3,543865
2023-03-03,00:00:00,39.35,41.35,39.35,40.15,575414
2023-03-06,00:00:00,40.0,40.75,39.85,40.25,274445
2023-03-08,00:00:00,40.5,40.6,39.8,40.45,264406
2023-03-09,00:00:00,40.7,41.0,39.9,40.05,476320
2023-03-10,00:00:00,39.95,40.2,39.5,40.0,219375
2023-03-13,00:00:00,40.0,40.15,38.35,38.55,369464
2023-03-14,00:00:00,38.75,38.85,38.0,38.1,380193
2023-03-15,00:00:00,38.65,38.95,37.1,37.45,976729
2023-03-16,00:00:00,37.55,37.55,36.0,36.55,912509
2023-03-17,00:00:00,36.8,38.15,36.75,37.15,994203
2023-03-20,00:00:00,37.95,37.95,36.05,36.6,531293
2023-03-21,00:00:00,36.85,38.3,36.2,37.6,515209
2023-03-22,00:00:00,37.85,38.6,37.35,38.0,572048
2023-03-23,00:00:00,37.5,38.15,37.0,37.15,255773
2023-03-24,00:00:00,37.4,37.4,36.5,36.65,209882
2023-03-27,00:00:00,36.0,36.9,35.8,36.05,657679
2023-03-28,00:00:00,36.05,36.25,34.35,34.75,1015751
2023-03-29,00:00:00,34.75,35.85,34.05,34.6,1209526
2023-03-31,00:00:00,34.85,36.3,34.6,35.05,703791
2023-04-03,00:00:00,35.7,38.8,35.4,38.4,660874
2023-04-05,00:00:00,39.0,39.7,38.4,39.45,499019
2023-04-06,00:00:00,39.8,40.5,39.45,40.45,512481
2023-04-10,00:00:00,40.8,41.0,39.6,40.0,296054
2023-04-11,00:00:00,40.1,40.3,39.6,39.85,305654
2023-04-12,00:00:00,39.9,41.5,39.8,40.65,1442796
2023-04-13,00:00:00,41.05,41.05,40.2,40.6,173130
2023-04-17,00:00:00,40.75,40.75,39.8,40.25,569535
2023-04-18,00:00:00,40.25,46.25,40.1,44.95,4191743
2023-04-19,00:00:00,46.1,51.65,45.9,48.95,10324163
2023-04-20,00:00:00,50.2,51.55,49.25,50.8,3666711
2023-04-21,00:00:00,50.9,52.0,49.75,51.45,2347160
2023-04-24,00:00:00,51.9,51.9,50.1,50.7,1558059
2023-04-25,00:00:00,50.2,50.65,47.6,48.1,911984
2023-04-26,00:00:00,47.65,48.0,46.8,47.35,519075
2023-04-27,00:00:00,48.15,50.85,48.05,49.5,1478894
2023-04-28,00:00:00,50.0,50.15,48.6,48.95,562056
2023-05-02,00:00:00,49.05,49.45,46.8,47.35,673226
2023-05-03,00:00:00,47.5,48.9,46.9,48.4,450535
2023-05-04,00:00:00,49.0,49.85,47.65,48.05,959753
2023-05-05,00:00:00,48.3,49.15,47.3,48.05,324503
2023-05-08,00:00:00,49.45,53.5,48.8,53.1,4242832
2023-05-09,00:00:00,54.45,57.4,53.5,55.0,6008512
2023-05-10,00:00:00,56.0,56.85,53.35,55.45,1970742
2023-05-11,00:00:00,55.5,56.1,54.2,54.7,721290
2023-05-12,00:00:00,54.75,54.75,53.4,53.9,560004
2023-05-15,00:00:00,53.1,53.8,52.1,52.25,692640
2023-05-16,00:00:00,52.25,54.8,52.25,52.9,1185504
2023-05-17,00:00:00,53.2,54.0,52.3,52.8,609571
2023-05-18,00:00:00,53.25,53.75,51.5,52.0,599646
2023-05-19,00:00:00,51.55,52.6,50.05,51.3,615347
2023-05-22,00:00:00,51.0,51.35,50.05,50.5,486776
2023-05-23,00:00:00,50.5,53.25,50.3,51.8,888780
2023-05-24,00:00:00,51.85,52.75,49.6,49.75,775131
2023-05-25,00:00:00,47.6,48.8,45.55,47.25,1976507
2023-05-26,00:00:00,47.2,48.5,46.5,46.85,730804
2023-05-29,00:00:00,47.0,47.7,46.5,46.9,508481
2023-05-30,00:00:00,47.35,47.35,46.35,46.6,303335
2023-05-31,00:00:00,46.9,47.25,46.35,46.7,302605
2023-06-01,00:00:00,46.7,48.55,46.65,47.1,629667
2023-06-02,00:00:00,47.05,48.35,47.0,47.15,529736
2023-06-05,00:00:00,47.5,48.5,46.4,46.6,830150
2023-06-06,00:00:00,46.8,47.5,46.1,46.35,663988
2023-06-07,00:00:00,46.75,47.2,46.1,46.6,480622
2023-06-08,00:00:00,47.0,49.0,47.0,47.4,1026329
2023-06-09,00:00:00,47.6,48.1,46.8,46.95,329198
2023-06-12,00:00:00,47.05,47.4,46.0,46.15,532802
2023-06-13,00:00:00,46.4,48.15,45.9,46.55,1467372
2023-06-14,00:00:00,46.65,47.7,46.0,46.95,1663552
2023-06-15,00:00:00,46.95,47.5,45.3,45.7,1171872
2023-06-16,00:00:00,45.85,49.25,45.85,48.5,2511907
2023-06-19,00:00:00,48.9,49.9,47.4,48.65,1803161
2023-06-20,00:00:00,48.6,49.9,47.55,47.75,1741934
2023-06-21,00:00:00,48.0,49.05,46.5,48.2,1528413
2023-06-22,00:00:00,48.1,49.5,47.15,48.65,820886
2023-06-23,00:00:00,49.0,51.2,47.9,50.15,2293778
2023-06-26,00:00:00,50.75,51.2,48.5,48.8,823294
2023-06-27,00:00:00,48.8,49.35,48.3,48.6,537094
2023-06-28,00:00:00,49.0,49.35,48.05,48.2,374928
2023-06-30,00:00:00,48.75,49.15,47.75,47.9,427937
2023-07-03,00:00:00,48.05,48.7,47.55,47.95,390912
2023-07-04,00:00:00,48.0,48.25,47.5,47.75,299943
2023-07-05,00:00:00,47.8,48.65,47.4,47.8,387759
2023-07-06,00:00:00,48.0,49.65,47.85,48.15,719800
2023-07-07,00:00:00,48.2,48.7,47.65,47.95,406850
2023-07-10,00:00:00,47.9,48.15,47.1,47.3,341080
2023-07-11,00:00:00,47.7,47.9,47.15,47.55,233232
2023-07-12,00:00:00,47.7,48.1,46.95,47.55,426177
2023-07-13,00:00:00,47.55,48.15,46.8,46.95,410178
2023-07-14,00:00:00,47.3,47.4,46.95,47.15,347413
2023-07-17,00:00:00,47.05,47.8,47.05,47.45,402585
2023-07-18,00:00:00,47.45,48.4,47.4,47.6,382376
2023-07-19,00:00:00,47.65,48.0,47.35,47.45,273767
2023-07-20,00:00:00,47.4,48.1,47.35,47.8,368835
2023-07-21,00:00:00,48.15,48.7,47.4,48.3,828571
2023-07-24,00:00:00,48.35,48.75,47.35,47.55,614703
2023-07-25,00:00:00,47.2,47.8,46.8,46.9,756649
2023-07-26,00:00:00,47.05,47.3,45.25,45.7,1248924
2023-07-27,00:00:00,45.7,46.95,45.7,46.25,597306
2023-07-28,00:00:00,46.2,46.85,45.4,45.6,836945
2023-07-31,00:00:00,45.9,46.3,45.0,45.3,612059
2023-08-01,00:00:00,45.4,46.5,45.3,45.7,473015
2023-08-02,00:00:00,45.05,45.9,44.2,45.05,808847
2023-08-03,00:00:00,45.05,45.7,44.55,45.1,407636
2023-08-04,00:00:00,45.2,46.05,45.15,45.5,545462
2023-08-07,00:00:00,45.8,47.5,45.75,46.5,850297
2023-08-08,00:00:00,46.9,47.25,46.25,46.8,367596
2023-08-09,00:00:00,46.85,47.65,46.55,47.4,489365
2023-08-10,00:00:00,47.7,50.0,47.1,48.8,1753450
2023-08-11,00:00:00,48.55,49.55,47.45,47.8,1390659
2023-08-14,00:00:00,47.9,49.2,47.1,48.6,1041990
2023-08-16,00:00:00,48.65,48.75,47.5,47.7,415722
2023-08-17,00:00:00,48.0,52.45,47.2,51.25,2288152
2023-08-18,00:00:00,51.7,56.0,51.7,54.8,10064093
2023-08-21,00:00:00,55.2,56.95,53.0,54.6,4942332
2023-08-22,00:00:00,55.0,56.85,53.75,56.05,4094268
2023-08-23,00:00:00,56.7,57.2,54.75,55.05,1626315
2023-08-24,00:00:00,55.4,55.75,53.5,53.75,1308533
2023-08-25,00:00:00,53.3,56.25,53.05,55.35,2147733
2023-08-28,00:00:00,55.75,59.25,54.95,58.3,4950174
2023-08-29,00:00:00,59.0,61.75,58.6,60.95,4565897
2023-08-30,00:00:00,61.45,68.8,61.25,67.45,12810696
2023-08-31,00:00:00,69.0,70.7,65.55,66.15,5516243
2023-09-01,00:00:00,66.2,66.6,63.95,64.85,1650231
2023-09-04,00:00:00,65.3,68.7,65.3,67.1,1690772
2023-09-05,00:00:00,68.0,68.55,65.2,65.45,933821
2023-09-06,00:00:00,65.1,65.85,63.8,64.2,741394
2023-09-07,00:00:00,64.3,68.0,64.3,66.9,1321108
2023-09-08,00:00:00,67.1,67.45,65.25,65.8,469439
2023-09-11,00:00:00,66.3,66.45,64.05,64.5,710055
2023-09-12,00:00:00,64.85,64.95,58.05,60.85,1645851
2023-09-13,00:00:00,60.4,63.95,60.2,63.1,859527
2023-09-14,00:00:00,63.65,64.4,62.5,63.75,498466
2023-09-15,00:00:00,64.4,64.75,62.65,63.4,344692
2023-09-18,00:00:00,63.35,65.05,61.55,62.3,637359
2023-09-20,00:00:00,62.3,63.8,61.5,62.65,656685
2023-09-21,00:00:00,62.6,65.9,62.0,63.05,1090313
2023-09-22,00:00:00,62.5,64.7,62.25,63.55,429175
2023-09-25,00:00:00,63.65,64.5,62.6,62.8,298621
2023-09-26,00:00:00,62.5,65.5,62.5,63.2,1050516
2023-09-27,00:00:00,63.4,64.45,62.5,62.9,465324
2023-09-28,00:00:00,62.95,63.9,62.1,62.2,714652
2023-09-29,00:00:00,62.25,63.7,62.25,63.35,452301
2023-10-03,00:00:00,63.7,65.45,62.8,63.1,923998
2023-10-04,00:00:00,62.95,64.15,62.6,63.4,555715
2023-10-05,00:00:00,63.7,68.1,63.6,67.1,3622842
2023-10-06,00:00:00,68.85,69.4,66.6,66.9,1783493
2023-10-09,00:00:00,66.0,66.0,63.0,63.1,1687747
2023-10-10,00:00:00,63.95,65.0,63.15,64.4,897169
2023-10-11,00:00:00,64.75,76.0,64.55,74.45,15244602
2023-10-12,00:00:00,75.85,76.45,73.15,74.55,6238264
2023-10-13,00:00:00,74.3,78.1,73.6,75.55,6420312
2023-10-16,00:00:00,75.9,80.0,75.1,78.35,6205007
2023-10-17,00:00:00,78.0,81.9,78.0,79.05,4221291
2023-10-18,00:00:00,79.0,82.0,76.6,79.6,4295795
2023-10-19,00:00:00,79.0,81.45,78.3,79.25,2849481
2023-10-20,00:00:00,79.35,83.8,78.2,81.75,6614687
2023-10-23,00:00:00,81.5,82.35,72.4,73.3,5192711
2023-10-25,00:00:00,73.9,79.8,72.8,78.9,7915408
2023-10-26,00:00:00,78.4,79.4,74.9,78.25,3555356
2023-10-27,00:00:00,78.4,80.0,77.55,78.0,1430697
2023-10-30,00:00:00,78.25,83.95,77.35,82.3,5186441
2023-10-31,00:00:00,83.0,84.85,81.65,82.5,4208729
2023-11-01,00:00:00,83.0,83.6,81.2,81.85,1173006
2023-11-02,00:00:00,82.55,85.25,82.0,83.1,2673290
2023-11-03,00:00:00,83.75,84.3,81.6,82.2,1266062
2023-11-06,00:00:00,82.9,86.1,82.5,84.95,3255520
2023-11-07,00:00:00,85.15,86.05,84.05,84.35,1638145
2023-11-08,00:00:00,84.9,85.15,81.5,82.0,1795515
2023-11-09,00:00:00,81.0,82.3,79.25,79.95,1912222
2023-11-10,00:00:00,79.7,81.95,79.2,80.65,1082453
2023-11-12,00:00:00,81.45,82.0,81.0,81.5,256836
2023-11-13,00:00:00,81.45,83.95,80.55,80.8,1133350
2023-11-15,00:00:00,81.25,82.45,79.65,79.9,1073459
2023-11-16,00:00:00,79.0,81.4,79.0,79.85,804521
2023-11-17,00:00:00,80.2,80.8,77.55,78.2,965828
2023-11-20,00:00:00,78.7,79.9,77.25,78.05,847236
2023-11-21,00:00:00,78.45,80.65,77.8,78.65,991715
2023-11-22,00:00:00,78.9,80.45,77.9,78.2,829698
2023-11-23,00:00:00,78.25,78.5,77.0,77.25,560330
2023-11-24,00:00:00,77.85,78.4,76.1,76.3,561535
2023-11-28,00:00:00,76.75,77.3,75.05,75.75,554978
2023-11-29,00:00:00,76.4,77.2,75.5,75.8,459701
2023-11-30,00:00:00,76.0,76.5,74.15,74.4,565315
2023-12-01,00:00:00,75.95,75.95,73.15,73.65,693591
2023-12-04,00:00:00,74.95,75.7,72.85,73.15,791633
2023-12-05,00:00:00,73.3,74.45,71.9,73.45,910626
2023-12-06,00:00:00,73.45,75.15,72.8,74.1,1056876
2023-12-07,00:00:00,74.25,75.65,73.0,74.95,877593
2023-12-08,00:00:00,75.6,76.25,74.25,74.7,789946
2023-12-11,00:00:00,75.0,75.65,74.3,74.85,612814
2023-12-12,00:00:00,75.0,76.15,71.7,72.0,1716422
2023-12-13,00:00:00,72.1,74.2,70.7,73.5,1219211
2023-12-14,00:00:00,73.5,76.45,72.8,74.05,1145111
2023-12-15,00:00:00,74.4,75.65,73.55,73.85,935315
2023-12-18,00:00:00,73.8,74.9,73.1,73.25,657209
2023-12-19,00:00:00,73.6,74.0,72.5,73.35,530285
2023-12-20,00:00:00,73.8,75.45,69.1,70.0,1450937
2023-12-21,00:00:00,70.0,70.9,68.1,70.65,756235
2023-12-22,00:00:00,71.0,73.4,70.9,71.65,808136
2023-12-26,00:00:00,72.0,78.8,71.35,77.75,6383327
2023-12-27,00:00:00,78.6,81.25,77.55,78.2,4060854
2023-12-28,00:00:00,78.95,78.95,75.2,76.3,1559707
2023-12-29,00:00:00,76.9,77.75,75.0,75.3,1158978
2024-01-01,00:00:00,76.25,77.35,75.2,76.0,717697
2024-01-02,00:00:00,76.3,76.7,74.05,76.2,774103
2024-01-03,00:00:00,76.5,76.55,74.15,74.8,805909
2024-01-04,00:00:00,75.0,77.5,74.45,75.35,984230
2024-01-05,00:00:00,75.5,76.75,71.15,72.7,3852174
2024-01-08,00:00:00,73.2,74.65,72.6,74.0,1029134
2024-01-09,00:00:00,74.6,75.25,72.85,73.4,695057
2024-01-10,00:00:00,73.55,74.0,71.8,72.8,833223
2024-01-11,00:00:00,73.3,75.65,73.25,74.7,1087121
2024-01-12,00:00:00,75.25,75.3,73.3,73.5,788453
2024-01-15,00:00:00,73.95,74.5,72.7,73.1,518259
2024-01-16,00:00:00,73.15,78.4,73.15,75.7,4305751
2024-01-17,00:00:00,74.5,77.7,73.65,75.05,1882309
2024-01-18,00:00:00,75.35,76.45,72.05,74.35,1179129
2024-01-19,00:00:00,74.95,76.35,74.0,74.6,889171
2024-01-20,00:00:00,75.35,78.4,74.6,74.9,1185185
2024-01-23,00:00:00,75.6,77.15,72.9,73.2,1602805
2024-01-24,00:00:00,73.55,74.25,71.5,73.9,860978
2024-01-25,00:00:00,74.3,75.2,72.55,73.5,816067
2024-01-29,00:00:00,74.0,76.35,73.8,74.5,1733645
2024-01-30,00:00:00,75.0,78.0,72.55,73.3,2031919
2024-01-31,00:00:00,72.8,73.25,70.45,70.75,2294595
2024-02-01,00:00:00,71.0,71.15,67.0,67.45,2012765
2024-02-02,00:00:00,67.3,70.6,67.1,68.8,1392169
2024-02-05,00:00:00,69.35,69.35,67.1,67.5,1098089
2024-02-06,00:00:00,67.9,69.3,67.45,68.65,728798
2024-02-07,00:00:00,69.15,71.15,68.2,68.7,1187375
2024-02-08,00:00:00,68.85,69.35,67.7,68.15,695924
2024-02-09,00:00:00,68.2,68.9,65.25,66.35,841389
2024-02-12,00:00:00,66.5,66.7,62.9,64.25,1301766
2024-02-13,00:00:00,64.8,65.3,62.25,64.05,615351
2024-02-14,00:00:00,62.85,65.0,62.6,64.45,559949
2024-02-15,00:00:00,64.9,66.95,62.6,63.1,1702821
2024-02-16,00:00:00,63.5,66.15,63.4,64.85,1450677
2024-02-19,00:00:00,65.15,66.0,64.5,65.05,659786
2024-02-20,00:00:00,65.05,65.85,63.65,63.95,1083812
2024-02-21,00:00:00,63.85,64.55,63.1,63.5,474778
2024-02-22,00:00:00,63.95,64.75,62.6,64.3,502398
2024-02-23,00:00:00,64.5,64.8,63.35,63.6,453012
2024-02-26,00:00:00,63.7,66.4,63.45,64.9,1152969
2024-02-27,00:00:00,64.9,69.3,64.75,66.05,3751581
2024-02-28,00:00:00,66.4,68.4,63.8,64.2,1278183
2024-02-29,00:00:00,64.0,65.3,63.2,64.9,555860
2024-03-01,00:00:00,65.0,66.15,63.9,64.4,869825
2024-03-02,00:00:00,64.4,65.2,64.1,64.75,82479
2024-03-04,00:00:00,65.1,65.25,63.8,64.1,491618
2024-03-05,00:00:00,64.15,64.4,63.15,63.35,421153
2024-03-06,00:00:00,63.2,63.25,60.05,60.9,984159
2024-03-07,00:00:00,61.0,62.5,60.35,60.85,661743
2024-03-11,00:00:00,61.1,61.4,58.85,59.1,1250743
2024-03-12,00:00:00,59.1,59.15,56.3,56.75,1102803
2024-03-13,00:00:00,56.85,57.75,51.0,51.6,2084891
2024-03-14,00:00:00,51.0,54.5,51.0,52.75,1832356
2024-03-15,00:00:00,52.4,57.4,51.0,56.6,2887266
2024-03-18,00:00:00,58.05,58.75,55.5,58.65,1819960
2024-03-19,00:00:00,58.4,60.95,57.65,58.4,1629526
2024-03-20,00:00:00,58.85,59.2,56.75,58.65,875876
2024-03-21,00:00:00,58.8,60.7,58.5,59.75,729311
2024-03-22,00:00:00,58.75,62.2,58.75,61.25,969137
2024-03-26,00:00:00,61.5,62.8,59.2,59.5,1064084
2024-03-27,00:00:00,60.3,60.75,57.05,57.45,1119191
2024-03-28,00:00:00,58.1,59.8,56.95,57.15,1034326
2024-04-01,00:00:00,58.0,62.4,58.0,61.9,929729
2024-04-02,00:00:00,61.9,63.2,61.6,62.85,588343
2024-04-03,00:00:00,62.45,65.25,62.2,64.7,1084805
2024-04-04,00:00:00,65.0,65.5,63.55,64.1,520454
2024-04-05,00:00:00,63.9,64.55,63.0,64.3,472709
2024-04-08,00:00:00,64.75,64.95,63.0,63.55,287273
2024-04-09,00:00:00,63.6,64.0,62.3,63.0,265107
2024-04-10,00:00:00,63.05,63.65,62.45,63.05,363646
2024-04-12,00:00:00,62.65,63.05,60.05,60.8,1044840
2024-04-15,00:00:00,58.05,60.4,58.05,59.55,553627
2024-04-16,00:00:00,59.4,61.35,59.4,59.7,323943
2024-04-18,00:00:00,61.0,63.8,60.25,61.2,664042
2024-04-19,00:00:00,60.25,61.4,59.75,60.65,361637
2024-04-22,00:00:00,61.4,63.5,61.4,62.55,456818
2024-04-23,00:00:00,62.6,63.0,61.45,62.0,341158
2024-04-24,00:00:00,62.35,64.6,62.2,62.65,562828
2024-04-25,00:00:00,62.65,64.05,62.35,63.0,454475
2024-04-26,00:00:00,63.45,63.6,62.15,62.7,304058
2024-04-29,00:00:00,63.2,63.85,62.2,62.3,392284
2024-04-30,00:00:00,62.5,64.5,61.0,63.0,1135343
2024-05-02,00:00:00,63.0,63.25,62.3,62.5,228595
2024-05-03,00:00:00,62.9,63.05,61.1,61.65,360637
2024-05-06,00:00:00,61.75,62.25,60.0,60.25,278314
2024-05-07,00:00:00,60.4,60.8,58.25,58.65,445498
2024-05-08,00:00:00,58.6,60.25,58.1,59.15,266077
2024-05-09,00:00:00,59.4,59.6,57.25,57.45,330156
2024-05-10,00:00:00,57.7,58.45,56.95,58.0,174788
2024-05-13,00:00:00,58.1,58.8,56.55,57.85,292937
2024-05-14,00:00:00,58.3,60.0,58.05,59.4,228892
2024-05-15,00:00:00,59.7,60.8,59.1,59.4,252837
2024-05-16,00:00:00,59.8,61.1,59.65,60.3,233420
2024-05-17,00:00:00,60.3,62.35,59.75,61.85,592220
2024-05-18,00:00:00,62.0,62.8,61.65,62.0,91678
2024-05-21,00:00:00,62.0,62.4,60.5,60.7,426183
2024-05-22,00:00:00,61.25,63.05,60.5,61.75,534772
2024-05-23,00:00:00,61.95,66.1,61.0,63.95,3769772
2024-05-24,00:00:00,64.4,64.9,62.0,62.35,1070590
2024-05-27,00:00:00,63.5,63.5,61.0,61.5,623940
2024-05-28,00:00:00,61.75,61.95,58.1,59.3,1000004
2024-05-29,00:00:00,58.95,60.1,58.1,59.45,383412
2024-05-30,00:00:00,60.35,60.35,57.5,57.8,460100
2024-05-31,00:00:00,58.0,60.3,57.35,58.25,384542
2024-06-03,00:00:00,59.35,60.0,57.25,57.75,550160
2024-06-04,00:00:00,57.7,57.75,51.0,53.75,1019224
2024-06-05,00:00:00,55.0,60.35,53.55,59.5,1006752
2024-06-06,00:00:00,59.95,61.3,59.0,60.6,627532
2024-06-07,00:00:00,60.8,61.1,58.35,59.8,385181
2024-06-10,00:00:00,60.0,62.9,60.0,61.63,1188603
2024-06-11,00:00:00,61.63,63.2,61.48,62.48,649343
2024-06-12,00:00:00,62.6,72.4,62.0,71.82,12232972
2024-06-13,00:00:00,72.2,75.7,70.85,73.5,7527292
2024-06-14,00:00:00,73.9,76.85,73.33,74.66,6021105
2024-06-18,00:00:00,74.79,81.65,74.6,78.8,7886495
2024-06-19,00:00:00,79.14,79.59,74.8,77.9,2800671
2024-06-20,00:00:00,78.5,79.79,77.01,77.63,1195566
2024-06-21,00:00:00,77.01,77.82,74.94,75.82,998780
2024-06-24,00:00:00,75.5,79.25,75.5,77.0,1112754
2024-06-25,00:00:00,76.9,78.9,76.5,76.85,746152
2024-06-26,00:00:00,76.5,79.5,76.0,76.74,590436
2024-06-27,00:00:00,76.75,76.9,73.12,74.01,784464
2024-06-28,00:00:00,74.44,74.94,70.91,72.04,1203576
2024-07-01,00:00:00,72.09,76.23,72.09,72.97,2678404
2024-07-02,00:00:00,72.97,77.64,71.86,77.2,2331890
2024-07-03,00:00:00,78.0,78.37,75.9,77.25,1368480
2024-07-04,00:00:00,77.49,83.7,76.55,82.92,5722065
2024-07-05,00:00:00,82.94,84.39,81.5,82.92,3236658
2024-07-08,00:00:00,82.8,83.5,79.65,80.23,1747943
2024-07-09,00:00:00,80.22,83.39,78.5,82.27,2528858
2024-07-10,00:00:00,82.0,82.2,77.15,80.08,2658391
2024-07-11,00:00:00,80.08,83.95,80.0,82.84,2731417
2024-07-12,00:00:00,83.17,83.17,80.2,80.55,1218893
2024-07-15,00:00:00,81.0,81.51,78.47,79.27,1198358
2024-07-16,00:00:00,79.59,80.84,78.7,79.39,795734
2024-07-18,00:00:00,79.39,79.84,75.0,76.22,1388751
2024-07-19,00:00:00,77.34,77.34,72.0,72.21,1430416
2024-07-22,00:00:00,72.0,76.26,70.37,75.67,1237079
2024-07-23,00:00:00,76.95,77.52,72.0,75.23,1674430
2024-07-24,00:00:00,75.0,79.09,74.89,77.43,1349626
2024-07-25,00:00:00,76.5,79.9,76.49,77.69,967522
2024-07-26,00:00:00,78.0,83.8,77.82,79.93,3730283
2024-07-29,00:00:00,81.5,83.7,79.61,81.56,3282819
2024-07-30,00:00:00,82.0,85.95,81.32,85.64,5026262
2024-07-31,00:00:00,86.7,86.7,84.1,84.41,2666317
2024-08-01,00:00:00,84.97,90.39,84.3,86.77,6727067
2024-08-02,00:00:00,86.35,89.4,80.46,81.88,14495712
2024-08-05,00:00:00,79.0,80.9,77.09,77.42,3872141
2024-08-06,00:00:00,79.8,81.0,74.15,74.84,4897230
2024-08-07,00:00:00,77.8,77.98,74.31,76.41,2489492
2024-08-08,00:00:00,76.05,77.63,72.09,72.6,2985963
2024-08-09,00:00:00,73.8,76.4,73.22,75.94,2062317
2024-08-12,00:00:00,75.71,79.75,74.8,78.16,2755668
2024-08-13,00:00:00,78.25,83.3,77.67,78.29,3517852
2024-08-14,00:00:00,78.9,79.72,76.99,77.8,1576592
2024-08-16,00:00:00,78.4,80.79,77.37,79.74,1912195
2024-08-19,00:00:00,80.05,84.3,80.05,81.71,2842993
2024-08-20,00:00:00,81.7,88.75,81.51,88.02,7094858
2024-08-21,00:00:00,88.02,93.45,86.69,91.38,9940472
2024-08-22,00:00:00,92.0,98.2,91.01,94.3,13200608
2024-08-23,00:00:00,94.8,96.0,92.51,92.95,3130922
2024-08-26,00:00:00,92.95,96.5,92.95,94.14,3002369
2024-08-27,00:00:00,93.98,94.5,92.6,93.22,1382179
2024-08-28,00:00:00,94.3,96.63,93.32,93.73,2776552
2024-08-29,00:00:00,93.01,93.89,89.0,90.66,1952614
2024-08-30,00:00:00,91.05,92.11,88.1,89.67,1077019
2024-09-02,00:00:00,89.0,90.28,86.44,87.01,1777935
2024-09-03,00:00:00,87.01,87.9,85.68,86.62,1562057
2024-09-04,00:00:00,85.25,89.5,85.25,88.74,1579065
2024-09-05,00:00:00,89.25,91.6,88.63,90.6,3399450
2024-09-06,00:00:00,91.1,92.0,86.9,87.7,2308754
2024-09-09,00:00:00,87.68,88.48,85.29,87.24,1387325
2024-09-10,00:00:00,87.74,90.17,86.51,86.81,1052543
2024-09-11,00:00:00,87.5,87.81,85.02,85.4,857675
2024-09-12,00:00:00,85.99,86.89,85.15,85.53,746861
2024-09-13,00:00:00,85.87,88.83,83.2,83.85,2043762
2024-09-16,00:00:00,84.1,84.5,81.61,83.02,1542379
2024-09-17,00:00:00,83.2,89.8,82.5,87.64,2383493
2024-09-18,00:00:00,87.45,87.99,85.06,86.49,1524485
2024-09-19,00:00:00,86.01,86.73,83.11,83.75,1138370
2024-09-20,00:00:00,83.76,86.95,82.81,85.62,1711021
2024-09-23,00:00:00,85.96,87.56,84.8,86.54,1578476
2024-09-24,00:00:00,86.0,89.75,86.0,89.41,2483602
2024-09-25,00:00:00,89.75,91.3,88.7,89.86,1729921
2024-09-26,00:00:00,89.79,90.24,87.1,87.79,1259166
2024-09-27,00:00:00,87.4,89.74,87.4,88.97,1412938
2024-09-30,00:00:00,88.97,90.8,86.02,86.65,1199471
2024-10-01,00:00:00,86.87,87.51,85.01,85.51,689894
2024-10-03,00:00:00,83.98,85.85,82.01,82.76,1009441
2024-10-04,00:00:00,83.1,84.45,80.2,81.22,1153349
2024-10-07,00:00:00,82.25,82.83,75.31,76.45,1534369
2024-10-08,00:00:00,75.0,78.5,74.5,78.12,759890
2024-10-09,00:00:00,78.49,80.0,78.18,78.64,632999
2024-10-10,00:00:00,79.19,81.7,78.31,79.76,741150
2024-10-11,00:00:00,79.91,80.35,78.57,78.95,501407
2024-10-14,00:00:00,79.02,79.47,78.0,78.09,387404
2024-10-15,00:00:00,78.25,78.76,77.77,77.94,295678
2024-10-16,00:00:00,78.0,80.0,77.45,77.75,644777
2024-10-17,00:00:00,77.75,77.98,73.5,74.08,899552
2024-10-18,00:00:00,74.64,74.95,73.14,74.04,461854
2024-10-21,00:00:00,74.01,74.82,70.5,71.11,1202191
2024-10-22,00:00:00,71.2,71.3,65.98,66.48,1564849
2024-10-23,00:00:00,66.52,70.8,65.41,67.15,1508627
2024-10-24,00:00:00,66.3,69.42,66.3,67.86,832560
2024-10-25,00:00:00,68.9,68.9,64.74,66.57,772885
2024-10-28,00:00:00,71.0,71.0,66.51,67.82,670023
2024-10-29,00:00:00,68.18,68.3,66.54,67.81,412560
2024-10-30,00:00:00,67.79,70.43,67.5,69.59,529529
2024-10-31,00:00:00,69.94,70.91,68.67,68.99,402337
2024-11-01,00:00:00,69.39,71.49,69.39,71.05,216767
2024-11-04,00:00:00,71.05,71.2,67.36,68.28,587028
2024-11-05,00:00:00,68.5,69.7,67.76,68.92,644304
2024-11-06,00:00:00,69.55,78.95,69.01,77.91,3474193
2024-11-07,00:00:00,77.4,78.73,75.85,76.37,1133326
2024-11-08,00:00:00,76.25,76.26,73.65,74.19,546859
2024-11-11,00:00:00,73.1,74.35,72.1,72.49,561156
2024-11-12,00:00:00,72.85,75.64,71.5,72.0,719535
2024-11-13,00:00:00,71.3,72.66,68.67,69.17,624026
2024-11-14,00:00:00,69.05,70.9,68.05,68.82,421044
2024-11-18,00:00:00,68.2,68.77,66.1,66.62,541204
2024-11-19,00:00:00,67.0,68.81,66.21,66.72,378297
2024-11-21,00:00:00,66.99,69.95,64.8,67.79,418975
2024-11-22,00:00:00,68.0,69.74,67.0,67.73,454835
2024-11-25,00:00:00,70.0,70.78,67.1,67.75,616854
2024-11-26,00:00:00,67.9,68.88,66.7,67.17,400117
2024-11-27,00:00:00,67.3,69.3,67.23,68.43,363675
2024-11-28,00:00:00,68.5,71.7,68.5,70.58,528802
2024-11-29,00:00:00,70.58,70.9,69.06,69.32,249763
2024-12-02,00:00:00,69.0,70.6,68.0,69.95,347476
2024-12-03,00:00:00,70.0,73.4,70.0,72.18,496016
2024-12-04,00:00:00,71.61,73.94,71.61,73.14,445736
2024-12-05,00:00:00,73.81,73.81,70.39,71.4,510111
2024-12-06,00:00:00,71.4,72.99,69.98,71.46,968038
2024-12-09,00:00:00,71.01,72.94,69.9,70.28,586452
2024-12-10,00:00:00,70.28,71.0,68.75,69.57,520874
2024-12-11,00:00:00,71.14,77.39,71.14,73.84,5971200
2024-12-12,00:00:00,73.84,76.49,72.63,74.68,1412292
2024-12-13,00:00:00,74.99,75.76,72.51,73.27,1007980
2024-12-16,00:00:00,73.27,74.44,72.99,73.74,500957
2024-12-17,00:00:00,73.49,74.41,71.05,71.3,621540
2024-12-18,00:00:00,71.3,72.1,69.99,71.55,606398
2024-12-19,00:00:00,70.0,71.9,69.9,70.43,373530
2024-12-20,00:00:00,70.5,71.2,67.65,68.4,580720
2024-12-23,00:00:00,68.6,69.29,66.9,67.34,385928
2024-12-24,00:00:00,67.34,68.67,67.08,68.27,231040
2024-12-26,00:00:00,68.69,68.69,66.01,66.22,494925
2024-12-27,00:00:00,66.39,68.4,66.2,68.09,572057
2024-12-30,00:00:00,68.7,68.74,66.6,67.17,402669
2024-12-31,00:00:00,67.5,67.68,66.51,67.21,212922
2025-01-01,00:00:00,67.2,71.79,67.15,70.26,1405210
2025-01-02,00:00:00,70.35,72.74,69.66,71.68,531329
2025-01-03,00:00:00,71.75,72.27,70.05,70.4,408828
2025-01-06,00:00:00,71.0,73.27,66.35,66.68,969450
2025-01-07,00:00:00,66.8,68.8,66.8,67.94,448872
2025-01-08,00:00:00,68.15,68.99,66.81,68.01,411962
2025-01-09,00:00:00,68.01,68.64,66.1,66.28,294060
2025-01-10,00:00:00,65.78,66.25,63.0,64.34,477123
2025-01-13,00:00:00,63.99,64.3,60.7,61.55,571516
2025-01-14,00:00:00,62.25,64.5,61.23,62.63,353629
2025-01-15,00:00:00,62.63,63.9,62.36,62.84,313833
2025-01-16,00:00:00,64.0,64.5,63.3,63.84,224083
2025-01-17,00:00:00,63.71,64.25,63.35,63.69,174098
2025-01-20,00:00:00,63.79,65.6,63.3,64.71,276497
2025-01-21,00:00:00,64.5,65.9,62.97,63.46,390633
2025-01-22,00:00:00,63.68,63.69,61.3,62.16,287005
2025-01-23,00:00:00,62.29,63.2,61.5,62.18,228818
2025-01-24,00:00:00,62.19,63.0,60.47,61.4,260923
2025-01-27,00:00:00,60.73,62.11,57.05,57.63,906529
2025-01-28,00:00:00,58.29,58.65,55.55,56.94,592686
2025-01-29,00:00:00,57.49,60.85,57.2,60.35,449872
2025-01-30,00:00:00,60.49,61.2,57.6,59.12,971054
2025-01-31,00:00:00,58.72,61.45,58.68,61.02,312886
2025-02-01,00:00:00,61.65,62.44,59.4,61.26,218447
2025-02-03,00:00:00,61.2,61.25,58.92,59.95,285277
2025-02-04,00:00:00,60.55,61.98,60.4,60.96,292082
2025-02-05,00:00:00,61.38,62.69,61.02,61.98,173732
2025-02-06,00:00:00,61.98,62.37,61.32,62.09,168445
2025-02-07,00:00:00,62.18,62.18,60.21,61.56,220169
2025-02-10,00:00:00,61.0,61.5,58.5,58.98,229933
2025-02-11,00:00:00,58.93,59.59,55.49,56.03,394968
2025-02-12,00:00:00,56.03,56.32,52.8,53.83,739378
2025-02-13,00:00:00,53.9,55.0,53.72,54.16,327234
2025-02-14,00:00:00,54.16,54.34,50.0,51.03,729481
2025-02-17,00:00:00,51.1,51.84,49.24,50.07,600139
2025-02-18,00:00:00,50.0,51.23,46.0,46.9,1176310
2025-02-19,00:00:00,46.79,50.09,46.6,49.38,643502
2025-02-20,00:00:00,49.38,50.39,48.56,48.99,569866
2025-02-21,00:00:00,49.2,50.4,46.95,47.2,764620
2025-02-24,00:00:00,46.5,46.99,45.66,45.91,433812
2025-02-25,00:00:00,45.9,47.19,45.47,45.76,403131
2025-02-27,00:00:00,45.8,46.29,43.33,44.49,508538
2025-02-28,00:00:00,43.9,45.14,43.26,44.1,1261919
2025-03-03,00:00:00,44.44,45.03,42.75,43.32,624374
2025-03-04,00:00:00,43.01,44.19,42.31,42.83,1123785
2025-03-05,00:00:00,42.55,49.0,42.55,46.86,1007462
2025-03-06,00:00:00,47.55,49.0,46.6,48.47,1276819
2025-03-07,00:00:00,48.72,49.21,48.2,48.51,449500
2025-03-10,00:00:00,48.99,48.99,45.6,46.69,464244
2025-03-11,00:00:00,46.3,47.25,44.96,46.45,1301775
2025-03-12,00:00:00,46.66,47.28,45.11,45.33,1472840
2025-03-13,00:00:00,45.45,46.06,44.51,44.78,604559
2025-03-17,00:00:00,45.0,45.44,42.7,43.31,622007
2025-03-18,00:00:00,43.31,45.27,43.31,44.55,864081
2025-03-19,00:00:00,44.64,46.29,44.56,45.92,754224
2025-03-20,00:00:00,46.17,47.44,45.31,45.52,768916
2025-03-21,00:00:00,45.42,46.99,45.4,45.69,1043082
2025-03-24,00:00:00,45.99,47.33,45.69,45.92,1142905
2025-03-25,00:00:00,46.19,46.74,44.4,44.72,1847892
2025-03-26,00:00:00,45.35,45.35,42.75,42.91,1613050
2025-03-27,00:00:00,42.8,44.16,42.37,43.6,2230995
2025-03-28,00:00:00,43.99,45.58,42.65,43.13,2212160
