Date,Timestamp,Open,High,Low,Close,Volume
2015-04-01,00:00:00,64.0,69.65,64.0,65.05,740
2015-04-06,00:00:00,64.0,68.5,64.0,68.5,1197
2015-04-07,00:00:00,68.5,68.5,67.0,67.15,685
2015-04-08,00:00:00,68.0,71.5,67.4,70.0,6200
2015-04-09,00:00:00,70.0,70.4,69.0,70.4,3823
2015-04-10,00:00:00,72.8,72.8,69.5,70.8,700
2015-04-13,00:00:00,71.0,74.0,71.0,73.3,2710
2015-04-15,00:00:00,73.09,74.0,73.09,73.7,2406
2015-04-16,00:00:00,71.34,72.7,71.3,72.0,1452
2015-04-17,00:00:00,72.5,76.95,72.09,72.55,499
2015-04-20,00:00:00,74.5,74.5,72.5,73.0,2310
2015-04-21,00:00:00,74.9,74.9,72.0,72.09,7025
2015-04-22,00:00:00,71.55,75.3,71.5,73.15,4012
2015-04-23,00:00:00,73.0,73.0,73.0,73.0,100
2015-04-24,00:00:00,70.05,74.9,69.5,69.55,5296
2015-04-27,00:00:00,74.2,74.2,68.05,68.05,302
2015-04-28,00:00:00,72.4,72.4,67.3,68.0,2644
2015-04-29,00:00:00,69.0,69.0,68.0,68.55,1166
2015-04-30,00:00:00,68.5,70.95,68.05,69.55,1301
2015-05-04,00:00:00,70.05,70.09,70.0,70.09,1018
2015-05-05,00:00:00,69.09,69.3,69.09,69.3,680
2015-05-06,00:00:00,68.5,70.4,68.5,68.75,450
2015-05-07,00:00:00,66.95,73.9,66.95,69.8,364
2015-05-08,00:00:00,69.05,71.0,68.55,70.0,1722
2015-05-11,00:00:00,70.0,70.0,70.0,70.0,190
2015-05-12,00:00:00,68.75,68.75,68.75,68.75,5
2015-05-13,00:00:00,68.55,72.5,68.55,71.0,1385
2015-05-14,00:00:00,71.0,71.0,69.05,69.05,80
2015-05-15,00:00:00,68.25,68.25,68.25,68.25,50
2015-05-18,00:00:00,71.7,72.65,69.8,69.95,943
2015-05-19,00:00:00,73.2,74.4,69.0,71.65,1557
2015-05-20,00:00:00,74.84,74.84,71.0,71.34,833
2015-05-21,00:00:00,69.59,73.5,69.5,72.5,1192
2015-05-22,00:00:00,73.4,73.5,68.0,69.15,11604
2015-05-25,00:00:00,69.0,69.59,68.25,69.0,16775
2015-05-26,00:00:00,68.3,68.3,68.25,68.25,200
2015-05-27,00:00:00,66.59,69.8,66.34,68.5,7320
2015-05-28,00:00:00,68.95,69.0,68.05,68.9,2200
2015-05-29,00:00:00,68.09,69.0,68.0,68.9,1623
2015-06-01,00:00:00,69.9,70.0,67.0,67.3,10755
2015-06-02,00:00:00,69.84,69.84,67.0,67.15,660
2015-06-03,00:00:00,67.0,67.0,65.5,65.7,967
2015-06-04,00:00:00,70.0,70.0,66.5,66.5,616
2015-06-05,00:00:00,66.5,66.7,64.3,65.9,5580
2015-06-08,00:00:00,68.9,68.9,65.4,65.4,174
2015-06-09,00:00:00,66.0,66.0,65.0,65.09,955
2015-06-10,00:00:00,65.0,66.59,65.0,66.55,1796
2015-06-11,00:00:00,65.0,65.09,65.0,65.0,750
2015-06-12,00:00:00,65.0,65.0,65.0,65.0,2887
2015-06-15,00:00:00,65.0,67.0,65.0,67.0,105
2015-06-16,00:00:00,66.0,67.75,64.09,64.55,1440
2015-06-17,00:00:00,64.0,66.0,63.55,66.0,6455
2015-06-18,00:00:00,64.5,67.8,64.5,67.65,227
2015-06-19,00:00:00,64.2,67.95,64.2,65.25,315
2015-06-22,00:00:00,64.59,66.25,64.55,66.05,1729
2015-06-23,00:00:00,64.7,72.0,64.7,70.55,5962
2015-06-24,00:00:00,70.5,71.0,69.15,69.4,1146
2015-06-25,00:00:00,69.0,69.0,68.5,68.5,336
2015-06-26,00:00:00,68.3,70.0,68.3,70.0,1012
2015-06-29,00:00:00,66.0,68.84,65.7,67.0,459
2015-06-30,00:00:00,67.5,70.0,66.65,68.84,2209
2015-07-01,00:00:00,70.0,72.0,69.05,71.65,5223
2015-07-02,00:00:00,70.5,71.65,70.0,70.4,359
2015-07-03,00:00:00,69.75,70.09,68.3,70.09,5240
2015-07-06,00:00:00,66.5,72.95,66.45,72.5,510
2015-07-07,00:00:00,72.5,74.09,72.3,72.34,2130
2015-07-08,00:00:00,70.09,74.25,70.09,73.3,3366
2015-07-09,00:00:00,70.09,73.95,70.09,72.09,364
2015-07-10,00:00:00,73.0,73.0,72.09,72.09,275
2015-07-13,00:00:00,72.95,73.9,72.95,73.9,946
2015-07-14,00:00:00,71.5,74.5,71.5,72.65,1455
2015-07-15,00:00:00,72.3,77.34,72.3,74.5,5976
2015-07-16,00:00:00,75.0,77.3,74.15,74.3,1430
2015-07-17,00:00:00,74.0,75.0,69.0,72.15,11863
2015-07-20,00:00:00,73.34,73.5,72.05,72.8,2215
2015-07-21,00:00:00,71.15,75.0,71.15,72.84,4986
2015-07-22,00:00:00,74.4,74.5,72.09,74.4,1859
2015-07-23,00:00:00,72.3,76.45,72.3,75.0,1182
2015-07-24,00:00:00,75.0,76.4,73.2,74.95,2777
2015-07-27,00:00:00,74.0,74.5,72.84,74.5,981
2015-07-28,00:00:00,73.9,74.25,72.34,73.34,3175
2015-07-29,00:00:00,73.0,78.0,73.0,77.25,3833
2015-07-30,00:00:00,76.4,79.0,76.4,77.15,2075
2015-07-31,00:00:00,79.8,79.8,77.0,78.05,1986
2015-08-03,00:00:00,80.0,81.5,77.7,80.95,9604
2015-08-04,00:00:00,81.0,83.5,79.3,81.65,3247
2015-08-05,00:00:00,81.8,83.7,80.0,81.0,3326
2015-08-06,00:00:00,76.09,92.65,72.9,88.2,46261
2015-08-07,00:00:00,87.5,89.85,83.6,85.3,24706
2015-08-10,00:00:00,90.0,90.0,82.0,83.05,6264
2015-08-11,00:00:00,88.0,88.0,79.09,79.2,3113
2015-08-12,00:00:00,82.0,82.0,76.0,77.0,6773
2015-08-13,00:00:00,75.09,78.05,75.09,77.0,4317
2015-08-14,00:00:00,76.09,79.8,76.09,77.2,2125
2015-08-17,00:00:00,78.4,78.4,75.9,76.0,540
2015-08-18,00:00:00,75.09,79.9,75.09,78.4,721
2015-08-19,00:00:00,77.2,78.5,77.15,77.15,1482
2015-08-20,00:00:00,77.0,80.0,76.0,77.55,2501
2015-08-21,00:00:00,79.5,79.5,74.25,75.0,409
2015-08-24,00:00:00,71.0,72.05,66.3,66.8,3754
2015-08-25,00:00:00,66.3,69.9,65.0,69.59,1965
2015-08-26,00:00:00,65.5,71.0,65.5,67.0,620
2015-08-27,00:00:00,66.65,68.0,66.65,67.59,1036
2015-08-28,00:00:00,66.09,74.45,66.09,71.95,2823
2015-08-31,00:00:00,72.0,75.0,71.8,72.55,663
2015-09-01,00:00:00,73.0,74.0,71.25,71.25,116
2015-09-02,00:00:00,70.15,70.15,70.15,70.15,100
2015-09-03,00:00:00,70.2,73.34,70.0,73.34,1004
2015-09-04,00:00:00,70.0,72.75,63.65,65.0,31537
2015-09-07,00:00:00,67.2,67.4,64.09,64.25,720
2015-09-08,00:00:00,64.25,65.5,64.25,65.4,2230
2015-09-09,00:00:00,64.59,67.8,64.59,67.8,1050
2015-09-10,00:00:00,64.0,67.8,64.0,67.8,323
2015-09-11,00:00:00,65.0,71.8,63.1,66.0,5368
2015-09-14,00:00:00,66.5,67.8,66.5,67.8,702
2015-09-15,00:00:00,67.0,68.4,66.5,68.15,410
2015-09-16,00:00:00,66.5,66.5,66.5,66.5,1600
2015-09-18,00:00:00,66.09,66.7,66.09,66.65,195
2015-09-21,00:00:00,69.0,69.0,66.0,69.0,2096
2015-09-22,00:00:00,66.65,67.0,66.59,67.0,1405
2015-09-23,00:00:00,66.09,67.5,66.09,67.5,304
2015-09-24,00:00:00,66.5,68.4,66.5,67.25,990
2015-09-28,00:00:00,66.05,66.25,65.09,66.25,4
2015-09-30,00:00:00,64.2,69.5,64.2,68.25,2241
2015-10-01,00:00:00,66.25,66.8,66.2,66.7,807
2015-10-05,00:00:00,66.9,67.3,66.8,67.3,160
2015-10-06,00:00:00,67.0,69.7,67.0,69.7,563
2015-10-07,00:00:00,67.0,70.65,67.0,70.65,927
2015-10-09,00:00:00,67.55,72.0,67.55,68.5,597
2015-10-12,00:00:00,67.3,70.0,65.15,66.0,4842
2015-10-13,00:00:00,66.5,69.0,66.5,67.9,5575
2015-10-14,00:00:00,68.0,74.0,68.0,72.0,7036
2015-10-15,00:00:00,77.75,77.75,71.55,72.55,938
2015-10-16,00:00:00,72.55,74.4,70.05,70.8,1619
2015-10-19,00:00:00,70.15,70.15,70.15,70.15,221
2015-10-20,00:00:00,70.0,72.4,70.0,71.5,3835
2015-10-21,00:00:00,70.75,72.0,70.0,70.09,485
2015-10-23,00:00:00,72.95,74.09,71.15,71.84,3855
2015-10-26,00:00:00,74.0,75.5,74.0,75.0,10295
2015-10-27,00:00:00,75.0,76.45,74.0,74.0,1492
2015-10-28,00:00:00,75.0,75.0,72.65,75.0,2380
2015-10-29,00:00:00,75.0,75.5,74.05,74.09,5450
2015-10-30,00:00:00,74.15,76.5,74.09,74.84,4172
2015-11-02,00:00:00,75.8,78.95,72.05,72.34,2339
2015-11-03,00:00:00,75.0,75.0,72.75,74.0,1700
2015-11-04,00:00:00,74.0,74.0,69.3,71.15,16892
2015-11-05,00:00:00,71.0,71.0,70.0,70.55,767
2015-11-06,00:00:00,70.0,70.0,69.09,69.09,710
2015-11-09,00:00:00,72.95,72.95,70.0,70.15,1003
2015-11-10,00:00:00,72.95,72.95,69.09,69.25,1900
2015-11-11,00:00:00,69.05,70.9,69.05,70.09,7235
2015-11-13,00:00:00,70.0,71.0,69.0,69.2,1629
2015-11-16,00:00:00,71.0,71.0,68.0,68.0,4790
2015-11-17,00:00:00,69.9,72.0,68.55,71.4,805
2015-11-18,00:00:00,69.15,69.95,68.0,68.0,4606
2015-11-19,00:00:00,68.59,69.0,68.2,68.7,1521
2015-11-20,00:00:00,69.0,71.55,68.4,69.2,3974
2015-11-23,00:00:00,69.65,71.95,69.59,70.4,1927
2015-11-24,00:00:00,69.09,71.7,69.09,70.95,1268
2015-11-26,00:00:00,69.45,73.5,69.45,73.0,1092
2015-11-27,00:00:00,72.0,73.0,71.0,73.0,400
2015-11-30,00:00:00,72.2,74.0,71.0,72.59,1340
2015-12-01,00:00:00,72.25,73.75,71.4,72.4,4890
2015-12-02,00:00:00,72.3,73.84,72.09,72.7,5096
2015-12-03,00:00:00,72.59,74.9,72.59,73.25,2738
2015-12-04,00:00:00,73.15,73.15,72.8,73.0,826
2015-12-07,00:00:00,73.0,73.59,71.75,72.0,7311
2015-12-08,00:00:00,71.75,71.8,71.25,71.34,2803
2015-12-09,00:00:00,70.34,71.0,70.09,70.09,3467
2015-12-10,00:00:00,70.09,71.45,70.09,71.4,802
2015-12-11,00:00:00,72.0,72.0,70.55,70.55,703
2015-12-14,00:00:00,68.4,71.95,68.4,71.55,1754
2015-12-15,00:00:00,73.59,74.0,73.59,74.0,50
2015-12-16,00:00:00,71.05,72.75,71.05,72.75,224
2015-12-17,00:00:00,72.4,74.0,72.2,73.0,1099
2015-12-18,00:00:00,73.05,73.4,72.0,72.7,849
2015-12-21,00:00:00,74.0,76.4,72.2,76.0,3348
2015-12-22,00:00:00,74.05,76.5,74.05,75.65,6230
2015-12-23,00:00:00,78.75,79.9,75.45,76.2,3851
2015-12-24,00:00:00,73.55,78.84,73.55,78.4,1352
2015-12-28,00:00:00,79.8,81.8,78.15,80.09,5087
2015-12-29,00:00:00,80.9,81.0,79.0,79.75,6764
2015-12-30,00:00:00,81.8,81.8,78.5,79.09,2159
2015-12-31,00:00:00,81.9,81.9,79.0,79.0,600
2015-12-31,00:00:00,81.9,81.9,79.0,79.0,600
2016-01-01,00:00:00,78.0,80.85,78.0,79.25,1492
2016-01-04,00:00:00,79.0,79.0,77.5,77.5,526
2016-01-05,00:00:00,78.9,81.0,78.0,80.2,1454
2016-01-06,00:00:00,79.1,81.9,79.1,80.05,1013
2016-01-07,00:00:00,78.25,78.25,77.0,77.05,1799
2016-01-08,00:00:00,79.0,81.4,77.8,78.7,3463
2016-01-11,00:00:00,76.35,78.15,75.55,76.3,1167
2016-01-12,00:00:00,74.95,79.0,74.95,79.0,48
2016-01-13,00:00:00,79.95,79.95,72.6,72.8,5643
2016-01-14,00:00:00,72.8,75.0,71.8,74.0,5873
2016-01-15,00:00:00,72.3,72.3,72.3,72.3,125
2016-01-18,00:00:00,70.0,75.9,69.95,70.05,1337
2016-01-19,00:00:00,73.4,73.4,73.4,73.4,25
2016-01-20,10:00:00,70.25,70.25,66.0,66.75,2532
2016-01-21,00:00:00,67.0,67.0,65.65,66.1,2423
2016-01-22,00:00:00,69.9,69.9,66.6,67.95,354
2016-01-25,00:00:00,67.25,69.5,67.25,67.9,210
2016-01-27,00:00:00,71.8,71.8,67.05,67.4,640
2016-01-28,00:00:00,70.0,77.7,66.0,67.55,8100
2016-01-29,00:00:00,67.3,70.35,67.05,69.95,1276
2016-02-01,00:00:00,67.45,68.15,67.45,68.15,175
2016-02-02,00:00:00,68.15,68.15,68.05,68.1,880
2016-02-03,00:00:00,68.4,68.45,66.85,66.85,120
2016-02-04,00:00:00,63.6,68.6,62.1,68.6,820
2016-02-05,00:00:00,66.3,68.0,65.5,67.8,12961
2016-02-08,00:00:00,70.85,70.85,65.3,66.7,15454
2016-02-09,00:00:00,69.65,69.65,67.0,67.0,697
2016-02-10,00:00:00,64.8,67.9,64.5,64.5,806
2016-02-11,00:00:00,63.1,63.1,51.6,51.6,53840
2016-02-12,00:00:00,55.4,55.4,43.5,46.45,65994
2016-02-15,00:00:00,50.7,51.05,46.7,51.0,7427
2016-02-16,00:00:00,53.4,53.4,49.0,49.0,1732
2016-02-17,00:00:00,47.55,51.8,47.55,51.75,6149
2016-02-18,00:00:00,50.7,52.8,50.7,52.7,855
2016-02-19,00:00:00,54.0,54.0,52.3,52.3,250
2016-02-22,00:00:00,56.85,56.85,51.55,53.85,173
2016-02-23,00:00:00,55.8,55.8,51.5,52.75,630
2016-02-24,00:00:00,51.0,52.8,51.0,51.1,2736
2016-02-25,00:00:00,48.5,53.0,48.5,53.0,2005
2016-02-26,00:00:00,51.35,51.35,51.35,51.35,148
2016-02-29,00:00:00,48.6,53.65,48.6,53.55,2204
2016-03-01,00:00:00,55.8,56.5,54.0,54.4,4536
2016-03-02,00:00:00,54.5,56.95,53.35,54.9,1124
2016-03-03,00:00:00,53.5,57.5,52.25,54.55,2835
2016-03-04,00:00:00,55.9,56.05,55.5,55.5,2005
2016-03-08,00:00:00,56.25,58.2,56.25,57.9,971
2016-03-09,00:00:00,54.95,56.9,54.95,56.9,314
2016-03-11,00:00:00,55.5,56.2,55.5,56.2,30
2016-03-14,00:00:00,56.5,60.1,56.2,56.8,1236
2016-03-15,00:00:00,57.0,58.0,57.0,57.25,820
2016-03-16,00:00:00,56.0,57.0,56.0,56.9,229
2016-03-17,00:00:00,55.35,56.4,55.35,56.4,117
2016-03-18,00:00:00,57.0,57.0,57.0,57.0,400
2016-03-21,00:00:00,56.3,59.95,56.3,58.65,2439
2016-03-22,00:00:00,58.05,59.0,58.0,59.0,127
2016-03-23,00:00:00,58.05,59.6,58.0,58.85,2500
2016-03-28,00:00:00,58.6,59.5,58.1,58.1,1850
2016-03-29,00:00:00,57.0,57.5,54.4,55.7,3939
2016-03-30,00:00:00,55.4,58.75,55.4,57.25,2482
2016-03-31,00:00:00,56.2,58.3,56.2,58.3,2803
2016-04-01,00:00:00,58.8,58.8,58.0,58.0,300
2016-04-04,00:00:00,59.8,62.0,59.8,61.0,2564
2016-04-05,00:00:00,61.0,61.0,59.3,60.0,2050
2016-04-06,00:00:00,62.5,65.0,60.55,62.5,4100
2016-04-07,00:00:00,61.1,63.1,61.1,63.0,9032
2016-04-08,00:00:00,64.85,64.85,60.5,62.4,969
2016-04-11,00:00:00,64.25,64.25,63.55,63.85,1000
2016-04-12,00:00:00,63.3,65.9,63.3,65.0,6502
2016-04-13,00:00:00,68.45,68.45,65.0,67.35,3213
2016-04-18,00:00:00,73.7,73.7,65.6,66.1,4057
2016-04-20,00:00:00,67.9,67.9,65.05,67.0,1420
2016-04-21,00:00:00,68.8,68.8,66.0,66.0,749
2016-04-22,00:00:00,66.5,66.85,65.0,65.0,1008
2016-04-26,00:00:00,66.7,68.0,66.0,67.3,4376
2016-04-27,00:00:00,69.8,69.8,66.15,66.4,3520
2016-04-28,00:00:00,67.4,68.0,65.6,66.3,1080
2016-04-29,00:00:00,67.9,67.9,65.3,65.3,310
2016-05-02,00:00:00,67.8,67.95,66.0,66.5,5523
2016-05-03,00:00:00,66.0,66.1,66.0,66.1,235
2016-05-04,00:00:00,66.9,66.9,64.35,64.35,302
2016-05-05,00:00:00,65.05,65.2,64.0,64.25,5199
2016-05-06,00:00:00,64.5,65.0,63.25,64.45,2046
2016-05-09,00:00:00,64.1,65.5,64.05,64.1,1213
2016-05-10,00:00:00,64.5,65.0,64.15,64.15,2200
2016-05-11,00:00:00,64.1,64.9,64.0,64.4,1175
2016-05-12,00:00:00,65.0,67.5,64.7,67.0,2405
2016-05-13,00:00:00,66.5,67.95,66.5,67.0,1300
2016-05-16,00:00:00,66.25,68.85,66.25,68.2,2328
2016-05-17,00:00:00,68.1,69.0,68.1,68.3,2401
2016-05-18,00:00:00,65.1,71.0,65.1,69.5,2353
2016-05-19,00:00:00,70.4,70.95,68.25,68.35,2571
2016-05-20,00:00:00,67.45,68.0,67.1,67.3,4102
2016-05-23,00:00:00,67.0,69.0,67.0,68.55,2781
2016-05-24,00:00:00,66.35,67.0,65.25,66.55,763
2016-05-25,00:00:00,66.6,67.05,65.5,65.6,2089
2016-05-26,00:00:00,66.1,66.75,65.05,65.85,1230
2016-05-27,00:00:00,66.9,67.5,66.9,67.5,168
2016-05-30,00:00:00,64.25,66.15,64.25,66.0,243
2016-05-31,00:00:00,66.05,69.5,66.0,69.0,6178
2016-06-01,00:00:00,69.8,70.6,68.55,69.8,7599
2016-06-02,00:00:00,67.15,70.9,67.15,70.05,2616
2016-06-03,00:00:00,70.0,71.4,69.25,70.2,3352
2016-06-06,00:00:00,69.05,71.85,69.05,70.0,2497
2016-06-07,00:00:00,71.95,72.0,69.0,69.95,4664
2016-06-08,00:00:00,70.55,70.65,70.0,70.65,3115
2016-06-09,00:00:00,71.0,71.0,69.0,69.0,3551
2016-06-10,00:00:00,71.85,73.1,71.05,72.0,20976
2016-06-13,00:00:00,71.0,76.7,71.0,74.95,11543
2016-06-14,00:00:00,76.0,84.95,75.15,83.35,62812
2016-06-15,00:00:00,84.0,87.7,82.0,83.35,24952
2016-06-16,00:00:00,84.0,84.0,80.05,82.35,8596
2016-06-17,00:00:00,80.85,83.75,79.0,80.0,4682
2016-06-20,00:00:00,79.0,81.8,79.0,80.0,3400
2016-06-21,00:00:00,81.0,82.1,77.6,81.35,3733
2016-06-22,00:00:00,78.7,82.0,78.6,80.55,3390
2016-06-23,00:00:00,78.15,79.3,77.0,78.15,5262
2016-06-24,00:00:00,76.0,78.3,74.0,78.3,2967
2016-06-27,00:00:00,76.1,78.3,73.65,78.25,1232
2016-06-28,00:00:00,77.5,79.9,77.0,78.0,1512
2016-06-29,00:00:00,79.95,81.4,77.0,79.2,2898
2016-06-30,00:00:00,79.0,80.0,75.0,79.0,2988
2016-07-01,00:00:00,79.0,80.0,77.35,79.05,1753
2016-07-04,00:00:00,79.15,80.0,78.1,79.25,2647
2016-07-05,00:00:00,77.35,80.0,77.35,80.0,1729
2016-07-07,00:00:00,81.0,83.5,80.0,81.5,5231
2016-07-08,00:00:00,85.0,85.0,80.0,80.0,2919
2016-07-11,00:00:00,78.6,81.5,78.6,80.85,3003
2016-07-12,00:00:00,80.0,81.0,80.0,80.5,2039
2016-07-13,00:00:00,79.1,79.65,78.15,79.55,146
2016-07-14,00:00:00,79.1,79.1,78.05,78.35,977
2016-07-15,00:00:00,80.9,80.95,78.35,78.5,1255
2016-07-18,00:00:00,77.4,77.4,77.15,77.25,1146
2016-07-19,00:00:00,78.0,78.0,76.15,76.75,2060
2016-07-20,00:00:00,77.5,79.0,75.65,75.85,2658
2016-07-21,00:00:00,75.5,76.4,74.1,75.7,1152
2016-07-22,00:00:00,75.9,80.0,74.9,77.05,4414
2016-07-25,00:00:00,78.95,78.95,76.05,76.45,1460
2016-07-26,00:00:00,79.5,87.6,79.0,85.15,39037
2016-07-27,00:00:00,86.8,95.5,86.8,90.45,83634
2016-07-28,00:00:00,90.0,91.75,86.2,87.35,17993
2016-07-29,00:00:00,86.05,87.95,84.0,86.05,8076
2016-08-01,00:00:00,84.35,87.8,82.6,84.3,6509
2016-08-02,00:00:00,82.05,85.9,82.05,83.15,3192
2016-08-03,00:00:00,83.15,84.5,78.05,80.9,1987
2016-08-04,00:00:00,81.95,83.95,76.05,79.05,5311
2016-08-05,00:00:00,78.1,83.95,78.1,83.5,2007
2016-08-08,00:00:00,83.95,84.0,82.0,82.75,5642
2016-08-09,00:00:00,80.1,83.9,80.1,81.45,2554
2016-08-10,00:00:00,80.4,81.0,78.35,80.9,3391
2016-08-11,00:00:00,81.95,81.95,79.1,80.05,2899
2016-08-12,00:00:00,81.9,81.9,80.0,81.4,2684
2016-08-16,00:00:00,81.95,84.85,81.95,84.2,8357
2016-08-17,00:00:00,84.8,84.8,82.05,83.75,8722
2016-08-18,00:00:00,83.75,84.0,82.15,82.45,1625
2016-08-19,00:00:00,82.15,85.9,82.15,83.7,6102
2016-08-22,00:00:00,84.0,87.2,82.1,85.95,12290
2016-08-23,00:00:00,87.95,87.95,83.75,84.5,3380
2016-08-24,00:00:00,83.7,85.95,82.15,83.25,3576
2016-08-25,00:00:00,82.65,84.8,82.25,82.95,5947
2016-08-26,00:00:00,85.5,85.95,82.7,82.7,3262
2016-08-29,11:00:00,83.9,84.0,82.3,83.6,1476
2016-08-30,00:00:00,85.05,88.35,84.95,85.95,10545
2016-08-31,00:00:00,86.0,86.1,82.6,83.15,3366
2016-09-01,00:00:00,82.65,84.85,82.15,82.5,7358
2016-09-02,00:00:00,82.1,85.4,82.1,82.5,5349
2016-09-06,00:00:00,82.5,83.95,82.05,82.35,7051
2016-09-07,00:00:00,81.65,83.85,81.65,83.0,3620
2016-09-08,00:00:00,81.25,83.0,81.25,82.2,1976
2016-09-09,00:00:00,81.65,82.8,81.65,82.05,750
2016-09-12,00:00:00,80.5,83.0,80.5,81.5,4495
2016-09-14,00:00:00,81.6,82.8,81.1,82.5,1749
2016-09-15,00:00:00,81.95,83.0,81.25,82.0,3790
2016-09-16,00:00:00,83.4,83.9,81.5,81.75,8373
2016-09-19,00:00:00,81.25,83.35,81.15,82.3,1554
2016-09-20,00:00:00,83.8,83.8,81.55,82.7,3196
2016-09-21,00:00:00,83.0,83.95,82.4,83.0,2332
2016-09-22,00:00:00,83.95,84.9,82.75,83.05,770
2016-09-23,00:00:00,85.6,85.6,83.5,83.75,2416
2016-09-26,00:00:00,85.0,85.0,82.25,82.9,4395
2016-09-27,00:00:00,82.5,84.0,82.5,83.25,3141
2016-09-28,00:00:00,83.5,83.5,82.4,83.45,2055
2016-09-29,00:00:00,82.8,85.95,79.0,79.8,9241
2016-09-30,00:00:00,78.1,83.75,78.1,81.25,5393
2016-10-03,00:00:00,80.35,85.9,80.35,84.4,12095
2016-10-04,00:00:00,83.1,87.0,83.1,86.9,10507
2016-10-05,00:00:00,86.0,89.0,85.0,87.0,8654
2016-10-06,00:00:00,87.0,92.3,86.0,86.85,28479
2016-10-07,00:00:00,87.95,87.95,85.2,87.85,3242
2016-10-10,00:00:00,87.0,89.0,86.75,87.05,1204
2016-10-13,00:00:00,86.05,88.0,84.65,84.65,5200
2016-10-14,00:00:00,87.95,88.0,86.1,86.25,3515
2016-10-17,00:00:00,89.2,89.2,86.05,86.5,1560
2016-10-18,00:00:00,89.45,89.5,87.25,88.25,3293
2016-10-19,00:00:00,89.5,93.5,88.1,90.25,15363
2016-10-20,00:00:00,91.9,91.9,88.0,89.0,2891
2016-10-21,00:00:00,89.95,91.85,87.6,89.75,16006
2016-10-24,00:00:00,91.9,93.9,90.05,92.9,14974
2016-10-25,00:00:00,92.1,93.95,91.5,92.6,6392
2016-10-26,00:00:00,90.85,94.5,90.5,93.45,10760
2016-10-27,00:00:00,94.0,94.0,92.35,92.6,6879
2016-10-28,00:00:00,92.15,101.4,92.15,98.7,43146
2016-11-01,00:00:00,100.0,100.0,97.0,98.05,4557
2016-11-02,00:00:00,97.0,98.0,94.5,96.0,10007
2016-11-03,00:00:00,95.0,97.0,94.05,94.45,3981
2016-11-04,00:00:00,93.75,93.75,90.05,91.0,12628
2016-11-07,00:00:00,91.0,92.9,88.8,92.45,2186
2016-11-08,00:00:00,91.0,93.0,89.75,90.5,509
2016-11-09,00:00:00,86.5,88.0,82.25,87.6,4875
2016-11-10,00:00:00,87.0,93.0,87.0,90.55,4633
2016-11-11,00:00:00,87.5,93.4,82.05,87.6,1208
2016-11-15,00:00:00,89.05,90.8,86.55,87.0,5539
2016-11-16,00:00:00,90.0,90.0,87.5,88.45,1955
2016-11-17,00:00:00,87.0,88.95,86.1,86.55,2195
2016-11-18,00:00:00,86.0,87.5,85.0,85.05,2316
2016-11-21,00:00:00,88.5,91.6,82.0,82.1,3441
2016-11-22,00:00:00,82.25,82.25,81.0,82.0,1967
2016-11-23,00:00:00,82.0,84.6,82.0,84.55,1145
2016-11-24,00:00:00,83.5,86.0,82.05,85.95,2467
2016-11-25,00:00:00,86.85,87.0,85.5,86.65,3415
2016-11-28,00:00:00,88.0,91.9,87.05,87.45,2174
2016-11-29,00:00:00,89.95,89.95,86.2,86.35,5236
2016-11-30,00:00:00,86.75,88.9,85.85,86.0,7002
2016-12-01,00:00:00,89.4,89.4,84.15,85.4,1288
2016-12-02,00:00:00,86.0,89.0,86.0,87.75,18002
2016-12-05,00:00:00,88.0,89.0,86.0,87.9,2182
2016-12-06,00:00:00,88.0,89.9,86.35,86.35,3790
2016-12-07,00:00:00,88.4,88.4,86.5,86.75,1400
2016-12-08,00:00:00,91.9,91.9,87.0,89.65,1211
2016-12-09,00:00:00,89.9,89.9,88.7,88.95,2315
2016-12-12,00:00:00,87.5,90.0,87.5,87.75,1491
2016-12-13,00:00:00,91.3,103.3,91.3,99.95,114422
2016-12-14,00:00:00,99.0,99.95,94.3,96.05,23505
2016-12-15,00:00:00,95.0,97.8,94.1,94.55,4255
2016-12-16,00:00:00,94.8,95.15,92.0,92.5,3259
2016-12-19,00:00:00,92.0,94.85,90.1,92.4,2187
2016-12-20,00:00:00,94.0,94.8,90.05,93.15,8923
2016-12-21,00:00:00,90.2,92.9,90.2,91.85,1937
2016-12-22,00:00:00,92.4,92.4,88.15,88.95,1709
2016-12-23,00:00:00,91.6,94.95,88.2,90.55,4748
2016-12-26,00:00:00,93.9,93.9,87.5,88.05,1079
2016-12-27,00:00:00,86.6,89.95,86.0,89.45,3651
2016-12-28,00:00:00,92.8,93.7,90.15,91.4,6922
2016-12-29,00:00:00,91.5,92.1,91.0,91.55,1181
2016-12-30,00:00:00,92.9,93.0,91.5,92.0,1484
2017-01-02,00:00:00,91.1,93.0,91.1,93.0,100
2017-01-03,00:00:00,92.6,93.4,92.35,92.9,1737
2017-01-04,00:00:00,91.7,93.4,91.55,92.95,5362
2017-01-05,00:00:00,92.6,95.0,92.25,93.6,5606
2017-01-06,00:00:00,93.0,93.9,93.0,93.05,595
2017-01-09,00:00:00,95.0,95.5,92.05,93.6,1200
2017-01-10,00:00:00,90.6,97.9,90.6,94.45,3802
2017-01-11,00:00:00,97.7,97.7,94.05,94.35,1690
2017-01-12,00:00:00,94.5,95.1,94.4,94.75,1764
2017-01-13,00:00:00,95.0,96.0,94.5,94.85,643
2017-01-16,00:00:00,92.0,97.5,92.0,96.4,5981
2017-01-17,00:00:00,98.0,98.0,95.05,97.0,1228
2017-01-18,00:00:00,97.0,100.0,96.4,97.95,9339
2017-01-19,00:00:00,97.55,98.45,97.3,98.0,6645
2017-01-20,00:00:00,99.0,99.0,96.1,97.3,1000
2017-01-23,00:00:00,96.1,101.95,96.05,99.7,6520
2017-01-24,00:00:00,100.0,100.0,98.15,98.5,3447
2017-01-25,00:00:00,99.0,100.0,98.75,99.0,5458
2017-01-27,00:00:00,98.5,104.2,98.5,100.9,12824
2017-01-30,00:00:00,98.6,101.0,98.2,98.65,2914
2017-01-31,00:00:00,99.9,99.9,97.0,98.0,11558
2017-02-01,00:00:00,99.95,103.0,97.0,100.0,10671
2017-02-02,00:00:00,101.95,103.0,100.05,100.85,3776
2017-02-03,00:00:00,100.25,102.95,100.25,101.1,9540
2017-02-06,00:00:00,103.0,103.5,102.0,102.7,3768
2017-02-07,00:00:00,103.0,104.9,101.3,102.7,18676
2017-02-08,00:00:00,104.9,105.0,103.0,103.25,9111
2017-02-09,00:00:00,102.15,103.8,102.05,103.4,5500
2017-02-10,00:00:00,102.1,104.0,102.1,103.65,3101
2017-02-13,00:00:00,104.0,105.0,103.05,103.5,5879
2017-02-14,00:00:00,102.1,104.45,100.05,103.0,10044
2017-02-15,00:00:00,102.5,102.5,97.0,98.55,16513
2017-02-16,00:00:00,98.0,101.0,98.0,101.0,5468
2017-02-17,00:00:00,101.95,101.95,98.4,101.1,1686
2017-02-20,00:00:00,101.0,101.95,100.1,101.5,2064
2017-02-21,00:00:00,103.95,104.9,100.25,102.0,3522
2017-02-22,00:00:00,103.95,103.95,101.05,102.2,6740
2017-02-23,00:00:00,102.5,102.9,101.5,102.45,1925
2017-02-27,00:00:00,101.7,103.95,101.25,102.5,11644
2017-02-28,00:00:00,102.0,103.0,101.1,102.15,3133
2017-03-01,00:00:00,102.0,103.0,102.0,102.5,2051
2017-03-02,00:00:00,101.5,103.0,101.5,102.4,6220
2017-03-03,00:00:00,99.75,102.5,99.7,101.9,392
2017-03-06,00:00:00,102.0,103.0,101.8,101.9,4077
2017-03-07,00:00:00,101.15,102.0,101.15,101.5,8725
2017-03-08,00:00:00,102.9,103.0,100.1,101.55,6374
2017-03-09,00:00:00,100.0,100.85,99.1,99.75,1688
2017-03-10,00:00:00,99.9,100.0,98.2,99.95,2051
2017-03-14,00:00:00,101.0,103.0,99.4,100.25,5033
2017-03-15,00:00:00,100.0,101.9,99.0,101.25,4291
2017-03-16,00:00:00,101.0,102.0,100.0,101.6,2408
2017-03-17,00:00:00,101.5,102.0,100.15,101.0,1824
2017-03-20,00:00:00,100.5,102.0,100.05,101.85,3127
2017-03-21,00:00:00,102.0,102.5,101.0,102.45,6503
2017-03-22,00:00:00,101.0,102.9,101.0,101.35,1461
2017-03-23,00:00:00,101.0,102.5,100.0,101.35,4400
2017-03-24,00:00:00,101.75,102.5,101.0,101.55,5379
2017-03-27,00:00:00,102.6,102.6,100.6,100.8,1302
2017-03-28,00:00:00,101.0,101.45,100.6,101.05,20107
2017-03-29,00:00:00,101.5,101.95,100.2,101.1,9621
2017-03-30,00:00:00,101.0,101.9,100.1,100.85,888
2017-03-31,00:00:00,101.5,103.4,100.6,100.75,18396
2017-04-03,00:00:00,101.8,103.95,100.5,103.5,31965
2017-04-05,00:00:00,103.25,104.9,103.0,104.2,26184
2017-04-06,00:00:00,105.0,105.5,103.25,103.95,21290
2017-04-07,00:00:00,102.35,104.9,102.35,104.1,3092
2017-04-10,00:00:00,105.9,105.9,102.1,103.2,18933
2017-04-11,00:00:00,104.95,105.8,104.15,105.0,2305
2017-04-12,00:00:00,104.6,105.0,103.6,104.95,1789
2017-04-13,00:00:00,105.7,105.9,102.6,103.6,13074
2017-04-17,00:00:00,105.4,105.4,104.0,104.9,4061
2017-04-18,00:00:00,105.95,107.95,104.1,104.6,6527
2017-04-19,00:00:00,104.9,105.5,104.1,104.8,2995
2017-04-20,00:00:00,104.1,110.0,104.05,109.5,19804
2017-04-21,00:00:00,109.0,111.8,109.0,109.7,10076
2017-04-24,00:00:00,109.7,112.95,109.7,111.7,3305
2017-04-25,00:00:00,111.5,113.95,110.6,111.95,8058
2017-04-26,00:00:00,113.9,113.9,111.0,112.05,7658
2017-04-27,00:00:00,112.0,112.0,110.05,110.1,3862
2017-04-28,00:00:00,111.95,111.95,108.5,109.5,7021
2017-05-02,00:00:00,110.5,110.5,108.5,109.0,1452
2017-05-03,00:00:00,109.0,110.9,108.1,108.75,2798
2017-05-04,00:00:00,108.35,109.9,108.35,109.75,2198
2017-05-05,00:00:00,109.75,109.75,106.15,106.95,2294
2017-05-08,00:00:00,108.1,108.45,107.0,107.0,1023
2017-05-09,00:00:00,107.6,109.7,106.05,107.5,7923
2017-05-10,00:00:00,107.05,110.0,107.05,109.75,8451
2017-05-11,00:00:00,108.75,111.45,108.65,108.8,4814
2017-05-12,00:00:00,108.05,108.05,107.0,107.3,1066
2017-05-15,00:00:00,107.2,108.0,107.2,107.35,6928
2017-05-16,00:00:00,107.2,108.95,107.15,108.45,2560
2017-05-17,00:00:00,108.5,112.0,108.5,111.0,4747
2017-05-18,00:00:00,110.05,111.25,110.05,110.1,1605
2017-05-19,00:00:00,109.0,109.6,106.25,106.5,8245
2017-05-22,00:00:00,107.0,109.0,104.5,106.1,2735
2017-05-23,00:00:00,106.0,106.0,104.05,104.1,1098
2017-05-24,00:00:00,102.1,105.95,101.1,102.2,1731
2017-05-25,00:00:00,102.0,109.0,100.25,108.05,8303
2017-05-26,10:00:00,106.05,109.0,105.5,108.7,3156
2017-05-29,00:00:00,109.95,109.95,106.5,107.45,2445
2017-05-30,00:00:00,106.1,109.95,106.1,109.5,5909
2017-05-31,00:00:00,111.95,115.95,110.05,113.6,12581
2017-06-01,00:00:00,113.6,115.0,110.05,112.4,5433
2017-06-02,00:00:00,110.3,113.8,110.3,111.85,2790
2017-06-05,00:00:00,113.4,113.4,110.4,110.4,3307
2017-06-06,00:00:00,110.4,111.95,109.0,109.05,3277
2017-06-07,00:00:00,110.0,111.0,108.2,108.7,5245
2017-06-08,00:00:00,111.95,111.95,108.05,108.1,4540
2017-06-09,00:00:00,109.0,109.95,109.0,109.25,332
2017-06-12,00:00:00,109.8,109.95,108.5,109.8,1000
2017-06-13,00:00:00,108.05,113.0,108.05,110.4,7514
2017-06-14,00:00:00,110.1,112.0,110.05,110.2,3907
2017-06-15,00:00:00,113.7,113.7,110.05,112.0,8061
2017-06-16,00:00:00,112.5,112.9,110.95,112.4,5242
2017-06-19,00:00:00,111.05,112.0,110.75,111.95,3698
2017-06-20,00:00:00,111.2,112.0,110.05,110.7,5546
2017-06-21,00:00:00,109.3,111.95,109.3,111.85,4034
2017-06-22,00:00:00,110.25,112.8,110.25,111.2,1138
2017-06-23,00:00:00,114.8,114.8,109.1,110.4,7090
2017-06-27,00:00:00,111.95,111.95,106.6,107.2,10150
2017-06-28,00:00:00,107.0,107.3,106.05,106.7,6192
2017-06-29,00:00:00,107.9,109.0,106.55,107.8,856
2017-06-30,00:00:00,108.5,109.0,107.25,108.4,1326
2017-07-03,00:00:00,106.6,109.95,106.5,106.6,2327
2017-07-04,00:00:00,106.25,109.0,106.25,108.3,3309
2017-07-05,00:00:00,109.0,111.0,108.5,109.3,14998
2017-07-06,00:00:00,109.25,111.0,109.25,110.9,3900
2017-07-07,00:00:00,111.5,111.9,109.15,111.05,4322
2017-07-10,00:00:00,111.0,113.0,111.0,111.5,824
2017-07-11,00:00:00,111.0,113.0,111.0,112.7,3177
2017-07-12,00:00:00,113.0,118.5,112.45,117.9,30787
2017-07-13,00:00:00,119.8,129.4,119.8,125.2,146416
2017-07-14,00:00:00,126.05,128.5,123.5,124.55,56236
2017-07-17,00:00:00,123.55,125.0,122.5,122.6,10303
2017-07-18,00:00:00,124.4,124.4,120.1,122.05,5331
2017-07-19,00:00:00,120.75,122.1,120.05,120.4,5434
2017-07-20,00:00:00,121.0,121.95,117.8,118.95,11038
2017-07-21,00:00:00,117.05,119.95,116.9,117.7,4758
2017-07-24,00:00:00,117.0,119.95,116.5,118.1,4363
2017-07-25,00:00:00,119.0,119.95,118.15,118.8,3672
2017-07-26,00:00:00,119.0,119.95,117.75,118.25,2277
2017-07-27,00:00:00,116.2,118.3,114.05,116.6,3123
2017-07-28,00:00:00,117.0,117.0,114.05,115.15,2843
2017-07-31,00:00:00,114.05,117.9,114.05,117.3,6978
2017-08-01,00:00:00,117.4,117.4,113.95,114.0,9883
2017-08-02,00:00:00,113.05,115.25,113.0,114.45,1045
2017-08-03,00:00:00,114.85,114.85,112.05,112.2,1854
2017-08-04,00:00:00,110.05,113.7,110.05,112.4,2189
2017-08-07,00:00:00,110.3,112.9,110.3,111.0,3140
2017-08-08,00:00:00,110.05,111.95,108.05,108.2,3867
2017-08-09,00:00:00,108.05,111.7,108.05,108.45,2788
2017-08-10,00:00:00,108.1,109.85,104.1,104.95,4186
2017-08-11,00:00:00,104.05,107.1,104.05,106.15,6693
2017-08-14,00:00:00,107.95,110.65,106.2,108.55,7672
2017-08-16,00:00:00,108.05,111.2,108.0,109.05,9312
2017-08-17,00:00:00,109.95,117.8,109.1,115.65,6391
2017-08-18,00:00:00,112.6,115.95,112.25,113.8,2556
2017-08-21,00:00:00,112.05,112.65,108.1,110.0,4024
2017-08-22,00:00:00,111.9,111.9,108.0,108.0,4059
2017-08-23,00:00:00,109.0,109.0,107.5,108.2,3784
2017-08-24,00:00:00,106.75,109.95,106.75,109.9,2801
2017-08-28,00:00:00,111.95,116.5,111.95,115.3,21163
2017-08-29,00:00:00,114.05,115.95,110.05,112.35,7566
2017-08-30,00:00:00,113.9,114.85,112.15,112.2,8547
2017-08-31,00:00:00,112.25,113.45,112.25,113.0,3757
2017-09-01,00:00:00,112.05,121.9,110.0,118.8,63735
2017-09-04,00:00:00,124.95,129.05,122.9,126.4,179589
2017-09-05,00:00:00,127.6,136.0,126.5,134.6,154816
2017-09-06,00:00:00,134.4,134.4,130.2,131.5,32021
2017-09-07,00:00:00,133.95,133.95,126.8,129.15,20040
2017-09-08,00:00:00,128.15,130.7,113.7,126.05,26906
2017-09-11,00:00:00,124.25,127.95,124.0,124.8,11038
2017-09-12,00:00:00,124.8,126.5,122.25,125.45,8860
2017-09-13,00:00:00,125.6,127.95,123.65,124.95,5919
2017-09-14,00:00:00,125.15,125.9,122.8,124.8,6969
2017-09-15,00:00:00,125.85,127.0,122.5,124.75,7535
2017-09-18,00:00:00,122.6,126.35,122.6,124.4,10702
2017-09-19,00:00:00,122.5,124.95,122.0,124.0,6079
2017-09-20,00:00:00,124.95,134.9,124.95,133.7,54499
2017-09-21,00:00:00,142.9,142.9,130.65,138.0,44770
2017-09-22,00:00:00,135.2,138.2,130.1,131.25,19351
2017-09-25,00:00:00,127.0,134.15,123.8,124.75,18803
2017-09-26,00:00:00,124.9,128.45,121.0,123.1,17215
2017-09-27,00:00:00,123.25,123.25,115.25,116.6,24600
2017-09-28,00:00:00,117.05,121.0,117.0,118.6,7371
2017-09-29,00:00:00,118.8,122.5,118.0,119.7,4092
2017-10-03,00:00:00,117.05,121.5,117.0,120.05,4247
2017-10-04,00:00:00,120.1,122.95,119.1,121.45,7296
2017-10-05,00:00:00,121.0,123.95,120.25,121.8,2944
2017-10-06,00:00:00,122.0,131.5,122.0,124.55,4382
2017-10-09,00:00:00,124.55,127.55,124.5,125.35,3215
2017-10-10,00:00:00,130.0,130.0,122.95,127.35,21586
2017-10-11,00:00:00,132.35,132.5,125.0,125.7,6275
2017-10-12,00:00:00,124.65,127.45,124.6,126.05,3300
2017-10-13,00:00:00,125.2,134.9,125.2,133.5,39302
2017-10-16,00:00:00,138.9,138.9,130.25,131.85,14977
2017-10-17,00:00:00,132.0,132.05,130.2,130.55,2028
2017-10-18,00:00:00,132.0,135.8,131.6,133.25,19125
2017-10-23,00:00:00,138.7,138.7,125.8,132.85,8636
2017-10-24,00:00:00,132.0,136.75,131.4,135.55,17296
2017-10-25,00:00:00,135.05,145.0,133.0,137.4,23360
2017-10-26,00:00:00,135.0,138.0,125.1,133.9,14832
2017-10-27,00:00:00,134.9,136.9,132.2,132.65,6084
2017-10-30,00:00:00,132.45,137.9,132.45,135.0,7481
2017-10-31,00:00:00,137.45,137.5,132.65,133.6,5046
2017-11-01,00:00:00,138.3,138.3,133.1,135.85,15992
2017-11-02,00:00:00,139.9,139.9,133.2,137.75,15248
2017-11-03,00:00:00,138.05,139.9,135.0,135.8,6056
2017-11-06,00:00:00,137.0,146.75,135.15,144.95,54430
2017-11-07,00:00:00,149.0,153.5,140.65,143.4,139266
2017-11-08,00:00:00,144.1,147.6,137.4,140.0,10161
2017-11-09,00:00:00,143.0,145.0,138.0,139.15,9817
2017-11-10,00:00:00,138.05,145.4,137.05,143.6,19097
2017-11-13,00:00:00,145.4,151.0,145.4,148.55,31939
2017-11-14,00:00:00,151.9,151.95,144.05,144.2,16552
2017-11-15,00:00:00,151.95,170.0,142.0,160.1,294617
2017-11-16,00:00:00,162.0,164.9,152.25,154.5,61391
2017-11-17,00:00:00,154.6,159.45,153.25,154.85,18520
2017-11-20,00:00:00,153.6,155.1,148.0,150.75,16898
2017-11-21,00:00:00,151.5,159.9,151.15,154.05,16213
2017-11-22,00:00:00,152.05,155.95,151.1,152.3,8561
2017-11-23,00:00:00,151.2,158.35,151.2,154.45,9592
2017-11-24,00:00:00,150.95,155.85,150.25,152.1,7045
2017-11-27,00:00:00,152.1,155.5,152.1,153.4,4947
2017-11-28,00:00:00,155.0,155.4,151.25,152.0,5839
2017-11-29,00:00:00,158.0,158.0,151.65,152.75,7031
2017-11-30,00:00:00,151.1,154.45,150.0,151.25,3213
2017-12-01,00:00:00,152.15,153.9,147.25,149.35,10028
2017-12-04,00:00:00,148.8,150.0,146.95,148.0,8155
2017-12-05,00:00:00,151.0,151.0,141.95,147.0,3837
2017-12-06,00:00:00,145.05,149.5,145.0,147.45,3369
2017-12-07,00:00:00,147.5,152.3,145.5,150.6,3355
2017-12-08,00:00:00,148.55,159.0,148.55,153.2,7763
2017-12-11,00:00:00,157.0,157.0,151.2,152.85,3515
2017-12-12,00:00:00,149.05,155.35,148.3,149.2,3812
2017-12-13,00:00:00,145.65,149.95,145.65,147.15,2139
2017-12-14,00:00:00,145.65,146.55,142.25,144.1,6717
2017-12-15,00:00:00,143.0,146.7,142.25,144.55,5007
2017-12-18,00:00:00,148.95,148.95,142.5,144.8,6839
2017-12-19,00:00:00,143.8,148.95,143.8,145.4,13640
2017-12-20,00:00:00,145.6,148.6,144.25,145.45,4288
2017-12-21,00:00:00,146.05,152.0,146.05,148.95,10845
2017-12-22,00:00:00,151.9,158.0,149.0,154.45,33962
2017-12-26,00:00:00,161.4,185.3,158.2,185.3,253538
2017-12-27,00:00:00,200.0,222.35,195.0,220.3,1077779
2017-12-28,00:00:00,222.0,225.5,198.35,200.55,334031
2017-12-29,00:00:00,200.05,210.0,191.0,193.45,61087
2018-01-01,00:00:00,193.0,210.0,193.0,202.3,84282
2018-01-02,00:00:00,205.2,207.4,191.1,194.55,49126
2018-01-03,00:00:00,203.7,207.0,190.9,203.7,54965
2018-01-04,00:00:00,207.9,208.9,195.4,198.05,28763
2018-01-05,00:00:00,196.15,202.95,195.0,195.85,23148
2018-01-08,00:00:00,199.95,200.8,193.4,195.25,10103
2018-01-09,00:00:00,196.0,207.8,191.5,194.35,33422
2018-01-10,00:00:00,193.5,196.8,193.0,193.65,20447
2018-01-11,00:00:00,193.05,195.9,192.2,193.85,10632
2018-01-12,00:00:00,195.0,204.5,191.5,201.4,66652
2018-01-15,00:00:00,204.5,209.1,200.0,201.05,24214
2018-01-16,00:00:00,202.0,204.0,192.05,193.05,16221
2018-01-17,00:00:00,198.0,200.0,190.1,198.3,12812
2018-01-18,00:00:00,199.5,204.0,192.0,193.75,25958
2018-01-19,00:00:00,196.8,196.8,191.3,193.7,7876
2018-01-22,00:00:00,195.0,196.8,190.1,191.4,16924
2018-01-23,00:00:00,194.95,196.0,190.0,190.95,13925
2018-01-24,00:00:00,195.85,195.85,185.0,192.55,27142
2018-01-25,00:00:00,190.0,197.0,185.7,190.65,23469
2018-01-29,00:00:00,194.85,194.9,184.0,184.8,7682
2018-01-30,00:00:00,180.35,189.0,166.5,170.5,35042
2018-01-31,00:00:00,170.25,176.9,170.25,173.95,11453
2018-02-01,00:00:00,173.95,181.45,165.65,172.2,7862
2018-02-02,00:00:00,169.9,175.0,157.5,161.0,13147
2018-02-05,00:00:00,152.0,159.9,150.1,156.7,16463
2018-02-06,00:00:00,141.25,151.9,141.25,149.3,15790
2018-02-07,00:00:00,147.9,163.5,147.9,161.3,5738
2018-02-08,00:00:00,166.7,167.9,160.0,164.1,9097
2018-02-09,00:00:00,161.0,166.45,160.1,162.2,7210
2018-02-12,00:00:00,157.1,162.9,152.35,161.4,23151
2018-02-14,00:00:00,161.4,166.8,160.1,160.95,7062
2018-02-15,00:00:00,161.55,164.75,152.25,154.15,8875
2018-02-16,00:00:00,152.6,157.6,148.0,149.25,9935
2018-02-19,00:00:00,148.0,152.9,144.0,145.2,10106
2018-02-20,00:00:00,150.0,152.9,145.1,148.7,4846
2018-02-21,00:00:00,151.0,151.0,145.0,146.3,2638
2018-02-22,00:00:00,146.3,148.0,137.5,142.95,8281
2018-02-23,00:00:00,147.9,151.0,142.7,146.7,2763
2018-02-26,00:00:00,149.9,152.0,149.0,150.4,5227
2018-02-27,00:00:00,150.95,151.0,147.7,149.4,6175
2018-02-28,00:00:00,149.8,149.8,145.7,147.0,3021
2018-03-01,00:00:00,148.75,148.75,143.0,144.75,12783
2018-03-05,00:00:00,144.4,146.0,137.4,140.25,1698
2018-03-06,00:00:00,134.1,143.0,134.1,135.95,8010
2018-03-07,00:00:00,135.0,136.9,126.2,132.15,12559
2018-03-08,00:00:00,134.6,135.0,127.0,133.7,6284
2018-03-09,00:00:00,134.85,134.85,127.2,128.55,8413
2018-03-12,00:00:00,129.05,134.4,126.5,127.25,7373
2018-03-13,00:00:00,125.5,133.9,125.5,132.15,5811
2018-03-14,00:00:00,135.0,136.4,130.25,132.55,2987
2018-03-15,00:00:00,131.0,139.5,130.25,137.95,8595
2018-03-16,00:00:00,137.25,139.65,132.25,133.8,5358
2018-03-19,00:00:00,135.6,137.75,130.55,133.4,5445
2018-03-20,00:00:00,137.5,137.5,129.55,131.35,8090
2018-03-21,00:00:00,131.5,133.0,128.8,130.0,4529
2018-03-22,00:00:00,130.0,133.7,124.2,126.55,5043
2018-03-23,00:00:00,126.55,128.8,121.15,124.0,6570
2018-03-26,00:00:00,127.0,129.0,122.05,122.9,16768
2018-03-27,00:00:00,123.65,124.75,122.3,122.9,8245
2018-03-28,00:00:00,123.0,126.0,122.3,123.65,3671
2018-04-02,00:00:00,127.85,132.5,124.1,128.8,8819
2018-04-03,00:00:00,131.95,139.0,127.1,134.5,4192
2018-04-04,00:00:00,139.0,139.0,132.1,133.75,3348
2018-04-05,00:00:00,139.0,142.0,137.3,138.1,4404
2018-04-06,00:00:00,137.05,141.5,137.05,139.8,3286
2018-04-09,00:00:00,138.0,143.7,138.0,142.2,1961
2018-04-10,00:00:00,143.0,149.9,141.5,141.8,6869
2018-04-11,00:00:00,141.6,145.4,137.75,139.0,3521
2018-04-12,00:00:00,137.5,142.5,136.0,138.15,6278
2018-04-13,00:00:00,139.7,141.6,137.2,137.9,1272
2018-04-16,00:00:00,138.0,140.0,134.25,136.65,3515
2018-04-17,00:00:00,135.5,137.85,135.35,136.7,7808
2018-04-18,00:00:00,136.55,143.65,136.2,139.85,3717
2018-04-19,00:00:00,137.4,142.65,137.25,139.25,3500
2018-04-20,00:00:00,139.95,141.5,138.0,138.05,5869
2018-04-23,00:00:00,142.9,142.9,138.7,139.95,4323
2018-04-24,00:00:00,139.05,142.0,139.0,140.1,7454
2018-04-25,00:00:00,138.0,141.9,132.2,139.6,4114
2018-04-26,00:00:00,138.1,138.8,134.05,135.35,10314
2018-04-27,00:00:00,135.55,139.95,132.5,134.05,3448
2018-04-30,00:00:00,135.0,139.0,135.0,135.5,1938
2018-05-02,00:00:00,136.15,139.5,132.1,132.65,2443
2018-05-03,00:00:00,131.15,134.75,124.1,127.1,19233
2018-05-04,00:00:00,129.9,130.0,123.3,127.0,8293
2018-05-07,00:00:00,126.35,129.85,126.05,128.2,2376
2018-05-08,00:00:00,128.5,131.8,125.5,125.6,9204
2018-05-09,00:00:00,125.2,127.95,125.15,127.0,668
2018-05-10,00:00:00,127.0,127.9,125.0,126.45,1727
2018-05-11,00:00:00,125.0,126.0,119.0,123.35,21273
2018-05-14,00:00:00,123.35,125.85,120.1,124.7,8096
2018-05-15,00:00:00,125.1,125.9,120.25,120.4,2166
2018-05-16,00:00:00,120.2,122.9,118.05,119.5,1924
2018-05-17,00:00:00,121.9,121.9,119.0,120.9,1969
2018-05-18,00:00:00,118.65,119.95,115.0,118.95,5147
2018-05-21,00:00:00,118.95,119.9,114.1,115.55,1988
2018-05-22,00:00:00,114.1,116.5,114.0,115.3,7743
2018-05-23,00:00:00,114.55,117.9,114.55,117.4,3473
2018-05-24,00:00:00,116.15,119.9,115.4,118.0,3331
2018-05-25,00:00:00,116.15,119.75,116.15,118.6,362
2018-05-28,00:00:00,117.8,124.05,117.75,123.75,10479
2018-05-29,00:00:00,122.25,125.9,122.15,124.15,7596
2018-05-30,00:00:00,125.95,126.6,124.5,125.05,1701
2018-05-31,00:00:00,127.0,129.95,126.3,126.35,2949
2018-06-01,00:00:00,126.05,126.45,122.3,123.25,9440
2018-06-04,00:00:00,122.35,123.0,122.35,122.35,771
2018-06-05,00:00:00,122.25,122.5,114.2,115.2,6109
2018-06-06,00:00:00,114.5,118.0,114.05,116.0,2575
2018-06-07,00:00:00,116.2,121.95,116.0,120.35,8009
2018-06-08,00:00:00,121.95,124.0,120.05,123.05,3465
2018-06-11,00:00:00,125.95,132.0,125.25,125.45,11303
2018-06-12,00:00:00,124.4,126.45,122.2,122.8,6865
2018-06-13,00:00:00,123.4,125.8,123.4,124.1,1648
2018-06-14,00:00:00,123.55,124.05,122.15,122.6,2255
2018-06-15,00:00:00,122.1,126.0,122.05,122.4,2356
2018-06-18,00:00:00,121.05,122.8,120.3,120.4,1133
2018-06-19,00:00:00,122.0,122.0,118.05,118.1,1846
2018-06-20,00:00:00,119.55,119.55,116.8,117.35,1831
2018-06-21,00:00:00,118.65,118.65,116.6,117.35,3070
2018-06-22,00:00:00,116.35,117.7,115.5,116.0,2459
2018-06-25,00:00:00,116.15,118.75,116.1,117.5,674
2018-06-26,00:00:00,116.25,116.3,116.2,116.2,774
2018-06-27,00:00:00,116.1,116.8,110.25,111.1,3150
2018-06-28,00:00:00,113.4,113.95,108.3,108.35,1671
2018-06-29,00:00:00,111.05,116.95,110.1,110.55,6245
2018-07-02,00:00:00,111.0,111.0,105.1,107.5,3823
2018-07-03,00:00:00,107.15,107.75,106.15,106.75,789
2018-07-04,00:00:00,109.0,111.95,106.55,108.95,5091
2018-07-05,00:00:00,108.05,108.9,106.5,106.9,986
2018-07-06,00:00:00,106.6,113.9,106.6,110.1,3251
2018-07-09,00:00:00,111.9,112.1,110.0,111.9,5590
2018-07-10,00:00:00,110.1,113.75,108.65,112.7,2930
2018-07-11,00:00:00,111.65,113.25,111.1,111.4,3830
2018-07-12,00:00:00,113.0,113.75,111.25,112.55,1661
2018-07-13,00:00:00,113.0,113.0,110.75,110.95,2468
2018-07-16,00:00:00,110.15,110.15,106.5,106.7,11887
2018-07-17,00:00:00,107.0,109.0,106.7,108.05,1227
2018-07-18,00:00:00,107.4,109.95,106.7,106.7,1919
2018-07-19,00:00:00,106.7,107.0,106.0,106.1,1443
2018-07-20,00:00:00,106.95,107.0,104.0,104.3,3236
2018-07-23,00:00:00,104.0,107.95,103.0,105.85,1779
2018-07-24,00:00:00,107.8,115.0,106.05,110.2,3076
2018-07-25,00:00:00,110.3,112.45,110.15,112.05,876
2018-07-26,00:00:00,110.55,113.9,110.55,112.15,1805
2018-07-27,00:00:00,111.25,113.7,111.25,112.55,1608
2018-07-30,00:00:00,113.9,113.95,110.25,112.85,1891
2018-07-31,00:00:00,111.5,113.75,111.35,111.7,5626
2018-08-01,00:00:00,112.05,113.95,111.55,112.8,1223
2018-08-02,00:00:00,110.3,126.95,110.3,120.5,23829
2018-08-03,00:00:00,121.0,123.75,118.5,122.2,13367
2018-08-06,00:00:00,122.2,123.95,121.15,121.9,4688
2018-08-07,00:00:00,124.0,124.0,120.0,120.2,4962
2018-08-08,00:00:00,122.0,122.6,119.6,120.4,2472
2018-08-09,00:00:00,118.1,128.0,118.1,125.9,28345
2018-08-10,00:00:00,125.9,132.25,120.9,129.3,39486
2018-08-13,00:00:00,131.85,131.85,123.25,124.9,48514
2018-08-14,00:00:00,124.25,124.75,120.8,123.6,8696
2018-08-16,00:00:00,124.55,124.55,121.0,123.95,5104
2018-08-17,00:00:00,122.75,124.4,122.75,123.85,1418
2018-08-20,00:00:00,123.25,127.2,123.25,125.15,6776
2018-08-21,00:00:00,124.25,126.0,120.45,124.95,4774
2018-08-23,00:00:00,124.0,126.95,124.0,124.65,5317
2018-08-24,00:00:00,124.1,124.95,122.95,124.7,6447
2018-08-27,00:00:00,124.05,125.95,123.4,125.05,2985
2018-08-28,00:00:00,124.3,126.65,124.3,125.65,1617
2018-08-29,00:00:00,126.9,129.95,126.0,128.2,12858
2018-08-30,00:00:00,127.0,127.0,122.05,122.8,6361
2018-08-31,00:00:00,124.0,124.0,121.3,122.0,2052
2018-09-03,00:00:00,121.25,123.8,121.25,121.7,2788
2018-09-04,00:00:00,121.3,123.3,121.0,121.15,5550
2018-09-05,00:00:00,117.5,119.5,117.25,117.95,11687
2018-09-06,00:00:00,122.8,122.8,117.8,118.15,3644
2018-09-07,00:00:00,119.8,119.95,117.5,119.6,3635
2018-09-10,00:00:00,119.95,123.8,118.05,118.35,5396
2018-09-11,00:00:00,118.2,120.65,116.5,117.1,5729
2018-09-12,00:00:00,119.6,119.6,108.75,113.25,27076
2018-09-14,00:00:00,115.0,117.95,113.1,117.0,1247
2018-09-17,00:00:00,117.8,117.9,115.1,116.35,1562
2018-09-18,00:00:00,117.95,117.95,112.05,116.85,1978
2018-09-19,00:00:00,116.85,117.95,114.1,117.5,774
2018-09-21,00:00:00,117.8,117.8,110.0,112.0,6465
2018-09-24,00:00:00,117.5,117.5,106.1,107.9,3341
2018-09-25,00:00:00,106.15,109.95,106.15,108.1,929
2018-09-26,00:00:00,109.95,109.95,106.1,106.5,581
2018-09-27,00:00:00,106.5,107.0,104.05,105.2,786
2018-09-28,00:00:00,104.15,104.5,100.05,100.55,3435
2018-10-01,00:00:00,101.95,101.95,97.25,100.25,3791
2018-10-03,00:00:00,98.45,101.95,98.25,101.95,2395
2018-10-04,00:00:00,100.05,103.0,98.05,100.55,7505
2018-10-05,00:00:00,99.0,99.0,97.05,98.0,2476
2018-10-08,00:00:00,96.05,97.95,95.15,96.5,3077
2018-10-09,00:00:00,94.1,100.0,94.1,96.2,8807
2018-10-10,00:00:00,95.1,99.85,95.1,98.45,16518
2018-10-11,00:00:00,99.8,99.8,95.3,96.4,2070
2018-10-12,00:00:00,97.95,99.95,96.15,97.15,1016
2018-10-15,00:00:00,99.95,101.0,96.15,99.75,2823
2018-10-16,00:00:00,101.95,105.8,98.1,101.8,3757
2018-10-17,00:00:00,101.95,101.95,98.05,98.2,6688
2018-10-19,00:00:00,101.75,101.75,96.2,97.5,847
2018-10-22,00:00:00,99.9,99.9,93.0,93.2,7158
2018-10-23,00:00:00,95.0,95.0,90.2,92.9,1757
2018-10-24,00:00:00,91.1,93.9,90.2,91.1,985
2018-10-25,00:00:00,93.0,93.75,91.4,93.65,2804
2018-10-26,00:00:00,92.5,92.95,90.05,90.55,585
2018-10-29,00:00:00,90.05,97.8,90.05,94.3,6664
2018-10-30,00:00:00,97.95,97.95,94.2,95.0,9642
2018-10-31,00:00:00,97.8,98.5,94.85,97.95,8339
2018-11-01,00:00:00,99.7,103.4,96.7,101.4,3124
2018-11-02,00:00:00,103.95,103.95,101.1,103.0,1713
2018-11-05,00:00:00,103.0,103.75,102.5,103.45,1844
2018-11-06,00:00:00,102.5,103.95,102.25,102.35,2760
2018-11-09,00:00:00,101.95,103.65,101.95,102.0,438
2018-11-12,00:00:00,103.9,103.95,100.1,101.2,755
2018-11-13,00:00:00,100.1,108.5,100.1,104.8,41930
2018-11-14,00:00:00,104.5,104.75,102.05,102.3,6708
2018-11-15,00:00:00,101.0,102.0,100.1,100.5,481
2018-11-16,00:00:00,101.0,103.6,99.1,99.8,2034
2018-11-19,00:00:00,99.8,101.8,99.5,99.5,844
2018-11-20,00:00:00,100.1,101.5,97.25,98.0,6793
2018-11-21,00:00:00,99.8,99.8,97.25,97.35,1635
2018-11-22,00:00:00,99.0,99.7,96.05,97.0,1719
2018-11-26,00:00:00,97.95,97.95,95.0,95.8,2381
2018-11-27,00:00:00,97.75,97.95,95.1,95.7,1308
2018-11-28,00:00:00,96.0,97.0,95.0,95.15,492
2018-11-29,00:00:00,95.5,97.4,95.0,96.1,1494
2018-11-30,00:00:00,97.9,99.8,95.25,95.5,5080
2018-12-03,00:00:00,95.45,96.5,95.0,95.35,3253
2018-12-04,00:00:00,95.45,96.5,94.05,94.95,2866
2018-12-05,00:00:00,94.05,95.9,94.0,94.1,3678
2018-12-06,00:00:00,95.95,95.95,92.2,92.35,5487
2018-12-07,00:00:00,95.9,95.9,92.25,94.45,350
2018-12-10,00:00:00,95.95,95.95,90.05,90.75,5577
2018-12-11,00:00:00,90.05,93.45,90.05,92.8,2229
2018-12-12,00:00:00,93.9,95.0,93.0,94.15,2543
2018-12-13,00:00:00,95.95,96.0,94.2,95.85,3109
2018-12-14,00:00:00,97.0,97.0,94.05,95.0,1267
2018-12-17,00:00:00,95.95,95.95,93.5,93.9,2510
2018-12-18,00:00:00,94.0,95.0,93.0,94.55,865
2018-12-19,00:00:00,95.85,99.0,94.8,96.25,2885
2018-12-20,00:00:00,97.95,97.95,94.05,95.0,5866
2018-12-21,00:00:00,97.0,97.0,93.55,94.2,4622
2018-12-24,00:00:00,94.25,94.85,92.0,92.1,7961
2018-12-26,00:00:00,93.65,93.8,91.55,92.8,2232
2018-12-27,00:00:00,91.65,96.45,90.0,92.0,12785
2018-12-28,00:00:00,91.45,93.7,91.05,91.95,2151
2018-12-31,00:00:00,92.5,93.9,92.0,93.8,246
2019-01-01,00:00:00,93.4,95.4,93.0,94.9,457
2019-01-02,00:00:00,95.9,95.9,92.75,93.05,266
2019-01-03,00:00:00,93.15,93.95,90.5,92.15,13769
2019-01-04,00:00:00,93.6,95.5,92.05,94.05,11035
2019-01-07,00:00:00,95.5,95.5,92.6,94.05,1201
2019-01-08,00:00:00,94.05,95.0,93.2,94.35,743
2019-01-09,00:00:00,93.15,95.2,93.0,93.0,316
2019-01-10,00:00:00,92.6,94.7,92.05,93.55,830
2019-01-11,00:00:00,93.9,94.7,92.1,93.1,1597
2019-01-14,00:00:00,93.1,93.9,91.5,92.8,1257
2019-01-15,00:00:00,93.3,93.95,92.9,93.0,329
2019-01-16,00:00:00,92.7,97.3,92.65,95.95,2460
2019-01-17,00:00:00,95.9,95.9,93.1,93.9,58
2019-01-18,00:00:00,94.3,95.8,92.8,93.0,142
2019-01-21,00:00:00,93.9,94.0,92.7,92.85,417
2019-01-22,00:00:00,93.2,93.2,92.25,92.25,831
2019-01-23,00:00:00,92.65,94.05,91.5,92.3,5491
2019-01-24,00:00:00,92.3,93.7,92.3,93.1,742
2019-01-25,00:00:00,92.0,96.3,91.5,92.8,3259
2019-01-28,00:00:00,92.0,92.0,89.2,89.5,5694
2019-01-29,00:00:00,91.55,91.55,88.05,88.25,1272
2019-01-30,00:00:00,88.65,89.85,87.1,87.2,675
2019-01-31,00:00:00,88.0,89.95,87.5,89.95,455
2019-02-01,00:00:00,88.1,89.0,85.1,86.6,1725
2019-02-04,00:00:00,86.05,87.0,84.05,85.1,1165
2019-02-05,00:00:00,85.0,87.65,84.2,85.0,2992
2019-02-06,00:00:00,85.0,85.0,83.0,84.0,935
2019-02-07,00:00:00,85.0,85.85,83.5,84.15,1084
2019-02-08,00:00:00,85.0,85.0,82.25,82.95,1248
2019-02-11,00:00:00,82.5,84.0,78.2,79.95,1807
2019-02-12,00:00:00,78.25,81.95,78.25,80.7,2860
2019-02-13,00:00:00,81.0,81.0,79.0,79.1,870
2019-02-14,00:00:00,79.1,79.1,76.45,78.0,693
2019-02-15,00:00:00,79.75,79.75,76.05,76.45,393
2019-02-18,00:00:00,77.0,77.0,76.05,76.05,4938
2019-02-19,00:00:00,79.9,79.9,72.5,76.25,2041
2019-02-20,00:00:00,77.95,78.0,76.35,76.35,1168
2019-02-21,00:00:00,76.05,81.4,76.05,80.6,3540
2019-02-22,00:00:00,80.35,81.0,80.0,80.75,186
2019-02-25,00:00:00,81.95,81.95,79.0,79.0,5664
2019-02-26,00:00:00,81.75,81.75,78.6,80.8,813
2019-02-27,00:00:00,82.0,82.0,76.7,76.8,2343
2019-02-28,00:00:00,79.95,79.95,78.05,79.5,67
2019-03-01,00:00:00,79.95,81.9,79.7,81.4,911
2019-03-05,00:00:00,81.95,85.9,81.9,85.4,1540
2019-03-06,00:00:00,87.9,89.0,83.0,87.0,7026
2019-03-07,00:00:00,89.95,89.95,86.05,88.05,1249
2019-03-08,00:00:00,89.9,89.95,84.55,85.95,803
2019-03-11,00:00:00,86.9,91.95,86.9,90.3,2432
2019-03-12,00:00:00,90.5,93.9,90.5,93.0,2955
2019-03-13,00:00:00,93.0,93.0,90.8,91.5,1012
2019-03-14,00:00:00,91.5,102.9,90.0,94.0,47734
2019-03-15,00:00:00,92.2,93.3,91.25,92.0,2326
2019-03-18,00:00:00,92.9,92.9,91.1,91.8,1402
2019-03-19,00:00:00,91.1,91.8,90.15,90.75,2117
2019-03-20,00:00:00,90.1,91.0,88.0,90.5,3591
2019-03-22,00:00:00,89.05,91.4,88.35,91.3,5990
2019-03-25,00:00:00,91.0,91.0,88.1,88.85,2694
2019-03-26,00:00:00,91.9,95.95,89.0,91.4,26115
2019-03-27,00:00:00,91.4,91.4,88.3,88.3,1979
2019-03-28,00:00:00,89.1,91.0,88.7,89.8,962
2019-03-29,00:00:00,91.9,91.9,89.0,90.75,813
2019-04-01,00:00:00,89.1,91.95,89.1,90.2,1374
2019-04-02,00:00:00,90.1,93.7,90.05,91.15,1281
2019-04-03,00:00:00,92.0,93.35,88.85,89.1,2216
2019-04-04,00:00:00,88.15,89.45,86.75,88.5,2997
2019-04-05,00:00:00,87.1,91.7,87.1,91.7,1334
2019-04-08,00:00:00,91.95,92.0,88.65,90.2,1876
2019-04-09,00:00:00,91.95,91.95,88.6,89.4,307
2019-04-10,00:00:00,88.75,88.9,87.1,88.5,2968
2019-04-11,00:00:00,88.1,89.95,88.1,89.65,165
2019-04-12,00:00:00,88.1,89.7,88.1,89.5,38
2019-04-15,00:00:00,88.1,89.95,88.1,88.8,874
2019-04-16,00:00:00,89.0,89.75,88.55,88.85,906
2019-04-18,00:00:00,88.0,88.95,86.5,87.2,600
2019-04-22,00:00:00,89.8,89.95,87.9,88.05,902
2019-04-23,00:00:00,88.05,89.8,87.25,88.1,455
2019-04-24,00:00:00,87.5,89.9,86.25,89.4,1160
2019-04-25,00:00:00,88.0,89.65,88.0,88.05,52
2019-04-26,00:00:00,87.25,89.7,87.25,89.45,2045
2019-04-30,00:00:00,86.25,87.0,85.1,85.7,435
2019-05-02,00:00:00,86.05,87.3,85.2,85.6,1945
2019-05-03,00:00:00,87.95,87.95,85.2,85.55,1316
2019-05-06,00:00:00,87.0,87.0,84.15,84.95,1189
2019-05-07,00:00:00,86.9,86.9,84.4,84.55,1079
2019-05-08,00:00:00,84.1,84.95,82.1,82.3,672
2019-05-09,00:00:00,85.45,85.75,82.3,85.3,1061
2019-05-10,00:00:00,85.0,85.0,84.0,84.05,823
2019-05-13,00:00:00,82.6,82.6,80.05,80.45,1170
2019-05-14,00:00:00,81.25,81.25,80.25,81.0,597
2019-05-15,00:00:00,80.75,83.9,80.5,80.5,1664
2019-05-16,00:00:00,82.0,82.8,80.1,81.8,634
2019-05-17,00:00:00,80.4,80.55,80.05,80.15,799
2019-05-20,00:00:00,83.45,83.95,81.0,83.35,2319
2019-05-21,00:00:00,82.55,83.8,82.0,82.1,3493
2019-05-22,00:00:00,83.9,85.95,82.6,82.8,253
2019-05-23,00:00:00,85.9,85.95,80.4,83.95,1526
2019-05-24,00:00:00,85.9,86.0,84.05,85.65,3034
2019-05-27,00:00:00,85.65,89.95,85.65,89.35,2196
2019-05-28,00:00:00,87.35,93.95,86.0,89.85,3011
2019-05-29,00:00:00,93.8,93.8,88.0,88.5,1393
2019-05-30,00:00:00,88.5,91.95,88.5,90.1,362
2019-05-31,00:00:00,90.5,93.0,87.25,88.0,8908
2019-06-03,00:00:00,86.2,92.0,86.1,90.0,1817
2019-06-04,00:00:00,90.8,90.95,88.4,90.9,392
2019-06-06,00:00:00,88.9,90.9,87.25,87.45,3444
2019-06-07,00:00:00,90.8,92.25,86.05,91.35,11165
2019-06-10,00:00:00,93.8,93.8,87.05,87.35,18726
2019-06-11,00:00:00,90.0,90.0,85.0,87.05,6572
2019-06-12,00:00:00,85.1,89.95,85.1,86.8,1457
2019-06-13,00:00:00,86.15,88.75,84.5,86.3,6304
2019-06-14,00:00:00,87.0,87.0,84.8,85.0,6163
2019-06-17,00:00:00,84.45,86.85,83.0,84.65,4383
2019-06-18,00:00:00,84.0,85.45,82.05,83.0,3128
2019-06-19,00:00:00,82.55,85.9,80.05,80.25,3298
2019-06-20,00:00:00,80.0,82.0,78.6,80.8,4069
2019-06-21,00:00:00,81.1,81.1,78.25,80.0,2185
2019-06-24,00:00:00,79.1,80.95,79.1,79.55,481
2019-06-25,00:00:00,79.55,81.95,78.05,81.95,1064
2019-06-26,00:00:00,81.9,82.05,78.55,80.35,1259
2019-06-27,00:00:00,80.8,83.0,80.8,81.35,1229
2019-06-28,00:00:00,80.55,86.0,80.55,82.8,3137
2019-07-01,00:00:00,82.45,83.0,81.0,82.05,534
2019-07-02,00:00:00,80.95,82.4,80.95,82.0,991
2019-07-03,00:00:00,81.5,81.5,81.3,81.3,265
2019-07-04,00:00:00,81.1,83.45,81.1,83.45,43
2019-07-05,00:00:00,82.8,83.8,80.3,82.7,1616
2019-07-08,00:00:00,80.6,82.5,76.1,76.5,5089
2019-07-09,00:00:00,76.05,77.0,76.05,76.25,1596
2019-07-10,00:00:00,76.25,78.0,76.2,76.65,411
2019-07-11,00:00:00,76.2,79.4,76.2,77.0,14538
2019-07-12,00:00:00,77.0,77.0,76.05,76.05,251
2019-07-15,00:00:00,76.05,76.05,75.25,75.25,1257
2019-07-16,00:00:00,77.1,77.1,74.2,74.2,1432
2019-07-17,00:00:00,74.65,75.8,72.1,74.1,3467
2019-07-18,00:00:00,74.0,74.0,72.2,72.2,552
2019-07-19,00:00:00,72.5,72.5,70.2,71.25,1961
2019-07-22,00:00:00,73.9,73.9,70.15,70.25,578
2019-07-23,00:00:00,70.5,71.0,69.1,69.1,1122
2019-07-24,00:00:00,68.1,71.45,64.0,65.85,3178
2019-07-25,00:00:00,64.75,69.0,64.75,68.95,396
2019-07-26,00:00:00,67.0,68.0,67.0,67.35,321
2019-07-29,00:00:00,67.4,68.4,66.0,66.85,587
2019-07-30,00:00:00,65.3,68.0,61.95,62.7,3517
2019-07-31,00:00:00,62.05,68.0,62.0,63.0,8911
2019-08-01,00:00:00,63.0,64.65,63.0,64.65,450
2019-08-02,00:00:00,61.6,67.0,61.6,64.9,523
2019-08-05,00:00:00,62.5,66.0,60.0,64.75,5222
2019-08-06,00:00:00,63.05,66.2,61.1,64.25,457
2019-08-07,00:00:00,65.0,67.8,62.65,63.65,882
2019-08-08,00:00:00,61.35,64.65,61.35,63.6,942
2019-08-09,00:00:00,64.0,65.9,62.5,63.55,4963
2019-08-13,00:00:00,64.7,68.7,62.5,63.3,563
2019-08-14,00:00:00,68.9,68.9,61.2,63.8,754
2019-08-16,00:00:00,63.6,65.9,63.6,65.05,631
2019-08-19,00:00:00,62.65,67.6,62.65,65.0,182
2019-08-20,00:00:00,66.8,66.8,60.1,64.4,1210
2019-08-21,00:00:00,62.4,66.0,61.65,62.05,798
2019-08-22,00:00:00,62.0,62.9,58.45,59.15,6322
2019-08-23,00:00:00,62.5,63.0,57.3,62.2,4898
2019-08-26,00:00:00,67.4,67.4,61.3,64.8,1001
2019-08-27,00:00:00,64.9,70.25,64.05,70.2,18007
2019-08-28,00:00:00,68.45,69.9,67.25,67.55,4511
2019-08-29,00:00:00,66.05,66.5,63.55,66.5,3985
2019-08-30,00:00:00,65.0,67.75,64.7,65.55,1002
2019-09-03,00:00:00,65.75,69.0,63.35,64.3,1903
2019-09-04,00:00:00,67.9,67.9,63.25,64.0,2687
2019-09-05,00:00:00,69.0,69.0,63.8,64.25,651
2019-09-06,00:00:00,66.0,66.9,64.6,65.5,348
2019-09-09,00:00:00,63.8,68.8,63.8,67.4,5151
2019-09-11,00:00:00,70.9,71.3,68.1,70.75,2782
2019-09-12,00:00:00,69.9,71.65,68.25,70.7,204
2019-09-13,00:00:00,68.0,71.5,68.0,69.0,215
2019-09-16,00:00:00,70.25,71.95,68.6,71.15,4851
2019-09-17,00:00:00,68.9,71.7,67.05,70.9,2957
2019-09-18,00:00:00,71.0,73.7,69.0,72.6,5335
2019-09-19,00:00:00,72.0,72.0,67.7,70.0,3161
2019-09-20,00:00:00,71.8,79.9,68.65,75.7,26922
2019-09-23,00:00:00,76.0,79.0,75.1,75.15,2433
2019-09-24,00:00:00,72.6,76.0,71.35,71.95,4529
2019-09-25,00:00:00,70.65,74.8,70.55,73.0,4583
2019-09-26,00:00:00,72.2,78.95,72.2,73.05,1683
2019-09-27,00:00:00,74.4,75.8,72.3,73.6,5337
2019-09-30,00:00:00,73.5,77.0,72.25,74.05,3352
2019-10-01,00:00:00,75.95,75.95,72.25,73.3,950
2019-10-03,00:00:00,72.25,72.25,68.8,70.0,3822
2019-10-04,00:00:00,72.75,75.75,70.1,70.35,1475
2019-10-07,00:00:00,70.05,73.0,70.05,72.0,2752
2019-10-09,00:00:00,72.15,72.15,70.7,70.7,2420
2019-10-10,00:00:00,76.0,76.0,70.35,71.05,1533
2019-10-11,00:00:00,71.1,71.5,70.0,70.7,1164
2019-10-14,00:00:00,73.2,73.2,69.55,70.25,104
2019-10-15,00:00:00,70.0,70.5,69.1,70.4,1176
2019-10-16,00:00:00,69.0,69.2,68.6,68.8,2192
2019-10-17,00:00:00,68.6,71.0,68.6,70.0,590
2019-10-18,00:00:00,70.0,72.2,69.5,71.6,2078
2019-10-22,00:00:00,70.25,72.2,70.1,70.55,1384
2019-10-23,00:00:00,70.6,71.0,70.6,71.0,14
2019-10-24,00:00:00,71.5,71.5,70.1,70.1,1647
2019-10-25,00:00:00,70.3,73.0,70.25,73.0,988
2019-10-27,00:00:00,73.05,73.05,73.0,73.0,12
2019-10-29,00:00:00,73.0,76.85,73.0,75.0,1033
2019-10-30,00:00:00,75.0,77.95,71.65,73.75,662
2019-10-31,00:00:00,71.65,75.8,71.65,74.0,783
2019-11-01,00:00:00,74.0,77.4,72.8,74.0,1153
2019-11-04,00:00:00,75.45,75.45,73.5,74.05,1584
2019-11-05,00:00:00,74.0,75.0,72.5,74.7,3532
2019-11-06,00:00:00,73.55,75.5,73.45,74.55,1845
2019-11-07,00:00:00,74.15,77.7,73.55,75.85,2437
2019-11-08,00:00:00,74.4,74.4,71.0,71.65,1189
2019-11-11,00:00:00,71.9,73.45,71.05,72.65,1783
2019-11-13,00:00:00,72.0,83.95,72.0,78.1,27390
2019-11-14,00:00:00,80.0,82.0,77.05,78.7,1887
2019-11-15,00:00:00,77.3,77.5,75.5,76.35,2192
2019-11-18,00:00:00,76.35,76.35,73.75,74.3,3802
2019-11-19,00:00:00,72.35,75.45,72.25,73.15,4882
2019-11-20,00:00:00,72.4,74.5,72.25,72.65,1884
2019-11-21,00:00:00,73.0,74.0,72.45,73.1,4128
2019-11-22,00:00:00,74.5,74.5,72.25,72.6,4625
2019-11-25,00:00:00,72.6,74.8,72.3,73.05,551
2019-11-26,00:00:00,74.8,74.8,73.0,73.1,865
2019-11-27,00:00:00,72.3,74.5,72.3,74.4,393
2019-11-28,00:00:00,74.5,78.8,73.1,75.0,2277
2019-11-29,00:00:00,76.85,76.85,72.5,72.6,256
2019-12-02,00:00:00,72.75,75.75,72.75,73.2,7363
2019-12-03,00:00:00,73.2,73.2,72.25,72.25,1362
2019-12-04,00:00:00,72.4,74.75,72.4,72.75,2806
2019-12-05,00:00:00,74.4,74.4,72.6,72.65,338
2019-12-06,00:00:00,72.35,73.7,72.25,72.25,4253
2019-12-09,00:00:00,72.55,73.3,71.75,71.75,2392
2019-12-10,00:00:00,71.3,71.5,71.3,71.5,250
2019-12-11,00:00:00,71.2,71.2,67.0,68.7,2791
2019-12-12,00:00:00,65.15,69.3,65.15,68.55,1048
2019-12-13,00:00:00,71.35,71.35,68.75,70.0,502
2019-12-16,00:00:00,70.05,71.75,69.9,69.9,2730
2019-12-17,00:00:00,70.5,71.25,68.25,69.5,702
2019-12-18,00:00:00,71.85,71.85,69.8,70.0,642
2019-12-19,00:00:00,69.3,70.05,68.85,69.2,679
2019-12-20,00:00:00,67.5,71.3,67.5,68.5,898
2019-12-23,00:00:00,69.0,70.95,66.5,67.8,3398
2019-12-24,00:00:00,70.5,72.0,66.85,68.9,2218
2019-12-26,00:00:00,68.95,69.7,68.05,69.05,22
2019-12-27,00:00:00,70.0,70.0,68.05,68.5,124
2019-12-30,00:00:00,80.9,80.9,69.1,70.05,2115
2019-12-31,00:00:00,81.9,81.9,69.0,70.1,1354
2020-01-01,00:00:00,73.7,77.45,70.15,76.85,2561
2020-01-02,00:00:00,73.55,80.0,73.55,78.6,1085
2020-01-03,00:00:00,78.9,80.0,77.0,78.6,5013
2020-01-06,00:00:00,77.5,77.5,72.15,74.5,835
2020-01-07,00:00:00,79.7,83.95,72.2,76.0,2074
2020-01-08,00:00:00,73.65,75.5,72.2,74.95,444
2020-01-09,00:00:00,75.0,78.5,73.2,77.0,632
2020-01-10,00:00:00,75.25,79.7,72.6,77.05,12366
2020-01-13,00:00:00,75.0,78.0,75.0,77.3,1883
2020-01-14,00:00:00,79.0,80.0,73.4,78.45,7590
2020-01-15,00:00:00,76.4,78.95,76.4,78.45,1627
2020-01-16,00:00:00,77.6,80.8,77.6,80.0,1200
2020-01-17,00:00:00,78.6,81.9,78.6,79.3,2371
2020-01-20,00:00:00,83.0,83.0,78.25,78.9,1170
2020-01-21,00:00:00,76.75,80.8,75.1,75.1,1025
2020-01-22,00:00:00,75.15,76.5,75.15,75.6,564
2020-01-23,00:00:00,75.9,76.05,75.1,76.05,177
2020-01-24,00:00:00,74.75,77.95,74.75,76.9,1421
2020-01-27,00:00:00,73.5,75.55,73.5,75.0,2038
2020-01-28,00:00:00,74.3,77.4,74.2,76.7,1705
2020-01-29,00:00:00,74.8,78.4,74.75,76.0,473
2020-01-30,00:00:00,76.7,79.1,72.3,74.55,953
2020-01-31,00:00:00,76.0,76.0,76.0,76.0,2
2020-02-01,00:00:00,72.25,75.0,72.25,72.85,465
2020-02-03,00:00:00,74.95,75.4,72.85,75.35,1810
2020-02-04,00:00:00,77.0,77.0,72.55,75.85,1765
2020-02-05,00:00:00,75.55,77.95,75.55,76.0,1882
2020-02-06,00:00:00,74.0,79.5,74.0,77.0,6345
2020-02-07,00:00:00,80.1,83.4,76.4,78.4,1958
2020-02-10,00:00:00,78.5,79.1,76.1,78.3,1004
2020-02-11,00:00:00,78.0,79.0,76.05,78.35,1273
2020-02-12,00:00:00,76.7,79.0,73.25,74.35,2596
2020-02-13,00:00:00,76.75,76.95,74.65,74.75,1859
2020-02-14,00:00:00,74.75,78.8,70.1,73.5,4419
2020-02-17,00:00:00,72.0,72.0,70.0,70.5,2719
2020-02-18,00:00:00,73.7,73.7,67.5,68.15,9184
2020-02-19,00:00:00,70.0,71.9,68.5,71.0,1408
2020-02-20,00:00:00,72.5,72.5,68.7,70.2,3153
2020-02-24,00:00:00,68.2,71.0,68.0,69.15,1735
2020-02-25,00:00:00,73.9,73.9,68.0,69.15,712
2020-02-26,00:00:00,64.05,71.35,64.05,67.3,947
2020-02-27,00:00:00,68.0,69.8,65.35,66.1,1224
2020-02-28,00:00:00,66.1,68.9,64.0,66.3,2743
2020-03-02,00:00:00,72.4,72.4,63.55,64.7,4302
2020-03-03,00:00:00,65.3,68.9,64.5,67.5,725
2020-03-04,00:00:00,68.95,68.95,65.25,66.8,1625
2020-03-05,00:00:00,66.8,68.45,62.35,65.4,4206
2020-03-06,00:00:00,65.3,65.3,61.1,64.6,817
2020-03-09,00:00:00,61.6,64.9,57.25,61.6,6426
2020-03-11,00:00:00,65.0,65.0,57.4,60.05,2867
2020-03-12,00:00:00,56.7,57.7,53.8,57.7,752
2020-03-13,00:00:00,48.95,63.95,46.25,62.0,6990
2020-03-16,00:00:00,64.4,64.4,51.25,52.8,9543
2020-03-17,00:00:00,48.55,54.85,48.55,52.25,1783
2020-03-18,00:00:00,51.15,51.15,49.1,50.3,833
2020-03-19,00:00:00,50.3,57.9,50.3,55.2,17139
2020-03-20,00:00:00,55.0,57.8,51.55,55.1,7244
2020-03-23,00:00:00,45.3,51.7,45.3,49.75,353
2020-03-24,00:00:00,43.1,52.15,43.0,48.65,3785
2020-03-25,00:00:00,46.05,52.4,46.05,50.75,449
2020-03-26,00:00:00,51.0,51.0,48.35,50.05,2111
2020-03-27,00:00:00,49.0,49.0,48.0,48.55,4365
2020-03-30,00:00:00,50.0,50.0,46.0,50.0,158
2020-03-31,00:00:00,49.95,54.9,48.1,51.45,140
2020-04-01,00:00:00,47.15,52.35,47.1,48.5,1691
2020-04-03,00:00:00,48.5,48.5,46.1,47.1,945
2020-04-07,00:00:00,47.1,52.4,47.1,48.25,2466
2020-04-08,00:00:00,52.7,52.7,49.6,50.0,362
2020-04-09,00:00:00,56.4,56.4,50.3,53.8,813
2020-04-13,00:00:00,50.45,55.45,50.25,52.45,1269
2020-04-15,00:00:00,51.6,54.0,51.6,54.0,312
2020-04-16,00:00:00,55.0,55.8,50.4,55.8,2672
2020-04-17,00:00:00,55.0,61.7,54.25,57.0,2572
2020-04-20,00:00:00,54.6,57.0,53.25,54.85,777
2020-04-21,00:00:00,54.5,56.95,52.6,53.65,208
2020-04-22,00:00:00,57.45,57.45,52.25,52.7,426
2020-04-23,00:00:00,53.5,57.0,53.35,56.1,5397
2020-04-24,00:00:00,53.55,56.9,52.55,53.5,4875
2020-04-27,00:00:00,53.5,54.95,53.5,53.7,1028
2020-04-28,00:00:00,53.5,54.5,51.55,54.3,2590
2020-04-29,00:00:00,56.55,56.85,54.55,56.3,1150
2020-04-30,00:00:00,56.3,59.85,54.3,56.7,4885
2020-05-04,00:00:00,55.7,56.3,52.25,54.0,872
2020-05-05,00:00:00,56.8,56.8,53.1,53.2,1523
2020-05-06,00:00:00,57.95,57.95,53.05,54.9,797
2020-05-07,00:00:00,58.8,58.8,54.0,57.0,1510
2020-05-08,00:00:00,53.0,60.7,53.0,58.05,4152
2020-05-11,00:00:00,56.0,56.95,54.05,54.5,2391
2020-05-12,00:00:00,57.0,57.0,52.55,53.85,1584
2020-05-13,00:00:00,57.7,57.7,53.0,54.3,2022
2020-05-14,00:00:00,53.75,55.0,53.75,54.95,751
2020-05-15,00:00:00,54.0,55.3,53.0,54.45,1513
2020-05-18,00:00:00,54.45,54.45,53.0,53.9,1801
2020-05-19,00:00:00,55.45,55.45,53.9,53.9,823
2020-05-20,00:00:00,53.15,53.15,52.35,53.1,182
2020-05-21,00:00:00,53.0,55.0,53.0,55.0,2976
2020-05-22,00:00:00,55.0,58.75,53.4,53.4,1369
2020-05-26,00:00:00,53.0,53.5,52.35,52.55,769
2020-05-27,00:00:00,52.6,53.8,52.5,53.8,511
2020-05-28,00:00:00,54.55,54.55,53.4,53.9,814
2020-05-29,00:00:00,51.0,55.9,51.0,52.9,135
2020-06-01,00:00:00,55.4,58.3,55.4,56.8,809
2020-06-02,00:00:00,55.75,58.75,55.75,58.1,128
2020-06-03,00:00:00,58.85,61.7,56.5,59.45,7118
2020-06-04,00:00:00,55.1,62.4,55.1,60.55,6461
2020-06-05,00:00:00,62.9,72.65,62.5,68.35,18848
2020-06-08,00:00:00,70.75,72.6,68.3,68.95,7621
2020-06-09,00:00:00,71.75,71.75,65.3,66.4,2304
2020-06-10,00:00:00,69.5,69.5,66.55,68.5,1191
2020-06-11,00:00:00,63.9,68.95,63.9,66.1,159
2020-06-12,00:00:00,63.6,65.65,60.75,65.35,2316
2020-06-15,00:00:00,60.5,66.0,60.5,63.55,777
2020-06-16,00:00:00,66.95,66.95,62.3,65.0,2135
2020-06-17,00:00:00,64.0,69.7,62.25,67.25,8675
2020-06-18,00:00:00,68.75,70.0,63.3,69.4,3777
2020-06-19,00:00:00,67.05,72.5,67.05,71.05,13507
2020-06-22,00:00:00,67.6,72.65,67.6,71.55,2548
2020-06-23,00:00:00,70.05,72.5,70.0,72.45,6814
2020-06-24,00:00:00,72.75,72.75,69.1,69.2,9242
2020-06-25,00:00:00,71.0,71.0,68.15,68.7,2558
2020-06-26,00:00:00,70.65,72.75,69.2,71.15,5925
2020-06-29,00:00:00,70.9,70.9,64.5,66.05,8111
2020-06-30,00:00:00,64.55,69.8,64.25,65.8,2090
2020-07-01,00:00:00,69.8,69.8,64.25,64.5,838
2020-07-02,00:00:00,64.6,67.3,64.6,65.05,3937
2020-07-03,00:00:00,66.9,66.9,64.25,64.5,1762
2020-07-06,00:00:00,62.0,65.8,62.0,64.85,2005
2020-07-07,00:00:00,66.5,73.75,65.0,69.65,95798
2020-07-08,00:00:00,69.6,72.0,65.3,70.45,17931
2020-07-09,00:00:00,71.75,71.75,65.1,68.6,37774
2020-07-10,00:00:00,69.9,69.95,64.95,67.6,11399
2020-07-13,00:00:00,66.25,69.45,66.25,66.95,9344
2020-07-14,00:00:00,66.0,66.0,64.5,64.5,2994
2020-07-15,00:00:00,64.3,66.95,64.25,64.55,6411
2020-07-16,00:00:00,64.25,65.9,63.65,64.6,3322
2020-07-17,00:00:00,64.1,66.0,64.1,64.8,5625
2020-07-20,00:00:00,64.8,65.5,64.35,64.4,325
2020-07-21,00:00:00,65.6,65.9,64.25,64.75,4089
2020-07-22,00:00:00,65.8,65.8,63.25,63.55,3466
2020-07-23,00:00:00,63.3,65.7,63.3,65.1,4169
2020-07-24,00:00:00,63.3,65.45,63.25,65.0,1853
2020-07-27,00:00:00,64.0,64.0,62.65,62.7,10635
2020-07-28,00:00:00,62.25,64.45,61.5,62.35,4073
2020-07-29,00:00:00,61.55,63.05,61.5,61.55,2123
2020-07-30,00:00:00,61.0,64.45,61.0,61.5,1819
2020-07-31,00:00:00,60.55,62.25,60.5,61.15,3722
2020-08-03,00:00:00,60.75,63.85,60.75,63.4,3375
2020-08-04,00:00:00,61.55,65.0,61.55,63.15,5176
2020-08-05,00:00:00,63.15,65.0,63.15,64.4,1135
2020-08-06,00:00:00,64.4,65.5,64.4,65.5,539
2020-08-07,00:00:00,65.0,65.75,62.85,64.05,2164
2020-08-10,00:00:00,65.7,66.4,64.65,65.25,3578
2020-08-11,00:00:00,64.05,66.3,64.05,65.0,3429
2020-08-12,00:00:00,64.1,65.35,64.1,65.25,878
2020-08-13,00:00:00,67.0,70.9,67.0,68.45,14013
2020-08-14,00:00:00,70.4,70.45,67.5,69.5,18404
2020-08-17,00:00:00,73.4,74.65,71.1,74.25,55271
2020-08-18,00:00:00,76.9,76.9,71.0,71.65,18906
2020-08-19,00:00:00,73.0,75.9,70.1,71.65,17430
2020-08-20,00:00:00,73.3,73.3,70.05,72.2,8755
2020-08-21,00:00:00,74.0,74.0,72.3,72.7,4862
2020-08-24,00:00:00,71.2,73.45,71.0,71.85,13370
2020-08-25,00:00:00,73.5,73.5,70.35,71.5,8286
2020-08-26,00:00:00,72.0,72.35,71.0,71.5,2457
2020-08-27,00:00:00,71.25,73.25,71.2,71.3,7741
2020-08-28,00:00:00,71.0,77.85,71.0,71.85,76079
2020-08-31,00:00:00,71.85,74.0,65.3,66.2,34990
2020-09-01,00:00:00,66.5,68.3,64.25,66.3,2987
2020-09-02,00:00:00,66.1,68.5,66.0,67.65,924
2020-09-03,00:00:00,67.0,67.0,65.7,66.9,2160
2020-09-04,00:00:00,67.0,68.0,65.75,67.85,780
2020-09-07,00:00:00,65.65,67.6,65.6,66.55,4555
2020-09-08,00:00:00,66.0,67.5,65.7,65.7,1938
2020-09-09,00:00:00,67.7,67.7,61.1,62.5,1563
2020-09-10,00:00:00,62.15,68.0,62.15,65.35,2943
2020-09-11,00:00:00,65.0,67.4,64.1,65.0,8758
2020-09-14,00:00:00,63.75,67.6,63.75,65.05,2128
2020-09-15,00:00:00,65.2,66.9,65.2,66.0,817
2020-09-16,00:00:00,65.0,66.75,64.85,66.2,2001
2020-09-17,00:00:00,67.2,67.2,65.1,66.45,467
2020-09-18,00:00:00,65.35,66.25,65.25,65.35,1469
2020-09-21,00:00:00,65.25,65.3,63.0,63.9,1566
2020-09-22,00:00:00,63.0,69.0,59.1,64.85,5694
2020-09-23,00:00:00,66.0,66.4,61.15,63.45,2204
2020-09-24,00:00:00,67.3,67.3,59.35,60.6,2365
2020-09-25,00:00:00,63.5,64.5,61.0,62.15,13118
2020-09-28,00:00:00,61.0,63.0,59.1,62.15,4572
2020-09-29,00:00:00,61.6,63.95,61.6,62.95,1563
2020-09-30,00:00:00,62.5,63.45,62.5,63.3,61
2020-10-01,00:00:00,62.0,67.4,62.0,64.9,1705
2020-10-05,00:00:00,64.9,64.9,63.25,63.45,2034
2020-10-06,00:00:00,65.5,65.5,63.0,63.75,2491
2020-10-07,00:00:00,63.75,64.75,63.3,63.3,2392
2020-10-08,00:00:00,63.5,64.6,63.1,64.35,2286
2020-10-09,00:00:00,63.15,66.8,63.15,64.4,641
2020-10-12,00:00:00,62.7,64.25,60.8,62.1,1123
2020-10-13,00:00:00,62.1,64.9,62.0,62.15,1861
2020-10-14,00:00:00,64.4,66.95,61.0,62.45,865
2020-10-15,00:00:00,62.0,63.5,62.0,63.5,287
2020-10-16,00:00:00,65.0,65.0,61.4,62.15,917
2020-10-19,00:00:00,61.6,63.8,61.6,63.55,752
2020-10-20,00:00:00,63.75,63.75,63.5,63.5,21
2020-10-21,00:00:00,65.9,65.9,61.15,62.4,2589
2020-10-22,00:00:00,62.5,63.45,62.35,62.65,1567
2020-10-23,00:00:00,63.4,67.0,63.1,64.15,1798
2020-10-26,00:00:00,64.2,68.4,64.2,66.65,8182
2020-10-27,00:00:00,67.9,67.9,65.55,65.7,1520
2020-10-28,00:00:00,64.6,68.8,64.6,65.9,3804
2020-10-29,00:00:00,64.4,65.9,63.15,64.2,895
2020-10-30,00:00:00,65.9,68.4,63.4,63.85,3220
2020-11-02,00:00:00,63.65,64.9,60.1,62.25,939
2020-11-03,00:00:00,62.8,65.5,61.1,61.75,1433
2020-11-04,00:00:00,63.75,65.0,62.0,64.5,411
2020-11-05,00:00:00,63.0,66.0,63.0,65.9,2953
2020-11-06,00:00:00,64.4,66.4,64.4,66.35,2043
2020-11-09,00:00:00,69.95,69.95,63.3,65.35,13351
2020-11-10,00:00:00,63.8,66.95,63.8,65.45,523
2020-11-11,00:00:00,68.45,68.45,62.45,63.0,2780
2020-11-12,00:00:00,65.0,65.0,62.35,62.4,179
2020-11-13,00:00:00,64.2,66.0,62.45,64.85,892
2020-11-14,00:00:00,67.9,67.9,66.0,66.45,26
2020-11-17,00:00:00,63.5,68.0,63.2,65.9,3989
2020-11-18,00:00:00,63.2,68.2,63.1,67.0,7252
2020-11-19,00:00:00,64.05,70.45,64.05,65.55,3407
2020-11-20,00:00:00,68.15,70.35,64.6,69.15,19160
2020-11-23,00:00:00,70.4,71.85,66.8,69.85,6342
2020-11-24,00:00:00,68.25,71.5,68.2,70.35,6070
2020-11-25,00:00:00,68.4,71.55,68.3,69.85,14106
2020-11-26,00:00:00,70.1,70.8,69.95,70.8,2536
2020-11-27,00:00:00,70.8,71.4,70.0,71.25,4085
2020-12-01,00:00:00,69.1,71.75,69.1,70.55,8055
2020-12-02,00:00:00,71.75,74.75,67.5,72.75,15765
2020-12-03,00:00:00,71.1,73.45,71.1,72.05,8658
2020-12-04,00:00:00,74.0,78.45,71.75,75.5,42663
2020-12-07,00:00:00,76.8,79.5,76.0,77.9,7807
2020-12-08,00:00:00,78.0,84.5,76.2,77.25,48428
2020-12-09,00:00:00,78.8,81.0,78.05,79.7,10101
2020-12-10,00:00:00,81.7,81.7,75.0,77.95,8391
2020-12-11,00:00:00,79.75,79.75,76.2,78.45,7855
2020-12-14,00:00:00,76.75,81.75,76.75,79.95,7578
2020-12-15,00:00:00,77.0,81.05,73.7,79.6,13269
2020-12-16,00:00:00,80.1,82.5,77.5,81.8,17294
2020-12-17,00:00:00,81.25,87.45,81.25,83.05,30030
2020-12-18,00:00:00,83.85,83.85,80.25,80.45,7563
2020-12-21,00:00:00,78.35,83.7,75.5,76.9,8697
2020-12-22,00:00:00,75.9,79.35,73.1,76.15,7902
2020-12-23,00:00:00,75.25,89.5,75.25,84.7,62099
2020-12-24,00:00:00,89.5,97.65,85.0,91.75,107196
2020-12-28,00:00:00,93.0,95.0,91.0,92.2,25508
2020-12-29,00:00:00,93.75,93.75,87.0,89.8,14795
2020-12-30,00:00:00,86.9,93.0,86.9,89.95,25211
2020-12-31,00:00:00,92.0,92.0,86.3,88.0,13021
2021-01-01,00:00:00,85.25,91.5,85.25,88.35,5709
2021-01-04,00:00:00,86.6,92.5,86.6,89.2,7255
2021-01-05,00:00:00,89.2,93.75,87.5,93.25,24770
2021-01-06,00:00:00,94.6,94.6,90.1,91.8,8836
2021-01-07,00:00:00,91.8,94.45,91.8,92.7,8953
2021-01-08,00:00:00,88.6,101.95,88.6,98.35,46251
2021-01-11,00:00:00,98.4,100.0,94.7,96.85,13601
2021-01-12,00:00:00,93.65,96.4,93.35,94.25,11386
2021-01-13,00:00:00,92.0,99.7,91.1,92.25,11487
2021-01-14,00:00:00,95.3,95.3,92.0,92.65,2679
2021-01-15,00:00:00,92.65,94.4,90.2,90.6,8539
2021-01-18,00:00:00,91.7,91.7,87.0,89.0,11758
2021-01-19,00:00:00,88.5,92.85,88.3,91.7,5652
2021-01-20,00:00:00,91.45,93.3,90.25,90.65,8040
2021-01-21,00:00:00,91.5,93.3,88.0,88.95,4046
2021-01-22,00:00:00,85.95,89.9,85.6,86.3,2807
2021-01-25,00:00:00,87.3,88.4,84.1,84.3,3226
2021-01-27,00:00:00,84.15,84.25,80.35,80.95,8610
2021-01-28,00:00:00,80.05,84.45,78.7,83.0,6665
2021-01-29,00:00:00,82.55,85.8,81.7,82.35,1726
2021-02-01,00:00:00,82.55,83.45,81.5,82.0,1153
2021-02-02,00:00:00,89.4,89.4,82.2,83.45,7400
2021-02-03,00:00:00,82.55,87.0,82.55,85.05,9309
2021-02-04,00:00:00,88.85,98.95,88.75,95.95,69548
2021-02-05,00:00:00,96.5,96.5,90.35,91.7,14308
2021-02-08,00:00:00,96.95,96.95,88.0,94.75,30543
2021-02-09,00:00:00,96.0,96.55,93.05,93.7,16807
2021-02-10,00:00:00,94.0,95.2,93.2,94.2,6833
2021-02-11,00:00:00,96.7,96.7,92.6,93.5,5688
2021-02-12,00:00:00,96.65,96.7,93.6,94.0,5390
2021-02-15,00:00:00,96.7,96.7,92.2,92.6,4169
2021-02-16,00:00:00,91.8,94.7,91.4,91.65,3418
2021-02-17,00:00:00,91.75,93.7,91.0,91.2,1814
2021-02-18,00:00:00,93.35,94.7,91.0,91.9,7927
2021-02-19,00:00:00,93.95,94.9,88.15,88.75,5539
2021-02-22,00:00:00,88.9,91.6,85.4,85.95,10161
2021-02-23,00:00:00,89.4,89.45,87.0,87.35,4526
2021-02-24,00:00:00,85.65,92.0,85.65,88.55,10827
2021-02-25,00:00:00,93.0,93.45,89.0,90.8,16307
2021-02-26,00:00:00,89.0,92.0,86.2,89.1,4695
2021-03-01,00:00:00,88.35,91.8,88.3,90.55,6680
2021-03-02,00:00:00,89.1,93.95,89.1,92.25,6881
2021-03-03,00:00:00,91.6,95.9,91.6,94.5,17742
2021-03-04,00:00:00,93.95,95.05,92.15,93.8,7642
2021-03-05,00:00:00,92.0,95.85,92.0,92.15,6130
2021-03-08,00:00:00,92.05,94.05,91.35,92.75,8270
2021-03-09,00:00:00,97.95,111.3,93.65,110.65,164909
2021-03-10,00:00:00,110.0,110.0,102.0,103.7,128036
2021-03-12,00:00:00,105.0,109.35,102.0,104.05,68988
2021-03-15,00:00:00,108.3,124.85,103.0,123.15,361731
2021-03-16,00:00:00,122.0,128.25,111.65,116.25,234753
2021-03-17,00:00:00,115.95,116.95,109.0,110.4,40304
2021-03-18,00:00:00,111.1,115.0,101.3,103.4,76126
2021-03-19,00:00:00,102.25,111.5,99.9,110.3,46232
2021-03-22,00:00:00,111.8,111.8,108.05,109.25,21670
2021-03-23,00:00:00,113.5,117.4,109.5,112.15,38495
2021-03-24,00:00:00,111.0,111.9,106.75,107.05,15934
2021-03-25,00:00:00,105.4,111.4,101.2,101.85,16424
2021-03-26,00:00:00,106.8,109.8,102.0,103.95,26841
2021-03-30,00:00:00,103.0,109.45,103.0,104.75,18169
2021-03-31,00:00:00,106.35,106.4,101.45,104.5,5176
2021-04-01,00:00:00,104.0,113.25,104.0,109.25,21663
2021-04-05,00:00:00,108.95,108.95,103.0,105.3,8984
2021-04-06,00:00:00,104.5,107.75,101.95,103.15,16749
2021-04-07,00:00:00,105.3,105.4,103.1,104.05,4818
2021-04-08,00:00:00,106.2,107.05,103.65,104.15,11164
2021-04-09,00:00:00,104.35,106.0,103.3,105.05,3861
2021-04-12,00:00:00,100.45,102.7,95.1,96.15,24227
2021-04-13,00:00:00,101.8,101.8,96.0,98.1,13655
2021-04-15,00:00:00,97.3,98.8,93.65,96.8,6271
2021-04-16,00:00:00,98.05,98.05,93.0,95.45,6243
2021-04-19,00:00:00,94.5,94.5,88.5,89.6,13474
2021-04-20,00:00:00,94.4,96.7,88.6,89.55,12182
2021-04-22,00:00:00,90.15,91.45,87.05,90.15,4643
2021-04-23,00:00:00,89.35,92.25,88.7,90.8,4199
2021-04-26,00:00:00,90.95,93.55,89.55,92.3,21271
2021-04-27,00:00:00,91.95,92.95,91.3,91.45,15728
2021-04-28,00:00:00,90.6,93.4,90.0,92.35,3985
2021-04-29,00:00:00,90.85,94.3,90.85,92.2,8621
2021-04-30,00:00:00,93.1,109.45,93.05,99.9,66899
2021-05-03,00:00:00,103.9,106.9,92.85,103.6,29321
2021-05-04,00:00:00,103.6,107.05,101.55,102.0,16101
2021-05-05,00:00:00,102.65,104.85,102.0,103.25,10465
2021-05-06,00:00:00,104.15,104.15,98.35,101.65,8435
2021-05-07,00:00:00,101.6,105.8,101.6,103.6,5355
2021-05-10,00:00:00,104.25,118.0,103.6,116.8,45963
2021-05-11,00:00:00,116.8,132.05,113.1,123.25,244668
2021-05-12,00:00:00,124.95,126.0,116.0,118.2,35187
2021-05-14,00:00:00,122.95,123.2,115.25,116.6,14741
2021-05-17,00:00:00,117.7,132.85,116.5,128.7,121272
2021-05-18,00:00:00,131.0,135.1,125.0,125.8,41263
2021-05-19,00:00:00,125.0,131.3,122.4,127.3,50180
2021-05-20,00:00:00,129.8,129.8,123.5,125.25,28626
2021-05-21,00:00:00,125.4,128.55,124.95,126.45,12314
2021-05-24,00:00:00,126.0,129.85,125.45,126.7,17718
2021-05-25,00:00:00,128.75,128.75,123.7,124.85,12704
2021-05-26,00:00:00,125.65,127.75,121.1,123.0,12011
2021-05-27,00:00:00,124.85,126.05,123.45,123.8,21955
2021-05-28,00:00:00,124.15,130.25,123.95,125.8,49803
2021-05-31,00:00:00,125.8,129.9,122.05,125.0,15044
2021-06-01,00:00:00,130.0,139.75,127.25,129.6,59553
2021-06-02,00:00:00,131.7,136.0,127.25,133.35,50230
2021-06-03,00:00:00,137.9,137.9,132.1,133.05,25641
2021-06-04,00:00:00,133.0,134.45,128.75,130.25,20953
2021-06-07,00:00:00,128.3,135.95,128.3,135.1,34274
2021-06-08,00:00:00,138.7,141.15,135.75,136.25,28728
2021-06-09,00:00:00,138.0,140.85,135.2,136.0,21350
2021-06-10,00:00:00,139.9,139.9,135.5,136.25,8284
2021-06-11,00:00:00,142.0,163.5,141.95,163.5,405059
2021-06-14,00:00:00,167.0,168.0,151.0,157.8,200228
2021-06-15,00:00:00,160.1,162.75,156.25,157.1,53382
2021-06-16,00:00:00,163.0,163.0,155.5,156.95,38401
2021-06-17,00:00:00,154.95,160.5,154.95,157.4,42138
2021-06-18,00:00:00,158.45,159.8,144.05,155.95,48040
2021-06-21,00:00:00,150.0,159.5,150.0,158.45,16459
2021-06-22,00:00:00,156.65,166.0,156.65,158.6,37884
2021-06-23,00:00:00,160.3,161.85,155.5,158.2,36115
2021-06-24,00:00:00,160.95,165.0,158.1,159.9,21331
2021-06-25,00:00:00,158.0,162.0,158.0,160.0,30100
2021-06-28,00:00:00,160.7,178.0,160.7,169.85,119692
2021-06-29,00:00:00,173.65,174.0,168.65,169.55,31685
2021-06-30,00:00:00,170.0,188.0,168.1,180.3,183256
2021-07-01,00:00:00,184.4,188.9,176.0,177.8,47948
2021-07-02,00:00:00,181.0,182.05,176.3,178.55,19150
2021-07-05,00:00:00,178.55,185.0,178.55,181.3,29131
2021-07-06,00:00:00,180.0,184.95,180.0,181.55,19053
2021-07-07,00:00:00,185.0,217.85,178.85,215.2,557693
2021-07-08,00:00:00,210.0,210.0,198.05,202.45,126934
2021-07-09,00:00:00,202.0,214.8,200.0,212.6,97915
2021-07-12,00:00:00,214.7,215.4,207.75,211.05,69719
2021-07-13,00:00:00,214.0,215.0,210.4,211.2,34986
2021-07-14,00:00:00,211.05,214.9,209.0,209.75,42743
2021-07-15,00:00:00,210.05,234.0,209.1,219.5,116948
2021-07-16,00:00:00,228.1,230.0,221.05,222.1,59741
2021-07-19,00:00:00,225.9,262.0,218.05,251.65,244426
2021-07-20,00:00:00,257.0,257.0,228.2,237.6,88436
2021-07-22,00:00:00,238.0,249.9,238.0,244.55,36488
2021-07-23,00:00:00,252.0,257.9,239.7,248.8,98641
2021-07-26,00:00:00,254.0,256.4,245.65,247.95,30244
2021-07-27,00:00:00,254.75,254.75,245.2,250.5,21900
2021-07-28,00:00:00,251.65,255.55,246.8,250.15,34540
2021-07-29,00:00:00,251.6,298.0,251.6,283.8,293091
2021-07-30,00:00:00,286.0,326.4,286.0,312.0,292363
2021-08-02,00:00:00,318.25,339.9,315.0,330.05,191029
2021-08-03,00:00:00,385.0,396.05,364.05,396.05,536802
2021-08-04,00:00:00,419.0,423.7,360.0,366.65,469716
2021-08-05,00:00:00,366.9,367.0,331.3,336.6,156430
2021-08-06,00:00:00,336.55,360.0,330.0,345.2,100031
2021-08-09,00:00:00,357.9,365.0,316.85,318.5,68356
2021-08-10,00:00:00,291.35,313.65,286.65,286.65,89194
2021-08-11,00:00:00,272.35,272.35,272.35,272.35,12117
2021-08-12,00:00:00,263.1,285.95,263.1,285.95,51719
2021-08-13,00:00:00,293.0,300.2,286.1,292.6,70768
2021-08-16,00:00:00,297.0,300.0,278.0,278.0,39583
2021-08-17,00:00:00,266.55,274.7,264.1,266.1,65740
2021-08-18,00:00:00,265.0,274.75,252.8,253.55,41256
2021-08-20,00:00:00,249.95,250.0,240.9,240.9,45547
2021-08-23,00:00:00,240.0,240.05,228.9,232.95,86547
2021-08-24,00:00:00,225.1,244.55,225.1,244.55,40386
2021-08-25,00:00:00,256.75,256.75,256.7,256.75,10355
2021-08-26,00:00:00,269.55,269.55,269.55,269.55,9333
2021-08-27,00:00:00,275.0,282.0,271.05,276.2,53191
2021-08-30,00:00:00,279.9,285.0,278.0,279.35,25833
2021-08-31,00:00:00,282.5,282.5,270.0,271.35,23938
2021-09-01,00:00:00,274.9,274.9,262.05,265.6,13637
2021-09-02,00:00:00,265.0,272.0,263.5,267.3,13832
2021-09-03,00:00:00,268.05,272.0,264.05,268.0,8239
2021-09-06,00:00:00,273.7,280.0,266.45,270.85,24023
2021-09-07,00:00:00,274.0,274.0,264.8,268.9,7132
2021-09-08,00:00:00,274.5,278.0,266.8,273.5,11057
2021-09-09,00:00:00,277.5,277.5,270.0,270.55,7859
2021-09-13,00:00:00,272.0,274.25,265.0,268.2,12257
2021-09-14,00:00:00,268.2,279.0,268.2,274.35,15678
2021-09-15,00:00:00,275.0,280.0,267.25,277.15,17117
2021-09-16,00:00:00,273.0,276.95,270.15,272.0,11113
2021-09-17,00:00:00,267.1,274.7,264.05,264.5,15097
2021-09-20,00:00:00,268.0,268.0,252.0,257.0,16265
2021-09-21,00:00:00,260.7,260.7,250.35,255.35,10018
2021-09-22,00:00:00,261.95,268.1,255.6,263.4,17186
2021-09-23,00:00:00,262.4,276.55,259.25,268.7,14035
2021-09-24,00:00:00,270.0,274.15,264.2,264.65,15745
2021-09-27,00:00:00,270.0,270.0,261.95,263.1,12201
2021-09-28,00:00:00,262.0,265.55,260.05,261.1,7878
2021-09-29,00:00:00,260.0,264.2,258.1,262.7,10302
2021-09-30,00:00:00,267.4,273.0,261.85,271.35,16762
2021-10-01,00:00:00,275.0,284.9,270.0,284.9,15228
2021-10-04,00:00:00,287.0,299.1,286.0,298.1,35921
2021-10-05,00:00:00,306.95,306.95,295.2,296.8,24399
2021-10-06,00:00:00,296.8,297.65,289.95,291.9,16123
2021-10-07,00:00:00,295.0,301.05,288.8,290.1,14514
2021-10-08,00:00:00,290.2,297.4,288.1,289.85,11383
2021-10-11,00:00:00,295.0,301.9,292.75,296.9,28636
2021-10-12,00:00:00,309.0,309.0,295.0,295.45,21076
2021-10-13,00:00:00,302.0,302.0,291.0,292.8,18160
2021-10-14,00:00:00,291.0,298.7,289.0,290.4,8663
2021-10-18,00:00:00,292.2,300.0,276.0,287.95,31492
2021-10-19,00:00:00,288.25,296.0,282.0,285.7,18995
2021-10-20,00:00:00,288.95,288.95,276.4,278.1,12884
2021-10-21,00:00:00,281.35,285.0,277.05,280.85,8321
2021-10-22,00:00:00,285.8,289.9,270.0,273.15,12661
2021-10-25,00:00:00,280.0,280.0,265.35,270.0,11634
2021-10-26,00:00:00,264.25,283.5,264.25,282.55,10242
2021-10-27,00:00:00,293.0,293.0,273.35,289.3,12517
2021-10-28,00:00:00,293.95,294.6,286.35,290.05,10242
2021-10-29,00:00:00,290.0,304.55,280.1,304.55,47502
2021-11-01,00:00:00,307.9,319.75,307.9,319.75,34220
2021-11-02,00:00:00,324.75,335.7,322.0,335.7,26371
2021-11-03,00:00:00,352.3,352.45,345.0,351.2,45374
2021-11-04,00:00:00,355.0,361.8,342.1,350.3,18252
2021-11-08,00:00:00,359.0,365.2,345.1,351.15,17481
2021-11-09,00:00:00,345.15,362.75,345.15,356.75,27139
2021-11-10,00:00:00,374.55,374.55,356.75,360.05,61439
2021-11-11,00:00:00,368.95,371.9,347.0,349.6,49835
2021-11-12,00:00:00,345.1,354.95,336.1,339.8,12429
2021-11-15,00:00:00,339.8,352.75,326.0,329.9,15028
2021-11-16,00:00:00,344.0,344.0,323.3,326.45,14494
2021-11-17,00:00:00,338.65,338.65,320.0,323.3,10814
2021-11-18,00:00:00,320.7,327.95,312.0,315.0,7817
2021-11-22,00:00:00,316.4,316.4,299.25,299.65,19586
2021-11-23,00:00:00,286.6,306.9,286.6,303.5,7556
2021-11-24,00:00:00,310.0,318.65,304.65,316.8,11535
2021-11-25,00:00:00,319.0,319.0,308.1,312.75,5094
2021-11-26,00:00:00,310.0,311.6,299.05,300.5,17520
2021-11-29,00:00:00,297.8,299.95,285.5,286.4,30459
2021-11-30,00:00:00,278.0,295.0,278.0,290.3,11253
2021-12-01,00:00:00,283.6,304.8,283.6,299.95,7077
2021-12-02,00:00:00,303.0,314.9,300.6,314.9,21605
2021-12-03,00:00:00,321.0,323.8,310.0,316.75,17205
2021-12-06,00:00:00,327.7,327.7,315.0,315.5,3859
2021-12-07,00:00:00,330.0,336.7,315.5,319.15,25182
2021-12-08,00:00:00,323.9,338.8,319.05,321.0,27436
2021-12-09,00:00:00,322.15,327.85,319.85,322.05,6921
2021-12-10,00:00:00,329.8,329.8,318.7,322.5,3920
2021-12-13,00:00:00,328.8,329.95,320.0,320.55,4168
2021-12-14,00:00:00,325.0,325.0,320.0,320.05,3579
2021-12-15,00:00:00,315.7,324.95,315.55,320.15,4504
2021-12-16,00:00:00,328.35,328.5,315.0,317.1,5472
2021-12-17,00:00:00,317.35,321.85,300.85,305.35,6415
2021-12-20,00:00:00,300.1,300.5,288.0,290.95,6808
2021-12-21,00:00:00,293.0,309.8,290.8,302.35,9573
2021-12-22,00:00:00,309.75,318.0,303.2,314.5,4658
2021-12-23,00:00:00,323.0,330.0,313.15,327.65,20141
2021-12-24,00:00:00,329.5,378.0,326.0,346.3,101033
2021-12-27,00:00:00,347.45,359.5,336.25,347.0,27631
2021-12-28,00:00:00,348.0,380.0,348.0,367.4,105713
2021-12-29,00:00:00,380.1,385.0,370.0,373.25,42641
2021-12-30,00:00:00,376.0,376.7,358.85,367.05,18943
2021-12-31,00:00:00,367.2,372.5,362.5,363.7,12315
2022-01-03,00:00:00,365.0,372.5,358.0,367.45,14496
2022-01-04,00:00:00,363.75,372.0,363.75,367.75,25183
2022-01-05,00:00:00,374.7,421.0,367.1,396.2,130560
2022-01-06,00:00:00,395.35,475.4,390.0,475.4,440402
2022-01-07,00:00:00,486.0,503.7,442.1,458.85,335495
2022-01-10,00:00:00,458.0,458.5,444.0,445.8,61512
2022-01-11,00:00:00,445.8,458.0,426.45,430.9,50283
2022-01-12,00:00:00,429.5,433.15,414.0,415.1,29604
2022-01-13,00:00:00,429.9,430.0,405.1,411.05,21494
2022-01-14,00:00:00,411.05,423.0,411.05,420.2,19582
2022-01-17,00:00:00,425.95,451.0,421.45,438.95,36403
2022-01-18,00:00:00,443.3,449.8,421.2,424.45,15022
2022-01-19,00:00:00,415.2,429.9,415.2,421.95,15999
2022-01-20,00:00:00,425.35,443.95,423.25,434.5,25801
2022-01-21,00:00:00,443.0,444.05,407.6,417.3,22514
2022-01-24,00:00:00,429.0,429.0,390.0,394.15,21181
2022-01-25,00:00:00,390.0,420.0,384.0,417.65,14800
2022-01-27,00:00:00,414.95,421.05,402.1,417.15,9819
2022-01-28,00:00:00,420.0,435.0,414.0,418.15,7558
2022-01-31,00:00:00,428.95,429.5,413.75,415.9,11047
2022-02-01,00:00:00,416.0,427.15,412.0,416.75,9721
2022-02-02,00:00:00,423.75,500.1,414.0,500.1,206203
2022-02-03,00:00:00,507.9,507.9,468.6,471.7,107404
2022-02-04,00:00:00,498.0,566.0,482.0,560.65,407313
2022-02-07,00:00:00,559.0,565.2,527.0,535.5,175084
2022-02-08,00:00:00,541.4,588.0,541.4,550.35,201934
2022-02-09,00:00:00,557.9,564.0,519.25,529.15,71865
2022-02-10,00:00:00,530.0,563.05,500.0,533.6,92137
2022-02-11,00:00:00,522.6,543.25,513.6,524.6,34987
2022-02-14,00:00:00,518.7,530.0,463.6,475.9,55147
2022-02-15,00:00:00,470.2,496.0,462.45,486.9,34662
2022-02-16,00:00:00,498.0,522.9,477.55,503.65,50417
2022-02-17,00:00:00,506.5,518.0,490.4,493.6,22601
2022-02-18,00:00:00,488.0,498.7,481.0,482.35,14977
2022-02-21,00:00:00,482.0,482.0,450.0,452.85,25063
2022-02-22,00:00:00,425.0,442.55,420.35,434.6,31811
2022-02-23,00:00:00,442.0,463.0,435.5,443.85,26583
2022-02-24,00:00:00,412.0,429.9,402.0,405.7,60411
2022-02-25,00:00:00,419.0,449.0,419.0,438.4,32244
2022-02-28,00:00:00,438.0,444.55,423.6,437.0,36096
2022-03-02,00:00:00,430.0,448.4,430.0,433.4,13491
2022-03-03,00:00:00,450.0,512.5,441.05,499.5,190720
2022-03-04,00:00:00,502.0,533.55,476.0,485.15,164628
2022-03-07,00:00:00,476.95,505.4,461.3,495.35,66988
2022-03-08,00:00:00,495.0,524.15,495.0,503.4,52925
2022-03-09,00:00:00,513.0,518.0,499.0,503.95,32014
2022-03-10,00:00:00,522.5,534.8,506.0,508.3,31752
2022-03-11,00:00:00,505.0,565.0,504.15,534.15,144034
2022-03-14,00:00:00,540.05,547.0,519.0,524.3,51575
2022-03-15,00:00:00,528.0,629.15,525.9,625.8,444926
2022-03-16,00:00:00,647.0,654.8,592.0,599.2,335593
2022-03-17,00:00:00,615.0,634.8,597.95,602.6,119043
2022-03-21,00:00:00,605.0,617.45,590.9,599.7,73075
2022-03-22,00:00:00,600.2,618.9,595.0,603.85,43540
2022-03-23,00:00:00,612.7,643.1,603.9,609.7,73288
2022-03-24,00:00:00,617.8,617.8,587.0,592.65,35122
2022-03-25,00:00:00,594.9,608.0,570.0,575.7,39717
2022-03-28,00:00:00,580.9,591.05,557.3,567.1,30962
2022-03-29,00:00:00,569.0,573.0,541.15,545.8,29298
2022-03-30,00:00:00,556.0,623.0,555.75,604.35,120507
2022-03-31,00:00:00,612.0,617.0,575.2,592.85,49124
2022-04-01,00:00:00,598.0,660.0,583.6,633.75,125540
2022-04-04,00:00:00,638.0,647.0,616.75,623.75,31866
2022-04-05,00:00:00,629.95,639.9,616.2,623.4,25577
2022-04-06,00:00:00,631.0,631.0,603.6,615.55,24438
2022-04-07,00:00:00,622.0,667.0,606.0,610.75,31492
2022-04-08,00:00:00,618.0,618.0,583.0,600.15,52682
2022-04-11,00:00:00,601.15,629.85,601.15,613.8,34291
2022-04-12,00:00:00,614.7,616.8,595.0,604.85,21086
2022-04-13,00:00:00,615.8,657.7,604.35,622.2,80774
2022-04-18,00:00:00,622.7,691.55,620.0,648.4,170466
2022-04-19,00:00:00,654.0,689.0,603.6,617.15,70890
2022-04-20,00:00:00,620.0,642.0,612.0,621.05,33023
2022-04-21,00:00:00,632.8,633.9,602.5,607.35,40318
2022-04-22,00:00:00,607.0,633.0,603.9,616.85,33871
2022-04-25,00:00:00,605.5,635.5,604.7,609.35,43135
2022-04-26,00:00:00,619.5,630.4,602.1,606.55,31598
2022-04-27,00:00:00,604.7,604.7,576.0,582.85,43752
2022-04-28,00:00:00,598.0,606.0,573.6,580.25,40464
2022-04-29,00:00:00,594.35,595.6,578.5,580.85,24439
2022-05-02,00:00:00,570.1,576.6,551.25,564.25,17750
2022-05-04,00:00:00,571.0,579.6,521.0,527.15,51015
2022-05-05,00:00:00,535.0,548.8,497.6,503.95,31607
2022-05-06,00:00:00,493.7,505.5,487.35,499.25,18835
2022-05-09,00:00:00,487.0,523.75,474.0,495.2,28572
2022-05-10,00:00:00,495.0,514.9,462.25,464.85,32995
2022-05-11,00:00:00,463.05,484.65,421.5,429.7,28759
2022-05-12,00:00:00,421.0,466.85,406.65,451.65,43978
2022-05-13,00:00:00,460.0,510.4,460.0,473.05,52495
2022-05-16,00:00:00,480.0,492.95,460.5,462.9,24673
2022-05-17,00:00:00,465.0,486.5,465.0,484.5,19331
2022-05-18,00:00:00,497.85,510.05,478.55,484.7,40528
2022-05-19,00:00:00,460.15,493.9,460.15,469.95,32114
2022-05-20,00:00:00,483.1,494.95,466.6,471.55,20591
2022-05-23,00:00:00,476.0,489.9,465.5,470.8,26509
2022-05-24,00:00:00,475.55,483.85,444.5,454.4,17208
2022-05-25,00:00:00,460.0,460.0,413.35,424.45,23175
2022-05-26,00:00:00,406.05,414.9,392.55,401.35,36792
2022-05-27,00:00:00,419.0,424.7,396.05,402.45,21290
2022-05-30,00:00:00,415.0,417.9,405.95,413.55,13131
2022-05-31,00:00:00,415.9,422.45,408.0,412.5,16270
2022-06-01,00:00:00,416.0,425.0,407.0,410.6,9810
2022-06-02,00:00:00,418.85,418.9,397.0,416.6,12208
2022-06-03,00:00:00,425.0,479.5,425.0,438.2,111969
2022-06-06,00:00:00,443.0,443.0,420.0,427.05,25114
2022-06-07,00:00:00,426.1,426.1,415.15,419.85,13297
2022-06-08,00:00:00,426.95,427.0,407.0,409.8,14153
2022-06-09,00:00:00,409.6,409.9,401.15,405.3,12151
2022-06-10,00:00:00,402.2,403.9,396.7,398.0,6578
2022-06-13,00:00:00,395.5,412.0,378.15,381.05,13089
2022-06-14,00:00:00,383.2,396.9,370.0,371.7,15155
2022-06-15,00:00:00,378.0,389.05,373.0,376.55,10218
2022-06-16,00:00:00,382.0,386.0,345.4,366.75,32363
2022-06-17,00:00:00,360.0,366.0,340.5,344.35,16733
2022-06-20,00:00:00,345.0,350.2,317.0,321.8,20280
2022-06-21,00:00:00,325.0,342.4,323.0,332.8,17634
2022-06-22,00:00:00,339.0,345.7,330.35,334.15,13024
2022-06-23,00:00:00,348.9,348.9,325.3,329.2,7137
2022-06-24,00:00:00,334.15,384.4,334.15,371.1,104396
2022-06-27,00:00:00,377.7,392.9,372.25,377.0,47753
2022-06-28,00:00:00,371.0,383.95,366.8,380.1,21174
2022-06-29,00:00:00,375.0,398.45,365.0,391.3,21440
2022-06-30,00:00:00,395.0,450.95,395.0,439.1,253547
2022-07-01,00:00:00,445.45,450.85,416.35,422.95,85331
2022-07-04,00:00:00,422.95,424.9,412.0,414.7,15594
2022-07-05,00:00:00,414.7,436.8,412.35,418.65,9915
2022-07-06,00:00:00,430.0,430.0,401.0,407.2,12331
2022-07-07,00:00:00,416.3,416.4,401.7,406.55,7705
2022-07-08,00:00:00,423.0,423.0,405.15,407.7,10349
2022-07-11,00:00:00,409.95,426.0,405.0,420.15,16357
2022-07-12,00:00:00,424.9,435.0,418.3,425.6,23717
2022-07-13,00:00:00,432.0,434.5,416.4,417.7,9068
2022-07-14,00:00:00,420.15,422.95,397.45,405.5,10450
2022-07-15,00:00:00,406.0,413.95,390.45,396.65,11149
2022-07-18,00:00:00,398.35,449.0,398.35,433.5,94626
2022-07-19,00:00:00,436.0,455.8,432.75,441.65,55420
2022-07-20,00:00:00,454.4,454.4,422.1,427.55,46064
2022-07-21,00:00:00,432.0,433.95,425.35,428.05,16136
2022-07-22,00:00:00,439.25,439.25,421.0,422.9,19413
2022-07-25,00:00:00,415.0,421.85,400.6,404.8,34541
2022-07-26,00:00:00,406.0,412.45,392.0,394.25,15294
2022-07-27,00:00:00,392.55,419.9,391.05,405.75,23245
2022-07-28,00:00:00,411.95,412.0,396.1,401.0,18167
2022-07-29,00:00:00,409.0,412.0,387.05,394.25,33574
2022-08-01,00:00:00,396.9,400.0,385.45,387.4,39063
2022-08-02,00:00:00,395.9,399.0,380.75,383.65,20903
2022-08-03,00:00:00,386.0,389.6,371.75,376.4,13217
2022-08-04,00:00:00,377.0,396.0,368.35,374.55,30481
2022-08-05,00:00:00,383.0,387.45,372.5,375.7,14757
2022-08-08,00:00:00,371.8,378.45,361.4,363.7,12389
2022-08-10,00:00:00,365.0,369.7,355.55,358.5,13540
2022-08-11,00:00:00,360.0,370.85,344.6,348.6,18537
2022-08-12,00:00:00,357.7,372.0,349.05,363.45,20962
2022-08-16,00:00:00,363.45,375.2,358.1,363.4,13486
2022-08-17,00:00:00,371.0,371.0,363.4,367.3,21890
2022-08-18,00:00:00,373.5,419.0,368.7,398.85,127076
2022-08-19,00:00:00,403.25,407.0,384.0,389.85,24078
2022-08-22,00:00:00,386.0,390.4,372.05,373.75,20566
2022-08-23,00:00:00,373.75,385.1,369.65,379.4,9229
2022-08-24,00:00:00,385.5,408.45,362.35,395.75,35291
2022-08-25,00:00:00,400.4,407.7,383.7,386.2,16408
2022-08-26,00:00:00,400.0,404.75,385.0,386.8,17503
2022-08-29,00:00:00,380.0,386.05,360.15,374.0,24484
2022-08-30,00:00:00,371.2,391.4,371.2,379.65,21839
2022-09-01,00:00:00,385.0,395.0,379.1,380.65,17546
2022-09-02,00:00:00,389.45,389.45,373.2,378.7,9385
2022-09-05,00:00:00,382.0,391.95,371.2,381.9,39208
2022-09-06,00:00:00,385.75,388.4,375.1,380.45,13453
2022-09-07,00:00:00,380.45,387.55,379.35,382.9,16252
2022-09-08,00:00:00,388.0,394.7,381.05,383.55,18544
2022-09-09,00:00:00,388.95,388.95,380.0,381.1,10055
2022-09-12,00:00:00,382.65,392.2,382.0,389.8,16549
2022-09-13,00:00:00,391.5,410.0,387.7,399.0,69229
2022-09-14,00:00:00,397.0,404.2,385.7,394.65,21904
2022-09-15,00:00:00,395.0,408.0,395.0,400.1,30218
2022-09-16,00:00:00,400.1,404.95,375.1,377.35,18857
2022-09-19,00:00:00,380.0,389.3,374.5,375.7,20287
2022-09-20,00:00:00,383.3,384.45,370.1,372.1,15527
2022-09-21,00:00:00,375.1,377.0,368.15,373.65,7402
2022-09-22,00:00:00,370.15,380.2,370.15,372.8,13100
2022-09-23,00:00:00,367.55,376.45,365.1,373.75,10613
2022-09-26,00:00:00,380.0,380.0,352.5,365.05,17823
2022-09-27,00:00:00,375.0,375.0,358.65,360.4,7831
2022-09-28,00:00:00,360.4,362.8,348.0,350.75,7084
2022-09-29,00:00:00,355.15,364.95,350.3,352.1,6438
2022-09-30,00:00:00,353.85,357.6,349.95,353.85,9035
2022-10-03,00:00:00,358.3,362.0,351.0,353.2,9193
2022-10-04,00:00:00,355.0,364.0,353.0,357.1,7043
2022-10-06,00:00:00,361.85,364.2,353.55,355.05,19108
2022-10-07,00:00:00,358.0,360.7,355.05,356.65,7545
2022-10-10,00:00:00,356.65,359.35,353.5,357.0,6789
2022-10-11,00:00:00,359.0,359.0,349.05,349.4,6749
2022-10-12,00:00:00,352.0,352.0,342.2,344.55,5464
2022-10-13,00:00:00,348.0,349.2,340.7,342.2,3184
2022-10-14,00:00:00,348.1,351.0,340.7,342.65,5478
2022-10-17,00:00:00,342.65,345.0,340.2,341.3,3486
2022-10-18,00:00:00,342.45,367.75,342.45,354.3,26121
2022-10-19,00:00:00,353.3,359.05,350.5,352.6,5053
2022-10-20,00:00:00,345.5,351.95,341.4,346.55,6060
2022-10-21,00:00:00,347.55,351.5,340.5,341.3,9209
2022-10-24,00:00:00,349.5,349.5,343.0,346.4,1852
2022-10-25,00:00:00,348.55,349.95,340.0,341.0,4246
2022-10-27,00:00:00,344.75,344.75,330.0,332.25,13822
2022-10-28,00:00:00,339.3,342.5,330.0,332.05,5846
2022-10-31,00:00:00,339.9,339.9,323.1,326.55,5521
2022-11-01,00:00:00,334.0,334.0,306.1,320.55,23832
2022-11-02,00:00:00,320.1,356.9,320.1,343.1,72053
2022-11-03,00:00:00,338.95,354.0,334.1,342.25,11433
2022-11-04,00:00:00,342.25,348.9,336.6,340.0,10097
2022-11-07,00:00:00,340.0,348.0,339.0,342.5,16402
2022-11-09,00:00:00,349.15,349.15,339.05,343.45,13479
2022-11-10,00:00:00,343.45,348.0,330.0,345.65,26883
2022-11-11,00:00:00,346.0,350.0,310.1,325.6,70280
2022-11-14,00:00:00,320.0,331.95,315.55,317.75,22858
2022-11-15,00:00:00,326.0,327.55,312.35,315.75,18666
2022-11-16,00:00:00,313.0,364.0,311.0,326.35,75800
2022-11-17,00:00:00,326.0,328.6,320.5,321.45,7621
2022-11-18,00:00:00,319.5,324.3,316.65,320.75,22423
2022-11-21,00:00:00,330.0,330.0,315.55,318.4,7751
2022-11-22,00:00:00,315.1,324.45,308.1,310.95,14139
2022-11-23,00:00:00,316.9,320.0,307.55,312.55,8671
2022-11-24,00:00:00,315.7,319.95,312.7,313.85,9497
2022-11-25,00:00:00,319.75,326.0,313.55,320.9,12327
2022-11-28,00:00:00,325.0,328.8,318.75,321.85,9224
2022-11-29,00:00:00,326.9,330.0,321.25,325.5,12351
2022-11-30,00:00:00,322.6,339.0,322.6,336.3,21963
2022-12-01,00:00:00,343.8,343.8,327.6,330.7,10799
2022-12-02,00:00:00,327.0,338.0,327.0,336.4,5951
2022-12-05,00:00:00,329.15,347.25,329.15,336.75,8668
2022-12-06,00:00:00,338.8,339.0,330.0,330.8,5297
2022-12-07,00:00:00,330.0,337.0,328.0,330.6,5686
2022-12-08,00:00:00,332.35,335.45,331.1,333.65,4000
2022-12-09,00:00:00,333.65,336.75,325.0,325.65,5541
2022-12-12,00:00:00,325.15,326.9,320.1,321.55,5846
2022-12-13,00:00:00,327.5,327.5,318.0,319.3,11109
2022-12-14,00:00:00,318.2,323.75,318.0,319.55,5680
2022-12-15,00:00:00,326.9,326.9,317.85,320.55,3211
2022-12-16,00:00:00,321.15,325.0,316.0,316.75,5252
2022-12-19,00:00:00,318.6,322.45,318.0,320.15,7076
2022-12-20,00:00:00,323.5,323.5,310.3,314.45,6806
2022-12-21,00:00:00,314.8,320.9,310.0,311.05,6753
2022-12-22,00:00:00,311.05,312.95,296.7,298.5,11650
2022-12-23,00:00:00,297.95,297.95,276.8,280.05,15455
2022-12-26,00:00:00,280.05,314.9,280.05,311.9,17580
2022-12-27,00:00:00,312.0,321.9,310.7,318.7,14086
2022-12-28,00:00:00,320.8,323.9,310.15,320.0,15082
2022-12-29,00:00:00,320.0,329.0,313.1,320.85,11772
2022-12-30,00:00:00,323.55,325.05,312.3,321.55,11113
2023-01-02,00:00:00,313.0,327.05,270.0,325.35,15063
2023-01-03,00:00:00,331.9,336.6,325.0,326.95,10760
2023-01-04,00:00:00,329.55,329.95,312.55,316.85,9690
2023-01-05,00:00:00,316.85,318.4,308.4,311.15,8241
2023-01-06,00:00:00,312.3,315.5,302.9,304.8,12008
2023-01-09,00:00:00,308.0,313.3,304.2,305.3,9649
2023-01-10,00:00:00,310.0,310.0,300.0,304.35,9187
2023-01-11,00:00:00,307.6,308.1,301.5,304.7,6174
2023-01-12,00:00:00,305.5,310.0,300.0,303.95,6154
2023-01-13,00:00:00,301.5,305.5,300.6,302.75,3744
2023-01-16,00:00:00,301.5,306.6,291.0,293.2,15134
2023-01-17,00:00:00,297.4,299.4,293.4,296.55,6803
2023-01-18,00:00:00,299.25,299.25,294.1,297.45,3598
2023-01-19,00:00:00,298.45,299.8,293.0,294.5,5348
2023-01-20,00:00:00,295.05,297.15,293.0,295.8,2911
2023-01-23,00:00:00,303.0,303.0,293.05,293.8,6828
2023-01-24,00:00:00,297.5,298.8,293.05,296.3,7473
2023-01-25,00:00:00,293.0,296.45,290.3,291.65,5600
2023-01-27,00:00:00,290.4,292.45,280.55,285.9,7169
2023-01-30,00:00:00,285.9,289.95,275.3,283.8,7968
2023-01-31,00:00:00,280.65,294.0,280.65,291.95,6183
2023-02-01,00:00:00,295.5,300.5,287.65,291.5,9425
2023-02-02,00:00:00,290.0,296.0,286.0,291.6,5787
2023-02-03,00:00:00,290.5,294.4,286.0,287.45,9478
2023-02-06,00:00:00,280.0,280.0,262.6,269.9,18916
2023-02-07,00:00:00,275.95,276.9,262.05,263.3,13709
2023-02-08,00:00:00,269.25,300.0,263.05,284.5,42443
2023-02-09,00:00:00,289.0,290.0,273.1,275.75,16003
2023-02-10,00:00:00,279.4,280.0,274.05,276.75,4680
2023-02-13,00:00:00,283.0,283.0,266.25,269.15,9945
2023-02-14,00:00:00,274.85,275.95,263.1,266.55,9666
2023-02-15,00:00:00,262.1,269.95,261.0,264.8,9650
2023-02-16,00:00:00,264.0,278.2,260.15,263.0,11413
2023-02-17,00:00:00,260.5,267.95,260.5,263.8,3948
2023-02-20,00:00:00,266.7,266.9,256.6,258.2,7845
2023-02-21,00:00:00,259.05,259.9,255.55,256.25,1944
2023-02-22,00:00:00,260.75,261.0,256.0,256.95,10391
2023-02-23,00:00:00,256.95,258.45,252.0,253.2,5806
2023-02-24,00:00:00,257.0,257.7,252.0,256.5,4100
2023-02-27,00:00:00,258.7,258.7,243.0,244.25,8926
2023-02-28,00:00:00,243.6,247.1,243.0,245.05,2103
2023-03-01,00:00:00,247.0,251.95,244.05,245.1,29196
2023-03-02,00:00:00,245.85,252.55,243.05,248.2,10532
2023-03-03,00:00:00,251.8,252.0,246.0,249.4,11127
2023-03-06,00:00:00,251.9,254.0,246.05,249.65,5825
2023-03-08,00:00:00,249.05,252.15,247.1,249.65,3850
2023-03-09,00:00:00,249.25,252.9,248.6,252.3,2398
2023-03-10,00:00:00,251.1,294.7,246.0,282.1,98967
2023-03-13,00:00:00,286.0,303.45,277.5,279.75,119349
2023-03-14,00:00:00,282.0,288.0,273.5,275.35,17944
2023-03-15,00:00:00,276.5,283.7,261.05,262.65,14611
2023-03-16,00:00:00,261.0,278.75,252.1,262.5,54050
2023-03-17,00:00:00,265.0,271.95,262.3,263.75,19169
2023-03-20,00:00:00,257.9,260.0,251.0,254.95,6943
2023-03-21,00:00:00,255.05,258.45,251.95,253.95,13209
2023-03-22,00:00:00,253.0,285.5,252.4,268.9,47774
2023-03-23,00:00:00,268.85,282.35,258.15,264.75,27117
2023-03-24,00:00:00,273.25,273.95,256.0,256.9,13763
2023-03-27,00:00:00,262.05,265.45,250.0,252.1,10365
2023-03-28,00:00:00,247.6,254.65,242.5,244.2,12377
2023-03-29,00:00:00,248.7,253.95,240.4,245.2,15451
2023-03-31,00:00:00,248.0,258.45,243.35,247.65,12325
2023-04-03,00:00:00,248.0,262.0,248.0,258.05,18207
2023-04-05,00:00:00,259.75,278.0,257.55,272.1,29037
2023-04-06,00:00:00,271.8,279.0,268.0,269.65,13647
2023-04-10,00:00:00,277.0,283.45,254.0,269.3,22662
2023-04-11,00:00:00,275.25,276.0,262.1,263.5,12297
2023-04-12,00:00:00,268.0,273.0,265.0,267.2,16140
2023-04-13,00:00:00,270.25,272.75,265.1,267.1,6403
2023-04-17,00:00:00,262.15,268.9,262.05,265.3,4420
2023-04-18,00:00:00,265.3,275.95,263.9,268.05,15638
2023-04-19,00:00:00,269.7,273.45,266.1,267.1,4470
2023-04-20,00:00:00,271.35,280.0,264.4,269.7,15635
2023-04-21,00:00:00,269.7,279.0,269.05,273.55,27143
2023-04-24,00:00:00,273.6,316.4,273.6,297.35,191601
2023-04-25,00:00:00,299.5,299.5,282.7,288.35,31773
2023-04-26,00:00:00,290.5,306.5,284.05,293.45,30395
2023-04-27,00:00:00,296.05,300.25,281.6,285.55,15382
2023-04-28,00:00:00,284.5,289.4,281.0,284.2,7472
2023-05-02,00:00:00,290.7,299.4,285.0,292.1,11226
2023-05-03,00:00:00,294.0,298.85,287.55,289.65,8033
2023-05-04,00:00:00,286.9,298.65,286.9,293.1,9621
2023-05-05,00:00:00,290.55,293.85,283.75,285.0,6481
2023-05-08,00:00:00,289.25,289.35,283.55,284.6,4247
2023-05-09,00:00:00,287.85,292.65,282.0,282.6,11559
2023-05-10,00:00:00,285.0,286.95,278.5,279.2,11066
2023-05-11,00:00:00,279.65,285.85,279.05,281.25,5032
2023-05-12,00:00:00,281.25,286.0,276.0,278.4,3578
2023-05-15,00:00:00,283.5,283.5,275.15,278.65,7113
2023-05-16,00:00:00,281.8,283.65,278.0,279.05,2949
2023-05-17,00:00:00,285.0,285.0,275.8,277.1,3204
2023-05-18,00:00:00,280.0,289.3,277.0,280.15,6665
2023-05-19,00:00:00,278.55,283.4,275.0,277.25,7194
2023-05-22,00:00:00,279.9,285.8,271.1,281.15,16937
2023-05-23,00:00:00,282.95,289.0,278.3,286.35,15655
2023-05-24,00:00:00,284.65,288.65,278.5,279.6,8306
2023-05-25,00:00:00,280.0,283.95,277.55,280.25,8146
2023-05-26,00:00:00,285.5,288.0,276.05,280.65,11675
2023-05-29,00:00:00,281.0,293.9,277.1,282.05,16060
2023-05-30,00:00:00,285.4,286.05,279.15,280.4,8829
2023-05-31,00:00:00,285.5,285.5,273.0,275.25,7005
2023-06-01,00:00:00,278.95,279.95,273.0,273.85,8275
2023-06-02,00:00:00,280.5,280.5,271.1,271.8,7362
2023-06-05,00:00:00,278.5,278.5,271.5,272.8,5771
2023-06-06,00:00:00,275.0,279.95,272.5,273.85,17223
2023-06-07,00:00:00,277.5,277.85,273.05,274.85,11342
2023-06-08,00:00:00,273.05,277.0,272.0,273.2,7685
2023-06-09,00:00:00,273.0,277.3,272.05,273.4,5267
2023-06-12,00:00:00,268.5,275.4,268.5,273.5,3429
2023-06-13,00:00:00,278.0,297.0,273.8,281.0,35411
2023-06-14,00:00:00,283.9,304.0,283.9,297.5,52402
2023-06-15,00:00:00,299.8,302.9,291.55,292.25,16671
2023-06-16,00:00:00,289.0,301.0,289.0,297.9,10603
2023-06-19,00:00:00,302.9,310.0,299.1,303.35,35938
2023-06-20,00:00:00,303.35,307.7,300.45,301.95,9242
2023-06-21,00:00:00,305.0,309.95,302.05,303.0,12986
2023-06-22,00:00:00,309.5,313.0,300.75,305.65,21029
2023-06-23,00:00:00,309.5,311.95,300.1,303.05,8590
2023-06-26,00:00:00,307.0,307.0,296.0,296.25,5045
2023-06-27,00:00:00,300.7,303.0,292.15,293.15,12053
2023-06-28,00:00:00,294.0,298.5,292.5,294.5,6109
2023-06-30,00:00:00,294.0,299.0,294.0,297.2,6734
2023-07-03,00:00:00,297.0,299.85,290.0,293.65,5447
2023-07-04,00:00:00,296.2,299.0,292.0,294.3,5370
2023-07-05,00:00:00,290.0,297.95,290.0,293.35,3734
2023-07-06,00:00:00,293.55,298.75,286.0,291.0,11181
2023-07-07,00:00:00,295.75,296.4,286.45,290.5,6360
2023-07-10,00:00:00,298.0,298.0,285.0,285.5,4659
2023-07-11,00:00:00,286.0,291.15,282.2,283.9,5076
2023-07-12,00:00:00,283.9,308.45,283.6,303.3,19560
2023-07-13,00:00:00,308.85,308.9,293.55,298.3,12963
2023-07-14,00:00:00,303.75,303.75,292.55,297.55,9096
2023-07-17,00:00:00,303.45,307.45,293.75,296.6,18081
2023-07-18,00:00:00,299.6,301.35,292.0,293.35,6742
2023-07-19,00:00:00,295.2,304.0,295.0,299.2,15449
2023-07-20,00:00:00,304.8,306.25,296.15,297.55,7558
2023-07-21,00:00:00,303.45,303.45,294.05,297.45,4350
2023-07-24,00:00:00,297.45,303.35,294.85,295.65,3234
2023-07-25,00:00:00,299.1,300.5,287.35,290.55,7011
2023-07-26,00:00:00,292.0,296.9,285.55,289.3,6587
2023-07-27,00:00:00,289.0,293.9,288.0,289.7,4490
2023-07-28,00:00:00,290.0,296.0,286.8,287.75,3875
2023-07-31,00:00:00,292.0,297.5,287.55,292.7,6342
2023-08-01,00:00:00,295.0,297.8,291.0,291.55,5444
2023-08-02,00:00:00,295.0,297.6,286.0,287.45,7504
2023-08-03,00:00:00,290.6,294.95,282.05,285.6,7056
2023-08-04,00:00:00,286.0,291.85,286.0,287.0,6989
2023-08-07,00:00:00,287.05,296.0,287.0,294.4,11688
2023-08-08,00:00:00,290.0,292.95,284.95,286.65,15120
2023-08-09,00:00:00,295.25,295.25,286.0,292.0,5196
2023-08-10,00:00:00,288.0,289.9,282.05,283.75,15671
2023-08-11,00:00:00,283.75,285.95,280.15,281.4,7891
2023-08-14,00:00:00,280.0,280.0,268.9,272.3,12603
2023-08-16,00:00:00,271.6,276.9,268.2,274.6,4564
2023-08-17,00:00:00,275.05,285.45,272.0,282.1,4507
2023-08-18,00:00:00,281.95,284.0,277.0,279.25,8514
2023-08-21,00:00:00,279.45,286.85,277.5,278.6,5100
2023-08-22,00:00:00,277.5,284.2,277.5,280.45,6911
2023-08-23,00:00:00,280.1,284.0,276.05,280.7,11231
2023-08-24,00:00:00,281.1,288.0,279.05,282.6,10352
2023-08-25,00:00:00,283.2,286.4,278.0,282.65,7065
2023-08-28,00:00:00,284.0,287.2,278.55,279.7,8929
2023-08-29,00:00:00,280.0,296.5,279.5,291.35,31603
2023-08-30,00:00:00,291.35,293.95,287.6,290.35,14860
2023-08-31,00:00:00,294.2,294.3,285.0,286.9,14857
2023-09-01,00:00:00,288.05,290.55,286.05,287.55,8760
2023-09-04,00:00:00,286.6,294.0,286.6,290.15,9940
2023-09-05,00:00:00,295.0,296.15,290.05,290.4,11663
2023-09-06,00:00:00,294.9,296.0,286.95,291.75,10511
2023-09-07,00:00:00,295.0,295.0,291.0,292.85,7545
2023-09-08,00:00:00,293.0,308.0,292.65,303.45,33080
2023-09-11,00:00:00,313.0,358.8,312.95,349.8,233205
2023-09-12,00:00:00,349.8,349.8,320.5,323.65,67656
2023-09-13,00:00:00,320.05,343.4,318.25,335.1,63602
2023-09-14,00:00:00,333.0,338.65,327.45,333.45,12223
2023-09-15,00:00:00,333.4,340.0,321.05,323.6,20476
2023-09-18,00:00:00,323.6,333.5,320.4,322.15,13156
2023-09-20,00:00:00,317.3,323.5,310.1,313.4,23131
2023-09-21,00:00:00,315.0,328.9,312.55,317.55,14373
2023-09-22,00:00:00,314.35,325.25,312.0,314.15,6612
2023-09-25,00:00:00,316.2,318.45,311.0,312.25,5957
2023-09-26,00:00:00,315.15,319.9,313.05,315.45,3305
2023-09-27,00:00:00,313.15,318.8,307.15,312.05,4268
2023-09-28,00:00:00,310.85,321.0,310.0,310.45,11504
2023-09-29,00:00:00,310.5,315.15,308.0,310.25,6279
2023-10-03,00:00:00,318.85,318.85,301.0,302.75,12861
2023-10-04,00:00:00,302.75,304.9,297.0,297.85,4866
2023-10-05,00:00:00,298.0,310.0,297.0,304.1,15391
2023-10-06,00:00:00,309.9,309.9,305.55,307.5,6356
2023-10-09,00:00:00,300.6,305.95,294.0,296.05,5877
2023-10-10,00:00:00,296.05,306.35,296.05,302.4,2755
2023-10-11,00:00:00,309.75,309.75,295.35,297.5,6117
2023-10-12,00:00:00,304.7,304.9,297.05,297.35,8437
2023-10-13,00:00:00,295.0,302.95,295.0,297.6,5766
2023-10-16,00:00:00,304.9,305.0,297.15,298.05,6562
2023-10-17,00:00:00,303.8,303.8,298.0,298.7,4657
2023-10-18,00:00:00,301.95,315.15,298.05,304.5,50252
2023-10-19,00:00:00,304.15,309.0,302.3,303.05,3607
2023-10-20,00:00:00,304.85,317.2,304.1,305.55,18091
2023-10-23,00:00:00,305.55,309.45,284.6,286.1,11281
2023-10-25,00:00:00,284.0,295.0,277.25,280.4,13112
2023-10-26,00:00:00,279.25,282.2,272.55,280.7,8425
2023-10-27,00:00:00,282.55,297.05,282.55,291.5,5533
2023-10-30,00:00:00,289.9,295.75,287.1,290.95,6398
2023-10-31,00:00:00,292.2,295.0,284.3,286.4,6799
2023-11-01,00:00:00,286.5,294.45,286.5,290.6,4851
2023-11-02,00:00:00,292.05,294.9,286.9,288.35,5657
2023-11-03,00:00:00,289.55,293.9,287.5,289.35,2113
2023-11-06,00:00:00,288.0,293.6,288.0,291.0,2726
2023-11-07,00:00:00,298.0,298.0,286.8,288.25,3199
2023-11-08,00:00:00,294.0,294.0,287.1,289.45,4391
2023-11-09,00:00:00,293.9,294.0,282.0,284.4,6692
2023-11-10,00:00:00,277.5,289.0,277.0,278.6,6760
2023-11-12,00:00:00,283.7,286.3,278.0,281.8,1223
2023-11-13,00:00:00,280.15,285.15,277.1,278.85,10801
2023-11-15,00:00:00,280.25,293.95,277.55,284.95,17126
2023-11-16,00:00:00,283.2,289.7,280.6,287.45,5884
2023-11-17,00:00:00,293.0,293.0,282.3,283.8,5612
2023-11-20,00:00:00,279.0,287.0,279.0,281.4,6560
2023-11-21,00:00:00,275.0,290.0,275.0,285.8,11425
2023-11-22,00:00:00,290.0,295.7,286.0,292.05,22936
2023-11-23,00:00:00,287.4,311.5,287.4,302.95,57546
2023-11-24,00:00:00,310.55,313.5,302.0,305.4,16772
2023-11-28,00:00:00,311.5,311.5,302.0,303.5,10511
2023-11-29,00:00:00,303.45,306.95,299.25,301.1,6116
2023-11-30,00:00:00,299.0,304.1,296.2,297.35,5427
2023-12-01,00:00:00,297.0,304.8,297.0,299.55,5056
2023-12-04,00:00:00,295.1,304.95,295.1,300.8,15742
2023-12-05,00:00:00,302.45,304.9,294.3,296.2,7052
2023-12-06,00:00:00,299.8,303.0,297.0,299.4,7251
2023-12-07,00:00:00,300.15,304.0,292.0,296.8,9811
2023-12-08,00:00:00,297.1,302.0,292.5,294.75,5803
2023-12-11,00:00:00,295.0,301.7,295.0,296.6,5403
2023-12-12,00:00:00,299.95,302.2,294.15,294.9,9629
2023-12-13,00:00:00,299.9,299.9,294.65,296.05,2609
2023-12-14,00:00:00,299.9,300.0,294.0,294.85,12274
2023-12-15,00:00:00,296.9,299.0,290.5,292.25,6555
2023-12-18,00:00:00,298.0,299.5,290.0,293.9,4995
2023-12-19,00:00:00,290.6,302.0,290.6,295.15,8560
2023-12-20,00:00:00,297.95,298.5,288.0,289.65,7332
2023-12-21,00:00:00,290.1,295.75,288.05,293.35,4424
2023-12-22,00:00:00,290.0,302.65,290.0,296.15,12669
2023-12-26,00:00:00,303.0,306.0,293.1,297.1,14793
2023-12-27,00:00:00,296.5,302.5,296.5,298.85,7764
2023-12-28,00:00:00,298.95,300.95,296.5,297.0,5114
2023-12-29,00:00:00,297.0,310.9,297.0,305.9,29277
2024-01-01,00:00:00,307.6,330.0,307.5,320.3,64797
2024-01-02,00:00:00,326.95,343.3,320.0,322.85,31154
2024-01-03,00:00:00,323.1,329.9,310.8,314.95,13542
2024-01-04,00:00:00,311.5,317.95,310.0,312.65,13474
2024-01-05,00:00:00,316.9,319.65,311.0,311.5,14448
2024-01-08,00:00:00,312.05,320.35,311.0,312.2,9447
2024-01-09,00:00:00,317.9,317.9,309.75,311.95,20153
2024-01-10,00:00:00,315.85,316.85,310.15,312.2,8869
2024-01-11,00:00:00,324.9,324.9,313.95,316.7,7527
2024-01-12,00:00:00,321.95,321.95,311.0,312.6,6322
2024-01-15,00:00:00,312.75,314.9,311.0,312.45,5510
2024-01-16,00:00:00,314.85,317.1,309.05,310.35,8336
2024-01-17,00:00:00,302.3,312.0,302.3,310.5,4340
2024-01-18,00:00:00,302.6,309.9,300.05,300.85,8471
2024-01-19,00:00:00,306.0,318.0,301.55,314.1,23307
2024-01-20,00:00:00,319.0,322.9,313.35,317.55,12189
2024-01-23,00:00:00,313.05,319.15,300.35,300.95,12618
2024-01-24,00:00:00,307.95,308.25,301.05,304.5,4383
2024-01-25,00:00:00,304.15,309.7,302.7,303.55,12143
2024-01-29,00:00:00,308.85,311.35,302.7,306.15,7186
2024-01-30,00:00:00,305.7,318.8,304.1,309.2,21139
2024-01-31,00:00:00,311.15,332.6,311.0,327.2,65763
2024-02-01,00:00:00,334.0,345.0,330.0,336.7,80669
2024-02-02,00:00:00,346.9,346.9,320.5,322.8,24996
2024-02-05,00:00:00,330.0,340.05,320.0,321.7,29045
2024-02-06,00:00:00,328.0,329.95,322.2,323.7,8413
2024-02-07,00:00:00,323.5,350.0,323.5,346.85,68371
2024-02-08,00:00:00,350.0,350.0,335.0,337.35,28272
2024-02-09,00:00:00,338.05,338.25,312.75,317.55,25242
2024-02-12,00:00:00,307.6,307.6,291.15,292.5,48428
2024-02-13,00:00:00,292.5,299.0,280.95,283.4,28222
2024-02-14,00:00:00,289.0,303.4,285.0,301.35,14134
2024-02-15,00:00:00,304.45,312.0,303.45,308.35,7040
2024-02-16,00:00:00,314.9,314.9,305.0,307.15,4876
2024-02-19,00:00:00,310.65,313.95,306.05,306.45,4953
2024-02-20,00:00:00,315.0,315.0,305.15,307.3,5868
2024-02-21,00:00:00,318.05,318.05,304.05,308.2,6610
2024-02-22,00:00:00,311.85,312.0,303.15,306.2,7426
2024-02-23,00:00:00,317.9,317.9,302.0,303.45,8594
2024-02-26,00:00:00,303.4,318.0,303.15,314.95,16831
2024-02-27,00:00:00,315.0,318.8,306.05,308.85,18579
2024-02-28,00:00:00,309.3,311.65,300.6,301.2,7097
2024-02-29,00:00:00,301.8,315.0,293.95,307.6,20305
2024-03-01,00:00:00,310.4,312.0,306.15,307.0,10718
2024-03-02,00:00:00,306.35,312.0,296.5,308.5,857
2024-03-04,00:00:00,314.95,314.95,301.45,304.85,3446
2024-03-05,00:00:00,303.05,306.95,298.1,299.5,4666
2024-03-06,00:00:00,295.15,307.9,290.7,292.75,4999
2024-03-07,00:00:00,294.35,350.0,291.85,334.75,159194
2024-03-11,00:00:00,336.8,344.0,319.0,322.7,56901
2024-03-12,00:00:00,325.75,325.75,286.95,293.45,57207
2024-03-13,00:00:00,292.0,298.0,285.0,285.15,36085
2024-03-14,00:00:00,277.1,293.2,277.1,286.85,20578
2024-03-15,00:00:00,286.25,293.7,284.0,288.1,8334
2024-03-18,00:00:00,292.0,292.0,285.8,286.4,6464
2024-03-19,00:00:00,283.0,291.2,277.35,279.95,8516
2024-03-20,00:00:00,281.05,281.65,275.1,276.4,11973
2024-03-21,00:00:00,283.9,289.75,277.35,281.4,8237
2024-03-22,00:00:00,281.4,290.0,281.4,284.95,5663
2024-03-26,00:00:00,293.95,293.95,280.5,282.6,6467
2024-03-27,00:00:00,280.0,285.85,277.0,277.45,7243
2024-03-28,00:00:00,271.95,286.5,271.95,277.05,17036
2024-04-01,00:00:00,277.2,294.0,277.2,291.15,7033
2024-04-02,00:00:00,291.0,302.2,289.45,297.0,14496
2024-04-03,00:00:00,297.95,308.9,292.05,297.15,8403
2024-04-04,00:00:00,298.2,303.45,297.2,301.9,8507
2024-04-05,00:00:00,300.9,305.0,299.4,303.4,5941
2024-04-08,00:00:00,301.1,305.95,298.5,301.85,9080
2024-04-09,00:00:00,303.25,308.0,296.1,297.9,3340
2024-04-10,00:00:00,299.5,303.7,295.2,302.3,3951
2024-04-12,00:00:00,299.6,302.35,295.35,296.15,8806
2024-04-15,00:00:00,287.5,294.15,287.5,290.4,6646
2024-04-16,00:00:00,287.8,293.95,287.8,289.65,4409
2024-04-18,00:00:00,291.2,299.95,289.15,294.0,7735
2024-04-19,00:00:00,291.3,291.95,282.2,290.1,5453
2024-04-22,00:00:00,298.75,308.0,297.0,302.55,14378
2024-04-23,00:00:00,304.05,305.0,298.0,301.1,14904
2024-04-24,00:00:00,302.65,306.0,299.1,303.15,3574
2024-04-25,00:00:00,300.45,309.9,300.05,305.55,12174
2024-04-26,00:00:00,306.95,308.2,300.1,301.1,5523
2024-04-29,00:00:00,295.1,303.85,295.05,301.25,5336
2024-04-30,00:00:00,309.65,309.65,300.0,301.3,6315
2024-05-02,00:00:00,309.0,309.0,300.4,301.0,5740
2024-05-03,00:00:00,306.4,306.4,297.05,299.25,13182
2024-05-06,00:00:00,299.1,302.9,295.1,296.7,5604
2024-05-07,00:00:00,296.7,304.0,296.0,297.45,15496
2024-05-08,00:00:00,296.1,299.45,293.55,294.65,3927
2024-05-09,00:00:00,294.65,299.9,284.95,285.3,27332
2024-05-10,00:00:00,287.0,294.4,280.1,285.65,8250
2024-05-13,00:00:00,290.5,291.0,282.1,283.15,2854
2024-05-14,00:00:00,290.05,291.75,284.1,288.9,2376
2024-05-15,00:00:00,286.1,295.4,286.1,292.4,7702
2024-05-16,00:00:00,287.9,295.45,287.9,292.2,24578
2024-05-17,00:00:00,294.6,294.6,291.0,291.9,8430
2024-05-18,00:00:00,292.75,294.5,291.1,293.25,293
2024-05-21,00:00:00,295.8,295.8,283.95,286.05,16292
2024-05-22,00:00:00,290.05,291.3,287.05,288.55,2322
2024-05-23,00:00:00,290.1,293.1,287.05,288.55,7840
2024-05-24,00:00:00,289.15,297.5,286.0,287.25,4663
2024-05-27,00:00:00,286.25,293.65,286.25,289.15,1561
2024-05-28,00:00:00,294.45,294.45,282.0,283.55,9307
2024-05-29,00:00:00,290.0,291.5,281.85,286.65,4285
2024-05-30,00:00:00,284.45,286.6,280.0,280.55,8017
2024-05-31,00:00:00,284.35,284.65,280.1,283.25,7433
2024-06-03,00:00:00,298.8,298.8,284.5,284.9,8381
2024-06-04,00:00:00,284.7,284.75,266.05,270.75,12225
2024-06-05,00:00:00,274.5,275.75,263.5,269.45,15299
2024-06-06,00:00:00,273.95,279.9,268.5,271.85,16830
2024-06-07,00:00:00,277.2,279.3,272.9,276.65,11397
2024-06-10,00:00:00,280.8,285.0,277.0,277.65,8837
2024-06-11,00:00:00,278.5,285.85,278.15,281.6,14432
2024-06-12,00:00:00,282.95,295.7,282.95,289.2,36498
2024-06-13,00:00:00,297.0,299.85,289.5,295.4,23162
2024-06-14,00:00:00,296.95,305.0,273.6,295.3,21267
2024-06-18,00:00:00,297.3,302.5,290.65,294.65,28874
2024-06-19,00:00:00,303.0,303.0,290.5,293.25,34671
2024-06-20,00:00:00,294.15,306.0,294.15,301.35,50129
2024-06-21,00:00:00,304.7,308.7,301.35,303.1,9580
2024-06-24,00:00:00,301.6,327.05,297.4,317.9,58591
2024-06-25,00:00:00,320.0,323.45,314.1,316.2,33942
2024-06-26,00:00:00,315.6,321.0,309.65,312.1,15388
2024-06-27,00:00:00,312.1,315.0,300.0,305.25,6890
2024-06-28,00:00:00,306.3,314.45,303.8,306.6,19901
2024-07-01,00:00:00,307.75,333.15,306.1,325.15,125437
2024-07-02,00:00:00,326.85,344.85,326.8,329.7,105313
2024-07-03,00:00:00,337.0,337.0,325.0,326.75,23446
2024-07-04,00:00:00,329.0,329.0,315.3,317.0,16091
2024-07-05,00:00:00,317.0,326.05,315.95,324.15,31157
2024-07-08,00:00:00,325.8,328.8,320.0,324.75,36542
2024-07-09,00:00:00,324.75,326.9,318.95,320.5,13629
2024-07-10,00:00:00,318.0,324.35,310.3,314.5,15445
2024-07-11,00:00:00,319.2,323.15,313.5,315.9,10494
2024-07-12,00:00:00,316.6,321.9,313.05,314.15,8357
2024-07-15,00:00:00,315.8,315.8,305.3,307.05,8251
2024-07-16,00:00:00,311.0,340.0,302.0,326.45,86107
2024-07-18,00:00:00,335.0,340.0,316.0,322.4,43094
2024-07-19,00:00:00,322.0,322.45,310.2,312.6,17604
2024-07-22,00:00:00,320.0,328.0,309.2,319.4,19747
2024-07-23,00:00:00,324.2,324.95,309.05,320.05,12862
2024-07-24,00:00:00,321.4,336.15,319.75,321.5,72838
2024-07-25,00:00:00,313.55,331.0,313.55,323.0,36264
2024-07-26,00:00:00,323.5,331.75,316.1,324.45,27358
2024-07-29,00:00:00,326.2,336.0,326.2,330.95,66543
2024-07-30,00:00:00,332.7,344.9,331.05,336.1,59061
2024-07-31,00:00:00,341.15,348.0,336.15,340.65,57655
2024-08-01,00:00:00,337.6,340.35,324.85,326.65,25404
2024-08-02,00:00:00,325.0,332.6,322.55,324.15,7437
2024-08-05,00:00:00,321.2,321.2,302.35,304.35,19330
2024-08-06,00:00:00,309.75,328.95,306.65,308.7,46023
2024-08-07,00:00:00,313.25,317.5,309.05,314.65,20391
2024-08-08,00:00:00,316.3,322.05,310.1,314.6,13903
2024-08-09,00:00:00,319.3,323.55,312.25,315.85,13140
2024-08-12,00:00:00,310.0,319.95,310.0,311.75,11238
2024-08-13,00:00:00,319.95,323.4,308.05,310.3,13880
2024-08-14,00:00:00,316.0,318.75,302.8,305.2,8963
2024-08-16,00:00:00,306.8,309.4,300.35,302.7,9869
2024-08-19,00:00:00,304.3,314.0,304.3,311.95,4972
2024-08-20,00:00:00,311.7,317.45,309.1,310.8,5894
2024-08-21,00:00:00,309.1,326.9,309.1,321.9,13094
2024-08-22,00:00:00,326.75,340.95,325.0,329.95,30319
2024-08-23,00:00:00,331.4,337.1,322.15,324.45,26741
2024-08-26,00:00:00,330.95,332.45,322.05,324.6,10072
2024-08-27,00:00:00,326.25,341.4,321.3,335.75,34829
2024-08-28,00:00:00,340.95,369.95,336.25,360.1,315586
2024-08-29,00:00:00,365.7,374.75,356.1,361.25,91847
2024-08-30,00:00:00,360.0,363.8,348.0,357.85,56265
2024-09-02,00:00:00,368.0,368.0,348.05,350.3,41098
2024-09-03,00:00:00,355.55,356.0,348.95,350.45,42110
2024-09-04,00:00:00,345.2,353.0,336.4,342.15,43936
2024-09-05,00:00:00,347.3,352.95,340.35,343.4,33862
2024-09-06,00:00:00,348.55,348.55,325.3,330.95,57298
2024-09-09,00:00:00,330.35,330.35,321.75,324.4,17318
2024-09-10,00:00:00,329.25,334.35,322.05,328.0,25528
2024-09-11,00:00:00,328.0,337.6,317.8,320.8,17826
2024-09-12,00:00:00,321.0,324.5,320.25,321.8,8644
2024-09-13,00:00:00,323.5,330.95,321.8,325.15,23417
2024-09-16,00:00:00,326.9,332.35,326.0,329.1,15242
2024-09-17,00:00:00,330.2,330.65,323.15,324.15,9410
2024-09-18,00:00:00,324.0,328.8,320.6,321.4,9783
2024-09-19,00:00:00,319.05,324.35,310.9,314.55,12455
2024-09-20,00:00:00,314.2,318.15,310.2,314.4,15859
2024-09-23,00:00:00,314.4,321.4,311.75,318.8,19869
2024-09-24,00:00:00,320.5,325.0,317.7,322.1,10395
2024-09-25,00:00:00,329.0,330.0,317.1,320.05,13349
2024-09-26,00:00:00,321.7,324.25,317.1,318.55,7795
2024-09-27,00:00:00,318.95,327.95,315.1,317.55,14927
2024-09-30,00:00:00,318.0,319.15,312.4,317.25,10401
2024-10-01,00:00:00,316.85,321.95,315.0,316.1,4335
2024-10-03,00:00:00,326.85,326.85,307.75,310.75,8529
2024-10-04,00:00:00,310.75,313.6,304.7,306.05,7216
2024-10-07,00:00:00,316.7,316.7,287.5,289.6,13165
2024-10-08,00:00:00,289.0,309.6,289.0,302.9,6057
2024-10-09,00:00:00,300.5,309.0,300.5,302.55,4790
2024-10-10,00:00:00,302.1,312.0,301.85,302.35,7662
2024-10-11,00:00:00,303.8,308.95,302.05,303.65,8017
2024-10-14,00:00:00,308.2,313.85,300.35,302.85,3119
2024-10-15,00:00:00,302.85,308.85,299.8,304.35,10958
2024-10-16,00:00:00,306.0,315.9,305.75,309.75,7260
2024-10-17,00:00:00,310.95,311.0,300.15,301.45,11835
2024-10-18,00:00:00,301.25,306.4,296.55,302.2,4327
2024-10-21,00:00:00,303.7,362.6,303.7,343.75,330013
2024-10-22,00:00:00,340.05,340.1,305.6,312.4,74339
2024-10-23,00:00:00,313.0,324.5,307.05,315.05,23562
2024-10-24,00:00:00,316.0,322.45,304.0,305.65,26052
2024-10-25,00:00:00,306.15,307.55,294.05,296.8,19742
2024-10-28,00:00:00,292.35,299.9,290.0,292.8,7755
2024-10-29,00:00:00,295.4,299.9,293.0,297.7,4169
2024-10-30,00:00:00,300.05,308.2,297.05,302.65,11609
2024-10-31,00:00:00,306.35,307.1,302.1,302.8,2596
2024-11-01,00:00:00,308.0,309.7,302.0,306.7,2297
2024-11-04,00:00:00,310.45,310.45,299.05,301.5,5173
2024-11-05,00:00:00,306.4,312.0,303.1,307.95,3751
2024-11-06,00:00:00,310.0,313.8,305.05,310.9,5799
2024-11-07,00:00:00,311.5,314.65,307.0,309.95,7538
2024-11-08,00:00:00,309.75,338.0,307.6,326.5,24738
2024-11-11,00:00:00,330.45,338.0,318.5,326.85,21748
2024-11-12,00:00:00,327.7,350.0,319.15,320.55,17762
2024-11-13,00:00:00,327.0,327.9,303.1,305.15,7592
2024-11-14,00:00:00,309.0,314.45,303.95,307.1,5260
2024-11-18,00:00:00,307.0,320.3,301.0,309.85,20137
2024-11-19,00:00:00,318.45,339.0,315.05,318.55,24316
2024-11-21,00:00:00,324.8,338.65,318.4,327.85,28863
2024-11-22,00:00:00,337.55,337.55,327.0,327.55,11256
2024-11-25,00:00:00,327.55,340.0,326.85,327.4,13433
2024-11-26,00:00:00,332.95,335.9,324.75,330.0,9662
2024-11-27,00:00:00,335.0,383.5,330.95,370.7,307656
2024-11-28,00:00:00,375.0,377.8,347.6,355.4,68312
2024-11-29,00:00:00,351.0,362.45,351.0,353.85,28500
2024-12-02,00:00:00,350.9,363.9,350.9,356.45,28584
2024-12-03,00:00:00,361.0,366.3,355.0,356.5,29099
2024-12-04,00:00:00,353.5,362.0,353.0,354.9,14132
2024-12-05,00:00:00,357.9,360.0,352.0,354.3,7220
2024-12-06,00:00:00,357.85,366.95,353.55,356.4,26228
2024-12-09,00:00:00,361.75,368.8,353.35,360.05,27166
2024-12-10,00:00:00,361.0,364.4,349.85,351.95,16217
2024-12-11,00:00:00,359.0,363.2,351.6,356.95,14524
2024-12-12,00:00:00,351.8,355.9,336.25,342.6,41569
2024-12-13,00:00:00,348.9,348.9,334.4,341.1,17239
2024-12-16,00:00:00,338.4,348.95,338.4,344.65,12819
2024-12-17,00:00:00,346.45,360.85,346.45,350.35,22293
2024-12-18,00:00:00,347.2,353.85,337.6,339.5,12669
2024-12-19,00:00:00,339.15,343.4,330.05,339.05,6419
2024-12-20,00:00:00,337.35,343.4,324.1,326.8,9267
2024-12-23,00:00:00,329.0,333.85,316.0,317.75,14493
2024-12-24,00:00:00,319.4,326.05,315.9,320.75,5311
2024-12-26,00:00:00,322.4,328.4,316.95,318.25,7185
2024-12-27,00:00:00,319.9,324.4,315.1,316.75,4708
2024-12-30,00:00:00,318.4,321.85,311.0,313.35,6541
2024-12-31,00:00:00,310.0,315.9,305.6,312.8,8241
2025-01-01,00:00:00,314.3,323.0,312.3,320.0,5744
2025-01-02,00:00:00,320.95,327.55,320.95,322.15,15049
2025-01-03,00:00:00,320.0,330.3,318.45,321.15,44907
2025-01-06,00:00:00,321.0,324.2,301.4,303.65,22768
2025-01-07,00:00:00,304.05,313.7,304.05,307.95,9326
2025-01-08,00:00:00,309.6,310.1,301.1,302.45,4936
2025-01-09,00:00:00,304.0,309.2,295.85,301.45,7981
2025-01-10,00:00:00,302.45,302.8,288.0,294.45,9963
2025-01-13,00:00:00,286.0,294.0,276.05,277.05,9300
2025-01-14,00:00:00,278.5,289.9,276.05,285.75,5212
2025-01-15,00:00:00,289.35,293.65,281.15,283.6,4874
2025-01-16,00:00:00,285.1,294.0,285.1,292.15,4830
2025-01-17,00:00:00,292.15,315.1,289.55,306.85,8868
2025-01-20,00:00:00,308.0,308.0,303.0,305.05,5331
2025-01-21,00:00:00,306.6,309.8,292.15,294.05,8068
2025-01-22,00:00:00,295.6,297.45,289.0,291.55,6769
2025-01-23,00:00:00,292.9,302.85,290.0,291.45,4452
2025-01-24,00:00:00,292.9,298.85,287.0,288.85,5142
2025-01-27,00:00:00,288.0,288.0,276.1,278.0,6272
2025-01-28,00:00:00,279.5,287.4,271.1,277.55,10154
2025-01-29,00:00:00,279.0,284.8,275.1,279.65,6793
2025-01-30,00:00:00,281.1,284.8,277.1,281.35,5383
2025-01-31,00:00:00,282.8,288.1,277.0,285.25,4778
2025-02-01,00:00:00,289.9,289.9,282.55,285.35,5346
2025-02-03,00:00:00,297.75,297.75,276.0,279.4,9711
2025-02-04,00:00:00,281.15,286.9,278.1,279.75,11048
2025-02-05,00:00:00,289.9,289.9,276.9,278.0,9064
2025-02-06,00:00:00,282.15,287.95,278.05,280.2,5526
2025-02-07,00:00:00,282.0,286.7,275.2,277.5,4740
2025-02-10,00:00:00,275.0,283.65,270.4,273.1,5208
2025-02-11,00:00:00,274.7,278.95,258.1,260.45,12992
2025-02-12,00:00:00,258.0,270.0,250.65,254.25,10825
2025-02-13,00:00:00,256.45,268.05,250.15,261.9,8638
2025-02-14,00:00:00,258.25,270.6,251.3,254.35,14351
2025-02-17,00:00:00,252.1,263.05,240.0,242.0,13797
2025-02-18,00:00:00,243.9,249.0,230.35,231.8,9307
2025-02-19,00:00:00,243.05,246.95,229.8,241.25,19451
2025-02-20,00:00:00,246.95,246.95,235.35,244.35,6481
2025-02-21,00:00:00,246.9,249.25,241.4,242.05,6187
2025-02-24,00:00:00,248.0,248.0,237.75,240.65,2164
2025-02-25,00:00:00,237.5,247.4,236.0,244.1,2077
2025-02-27,00:00:00,249.9,249.9,230.7,234.15,4404
2025-02-28,00:00:00,230.8,235.45,225.0,226.35,6139
2025-03-03,00:00:00,234.0,234.97,215.1,218.74,11179
2025-03-04,00:00:00,220.99,231.1,217.0,225.18,4634
2025-03-05,00:00:00,219.41,243.99,219.41,235.39,9670
2025-03-06,00:00:00,232.01,251.99,232.01,244.18,4580
2025-03-07,00:00:00,249.01,258.82,247.03,251.26,11158
2025-03-10,00:00:00,257.01,257.51,237.95,241.9,4459
2025-03-11,00:00:00,235.1,240.05,234.1,236.41,4466
2025-03-12,00:00:00,239.95,244.12,228.37,233.29,22350
2025-03-13,00:00:00,234.0,239.0,231.01,233.8,18273
2025-03-17,00:00:00,239.0,239.0,224.1,227.75,2940
2025-03-18,00:00:00,220.35,236.99,220.35,233.75,3302
2025-03-19,00:00:00,235.18,258.0,235.18,246.64,8977
2025-03-20,00:00:00,252.98,256.98,238.02,239.61,11679
2025-03-21,00:00:00,244.03,248.0,236.35,240.5,7728
2025-03-24,00:00:00,241.5,252.01,241.5,246.43,7337
2025-03-25,00:00:00,245.61,249.86,236.0,238.16,11016
2025-03-26,00:00:00,240.99,245.42,228.41,229.51,8674
2025-03-27,00:00:00,228.87,234.17,222.0,226.35,16464
2025-03-28,00:00:00,231.05,231.4,222.0,223.47,19012
